timestamp,outlier_score
2018-01-01 00:00:00,0.0
2018-01-01 01:00:00,0.0
2018-01-01 02:00:00,0.0
2018-01-01 03:00:00,0.0
2018-01-01 04:00:00,0.0
2018-01-01 05:00:00,0.0
2018-01-01 06:00:00,0.0
2018-01-01 07:00:00,0.0
2018-01-01 08:00:00,0.0
2018-01-01 09:00:00,0.0
2018-01-01 10:00:00,0.0
2018-01-01 11:00:00,0.0
2018-01-01 12:00:00,0.0
2018-01-01 13:00:00,0.0
2018-01-01 14:00:00,0.0
2018-01-01 15:00:00,0.0
2018-01-01 16:00:00,0.0
2018-01-01 17:00:00,0.0
2018-01-01 18:00:00,0.0
2018-01-01 19:00:00,0.0
2018-01-01 20:00:00,0.0
2018-01-01 21:00:00,0.0
2018-01-01 22:00:00,0.0
2018-01-01 23:00:00,0.0
2018-01-02 00:00:00,0.0
2018-01-02 01:00:00,0.0
2018-01-02 02:00:00,0.0
2018-01-02 03:00:00,0.0
2018-01-02 04:00:00,0.0
2018-01-02 05:00:00,0.0
2018-01-02 06:00:00,0.0
2018-01-02 07:00:00,0.0
2018-01-02 08:00:00,0.0
2018-01-02 09:00:00,0.0
2018-01-02 10:00:00,0.0
2018-01-02 11:00:00,0.0
2018-01-02 12:00:00,0.0
2018-01-02 13:00:00,0.0
2018-01-02 14:00:00,0.0
2018-01-02 15:00:00,0.0
2018-01-02 16:00:00,0.0
2018-01-02 17:00:00,0.0
2018-01-02 18:00:00,0.0
2018-01-02 19:00:00,0.0
2018-01-02 20:00:00,0.0
2018-01-02 21:00:00,0.0
2018-01-02 22:00:00,0.0
2018-01-02 23:00:00,0.0
2018-01-03 00:00:00,0.0
2018-01-03 01:00:00,0.0
2018-01-03 02:00:00,0.0
2018-01-03 03:00:00,0.0
2018-01-03 04:00:00,0.0
2018-01-03 05:00:00,0.0
2018-01-03 06:00:00,0.0
2018-01-03 07:00:00,0.0
2018-01-03 08:00:00,0.0
2018-01-03 09:00:00,0.0
2018-01-03 10:00:00,0.0
2018-01-03 11:00:00,0.0
2018-01-03 12:00:00,0.0
2018-01-03 13:00:00,0.0
2018-01-03 14:00:00,0.0
2018-01-03 15:00:00,0.0
2018-01-03 16:00:00,0.0
2018-01-03 17:00:00,0.0
2018-01-03 18:00:00,0.0
2018-01-03 19:00:00,0.0
2018-01-03 20:00:00,0.0
2018-01-03 21:00:00,0.0
2018-01-03 22:00:00,0.0
2018-01-03 23:00:00,0.0
2018-01-04 00:00:00,0.0
2018-01-04 01:00:00,0.0
2018-01-04 02:00:00,0.0
2018-01-04 03:00:00,0.0
2018-01-04 04:00:00,0.0
2018-01-04 05:00:00,0.0
2018-01-04 06:00:00,0.0
2018-01-04 07:00:00,0.0
2018-01-04 08:00:00,0.0
2018-01-04 09:00:00,0.0
2018-01-04 10:00:00,0.0
2018-01-04 11:00:00,0.0
2018-01-04 12:00:00,0.0
2018-01-04 13:00:00,0.0
2018-01-04 14:00:00,0.0
2018-01-04 15:00:00,0.0
2018-01-04 16:00:00,0.0
2018-01-04 17:00:00,0.0
2018-01-04 18:00:00,0.0
2018-01-04 19:00:00,0.0
2018-01-04 20:00:00,0.0
2018-01-04 21:00:00,0.0
2018-01-04 22:00:00,0.0
2018-01-04 23:00:00,0.0
2018-01-05 00:00:00,0.0
2018-01-05 01:00:00,0.0
2018-01-05 02:00:00,0.0
2018-01-05 03:00:00,0.0
2018-01-05 04:00:00,0.0
2018-01-05 05:00:00,0.2794700345780475
2018-01-05 06:00:00,0.3328251642030452
2018-01-05 07:00:00,0.25076304915923797
2018-01-05 08:00:00,0.2669952517215606
2018-01-05 09:00:00,0.18597515511451357
2018-01-05 10:00:00,0.16055447069099674
2018-01-05 11:00:00,0.18151734315087636
2018-01-05 12:00:00,0.22537207651459687
2018-01-05 13:00:00,0.23559476488996317
2018-01-05 14:00:00,0.10792957337777168
2018-01-05 15:00:00,0.22664189546456215
2018-01-05 16:00:00,0.2879477811412902
2018-01-05 17:00:00,0.15348246771876004
2018-01-05 18:00:00,0.1802936826629916
2018-01-05 19:00:00,0.2719389262367133
2018-01-05 20:00:00,0.1364867391200851
2018-01-05 21:00:00,0.14144177622638465
2018-01-05 22:00:00,0.18421913744119603
2018-01-05 23:00:00,0.045150031093057374
2018-01-06 00:00:00,0.05030383497281354
2018-01-06 01:00:00,0.22241569950632156
2018-01-06 02:00:00,0.1686415440327224
2018-01-06 03:00:00,0.06938723632740129
2018-01-06 04:00:00,0.1977189724340194
2018-01-06 05:00:00,0.2536092278061794
2018-01-06 06:00:00,0.1920679132628392
2018-01-06 07:00:00,0.2604073876354581
2018-01-06 08:00:00,0.2531919565113603
2018-01-06 09:00:00,0.24596488829528915
2018-01-06 10:00:00,0.23898845308939606
2018-01-06 11:00:00,0.2322890817768378
2018-01-06 12:00:00,0.15644051341546464
2018-01-06 13:00:00,0.09881576722451228
2018-01-06 14:00:00,0.0901039296560065
2018-01-06 15:00:00,0.22017981755068883
2018-01-06 16:00:00,0.062968912197957
2018-01-06 17:00:00,0.1241251192320538
2018-01-06 18:00:00,0.14532562690542372
2018-01-06 19:00:00,0.13722922727181208
2018-01-06 20:00:00,0.11713170365490755
2018-01-06 21:00:00,0.09874491412525767
2018-01-06 22:00:00,0.10504803961627908
2018-01-06 23:00:00,0.19563500039812926
2018-01-07 00:00:00,0.11223078226619039
2018-01-07 01:00:00,0.11599358758558208
2018-01-07 02:00:00,0.05707797431383575
2018-01-07 03:00:00,0.0781524644435171
2018-01-07 04:00:00,0.12083419093401494
2018-01-07 05:00:00,0.09029282301890258
2018-01-07 06:00:00,0.11976341002980517
2018-01-07 07:00:00,0.07643675877915047
2018-01-07 08:00:00,0.12600733747816187
2018-01-07 09:00:00,0.11512217062246996
2018-01-07 10:00:00,0.10426879271067727
2018-01-07 11:00:00,0.10236583358711007
2018-01-07 12:00:00,0.15873295207162746
2018-01-07 13:00:00,0.08251581828888323
2018-01-07 14:00:00,0.08155898589641429
2018-01-07 15:00:00,0.10695953522343479
2018-01-07 16:00:00,0.10190720518524553
2018-01-07 17:00:00,0.13234396124126344
2018-01-07 18:00:00,0.07145983518633711
2018-01-07 19:00:00,0.09783746615088706
2018-01-07 20:00:00,0.07966572877313799
2018-01-07 21:00:00,0.13172211940627407
2018-01-07 22:00:00,0.07054138819135572
2018-01-07 23:00:00,0.1399363112613884
2018-01-08 00:00:00,0.02055579957495152
2018-01-08 01:00:00,0.07506696577213573
2018-01-08 02:00:00,0.01571157802627412
2018-01-08 03:00:00,0.12883952681881428
2018-01-08 04:00:00,0.08556966635216402
2018-01-08 05:00:00,0.12931234453501111
2018-01-08 06:00:00,0.09079247175688986
2018-01-08 07:00:00,0.08319156814218549
2018-01-08 08:00:00,0.08072701716014831
2018-01-08 09:00:00,0.08701102035073537
2018-01-08 10:00:00,0.03468711719663496
2018-01-08 11:00:00,0.11998965296155152
2018-01-08 12:00:00,0.06060992778295924
2018-01-08 13:00:00,0.08901417232753109
2018-01-08 14:00:00,0.15956175744431667
2018-01-08 15:00:00,0.08134156407714589
2018-01-08 16:00:00,0.06507018518617054
2018-01-08 17:00:00,0.16467585910347632
2018-01-08 18:00:00,0.1613128266066258
2018-01-08 19:00:00,0.10359121006686087
2018-01-08 20:00:00,0.13648962376850177
2018-01-08 21:00:00,0.21363310746997802
2018-01-08 22:00:00,0.09187469089454682
2018-01-08 23:00:00,0.16591103239712404
2018-01-09 00:00:00,0.08429443394297398
2018-01-09 01:00:00,0.08987121899935521
2018-01-09 02:00:00,0.1052023610468764
2018-01-09 03:00:00,0.06878652291091951
2018-01-09 04:00:00,0.0687878479865117
2018-01-09 05:00:00,0.016299832507006805
2018-01-09 06:00:00,0.0806635582392323
2018-01-09 07:00:00,0.08063968994797695
2018-01-09 08:00:00,0.1111551418880611
2018-01-09 09:00:00,0.13179708991340286
2018-01-09 10:00:00,0.13132967870044257
2018-01-09 11:00:00,0.06759713956633184
2018-01-09 12:00:00,0.10830972058780788
2018-01-09 13:00:00,0.08133822081196045
2018-01-09 14:00:00,0.060192172059579434
2018-01-09 15:00:00,0.10218564267075199
2018-01-09 16:00:00,0.036767821221483254
2018-01-09 17:00:00,0.06124044592750329
2018-01-09 18:00:00,0.09331527819617595
2018-01-09 19:00:00,0.040494041694487816
2018-01-09 20:00:00,0.07276852367201385
2018-01-09 21:00:00,0.018468482279851987
2018-01-09 22:00:00,0.08533429737234266
2018-01-09 23:00:00,0.10866906083336794
2018-01-10 00:00:00,0.0661302828279507
2018-01-10 01:00:00,0.07721534977788237
2018-01-10 02:00:00,0.08306836736900611
2018-01-10 03:00:00,0.1005307618311103
2018-01-10 04:00:00,0.05721416520971345
2018-01-10 05:00:00,0.07852896744566842
2018-01-10 06:00:00,0.08502733213214869
2018-01-10 07:00:00,0.08761836985223014
2018-01-10 08:00:00,0.1904109147475646
2018-01-10 09:00:00,0.034472520917532064
2018-01-10 10:00:00,0.023193093536763514
2018-01-10 11:00:00,0.058328110124176
2018-01-10 12:00:00,0.17014511788663897
2018-01-10 13:00:00,0.2194217428110643
2018-01-10 14:00:00,0.1052468579260804
2018-01-10 15:00:00,0.2136918682750361
2018-01-10 16:00:00,0.04975239114824399
2018-01-10 17:00:00,0.084732437867718
2018-01-10 18:00:00,0.12303467648156527
2018-01-10 19:00:00,0.09895011385331572
2018-01-10 20:00:00,0.13038337300463432
2018-01-10 21:00:00,0.14911689388128427
2018-01-10 22:00:00,0.059147694628115206
2018-01-10 23:00:00,0.044162959598710035
2018-01-11 00:00:00,0.06045860496733883
2018-01-11 01:00:00,0.1436302818411411
2018-01-11 02:00:00,0.04316664181511188
2018-01-11 03:00:00,0.09020108032967646
2018-01-11 04:00:00,0.08997437777923241
2018-01-11 05:00:00,0.12126467333993675
2018-01-11 06:00:00,0.12023890712642404
2018-01-11 07:00:00,0.11900359639278285
2018-01-11 08:00:00,0.11772973668282585
2018-01-11 09:00:00,0.1164445308575475
2018-01-11 10:00:00,0.21666820102356324
2018-01-11 11:00:00,0.1586110451651129
2018-01-11 12:00:00,0.07649432125581729
2018-01-11 13:00:00,0.11055892303983805
2018-01-11 14:00:00,0.10218175799517379
2018-01-11 15:00:00,0.03332813859019029
2018-01-11 16:00:00,0.0971731520180656
2018-01-11 17:00:00,0.07820233482949
2018-01-11 18:00:00,0.113252481559578
2018-01-11 19:00:00,0.0819518500842374
2018-01-11 20:00:00,0.03931669418765667
2018-01-11 21:00:00,0.07614927077459144
2018-01-11 22:00:00,0.09630970486874503
2018-01-11 23:00:00,0.14075497252916566
2018-01-12 00:00:00,0.08142806079104635
2018-01-12 01:00:00,0.10786366437918851
2018-01-12 02:00:00,0.04432810125632474
2018-01-12 03:00:00,0.10095706675073512
2018-01-12 04:00:00,0.04916519423883598
2018-01-12 05:00:00,0.0549898456346517
2018-01-12 06:00:00,0.07561593331807592
2018-01-12 07:00:00,0.06764730936669697
2018-01-12 08:00:00,0.08164263927559207
2018-01-12 09:00:00,0.03825309101869099
2018-01-12 10:00:00,0.20634851492605147
2018-01-12 11:00:00,0.025997151327859853
2018-01-12 12:00:00,0.06453631047776552
2018-01-12 13:00:00,0.08129447439088511
2018-01-12 14:00:00,0.11861105305556625
2018-01-12 15:00:00,0.11319280551645597
2018-01-12 16:00:00,0.037650438006995086
2018-01-12 17:00:00,0.10874735995522405
2018-01-12 18:00:00,0.16637749240501393
2018-01-12 19:00:00,0.07711100804707649
2018-01-12 20:00:00,0.17110149993167084
2018-01-12 21:00:00,0.07643727909444131
2018-01-12 22:00:00,0.03623055202457413
2018-01-12 23:00:00,0.08743176905168168
2018-01-13 00:00:00,0.06546603261309991
2018-01-13 01:00:00,0.09564292258222584
2018-01-13 02:00:00,0.12331609838332719
2018-01-13 03:00:00,0.0851244429883617
2018-01-13 04:00:00,0.03706854117159806
2018-01-13 05:00:00,0.0850649874567354
2018-01-13 06:00:00,0.07759894752185618
2018-01-13 07:00:00,0.06376172937272219
2018-01-13 08:00:00,0.04019780239161051
2018-01-13 09:00:00,0.04681622063997883
2018-01-13 10:00:00,0.08115391166853266
2018-01-13 11:00:00,0.09019191022123549
2018-01-13 12:00:00,0.08071099446257084
2018-01-13 13:00:00,0.22802823316807783
2018-01-13 14:00:00,0.10259650582181876
2018-01-13 15:00:00,0.14202198906622188
2018-01-13 16:00:00,0.13926143919890943
2018-01-13 17:00:00,0.10165534279209922
2018-01-13 18:00:00,0.06737976551371896
2018-01-13 19:00:00,0.061089258555345076
2018-01-13 20:00:00,0.08472520700125977
2018-01-13 21:00:00,0.0448721402172556
2018-01-13 22:00:00,0.07280995486631957
2018-01-13 23:00:00,0.05326700264658549
2018-01-14 00:00:00,0.05337053811875973
2018-01-14 01:00:00,0.0713748960948565
2018-01-14 02:00:00,0.059496366177128814
2018-01-14 03:00:00,0.06139648275833387
2018-01-14 04:00:00,0.030117788129349295
2018-01-14 05:00:00,0.029195557042133762
2018-01-14 06:00:00,0.06865250824757733
2018-01-14 07:00:00,0.09861079256720043
2018-01-14 08:00:00,0.08312345649350944
2018-01-14 09:00:00,0.08757518425843848
2018-01-14 10:00:00,0.08102590499950349
2018-01-14 11:00:00,0.09619917763384803
2018-01-14 12:00:00,0.06792163841871444
2018-01-14 13:00:00,0.246155701788595
2018-01-14 14:00:00,0.06920425284973945
2018-01-14 15:00:00,0.04072130820740247
2018-01-14 16:00:00,0.039368268480754816
2018-01-14 17:00:00,0.08750291480364528
2018-01-14 18:00:00,0.0953239949956673
2018-01-14 19:00:00,0.12510721885374942
2018-01-14 20:00:00,0.12693639501610823
2018-01-14 21:00:00,0.13834611355406126
2018-01-14 22:00:00,0.07507772775792368
2018-01-14 23:00:00,0.09193074868966598
2018-01-15 00:00:00,0.08223747630905621
2018-01-15 01:00:00,0.06496769620569953
2018-01-15 02:00:00,0.10162017476497358
2018-01-15 03:00:00,0.06005714929555317
2018-01-15 04:00:00,0.07301186631579616
2018-01-15 05:00:00,0.06723235043777342
2018-01-15 06:00:00,0.19859186696658393
2018-01-15 07:00:00,0.04679013420183704
2018-01-15 08:00:00,0.019231500440180824
2018-01-15 09:00:00,0.045632871903228026
2018-01-15 10:00:00,0.08437845520891145
2018-01-15 11:00:00,0.0827264495964348
2018-01-15 12:00:00,0.08205134227465298
2018-01-15 13:00:00,0.02089118338158323
2018-01-15 14:00:00,0.06241878432215043
2018-01-15 15:00:00,0.057941888707414
2018-01-15 16:00:00,0.10050007737376265
2018-01-15 17:00:00,0.06200724711270703
2018-01-15 18:00:00,0.09413888633615697
2018-01-15 19:00:00,0.024943237875114974
2018-01-15 20:00:00,0.11018983229686626
2018-01-15 21:00:00,0.022608945954316183
2018-01-15 22:00:00,0.11280369052310171
2018-01-15 23:00:00,0.021210847572189658
2018-01-16 00:00:00,0.12616083823121307
2018-01-16 01:00:00,0.07781460692306622
2018-01-16 02:00:00,0.1093271474565131
2018-01-16 03:00:00,0.14238805375404187
2018-01-16 04:00:00,0.1392542421632781
2018-01-16 05:00:00,0.13624332848280638
2018-01-16 06:00:00,0.13334524141068707
2018-01-16 07:00:00,0.13055381864243865
2018-01-16 08:00:00,0.07626922624363353
2018-01-16 09:00:00,0.03803412928549447
2018-01-16 10:00:00,0.09359835104311984
2018-01-16 11:00:00,0.1298734845005566
2018-01-16 12:00:00,0.06894539253321033
2018-01-16 13:00:00,0.11321648034172897
2018-01-16 14:00:00,0.10486686161936198
2018-01-16 15:00:00,0.04310405828654999
2018-01-16 16:00:00,0.069793572937685
2018-01-16 17:00:00,0.05535100415216438
2018-01-16 18:00:00,0.20814093879166745
2018-01-16 19:00:00,0.048205640827185633
2018-01-16 20:00:00,0.05182768037700253
2018-01-16 21:00:00,0.0965049575144347
2018-01-16 22:00:00,0.07405352215323974
2018-01-16 23:00:00,0.050694982078456324
2018-01-17 00:00:00,0.08948478636701164
2018-01-17 01:00:00,0.08076196539660849
2018-01-17 02:00:00,0.03381281577985385
2018-01-17 03:00:00,0.033342379110600284
2018-01-17 04:00:00,0.04370778406042245
2018-01-17 05:00:00,0.05424331490501161
2018-01-17 06:00:00,0.050608778726717346
2018-01-17 07:00:00,0.06906627147682251
2018-01-17 08:00:00,0.042216530140596634
2018-01-17 09:00:00,0.05135173476281392
2018-01-17 10:00:00,0.04623512764179835
2018-01-17 11:00:00,0.10480777133551507
2018-01-17 12:00:00,0.10519391084469959
2018-01-17 13:00:00,0.07047895999158171
2018-01-17 14:00:00,0.07662384242493546
2018-01-17 15:00:00,0.08913050607902588
2018-01-17 16:00:00,0.08943449545074443
2018-01-17 17:00:00,0.09866588478761293
2018-01-17 18:00:00,0.2801124696838282
2018-01-17 19:00:00,0.06269351723468301
2018-01-17 20:00:00,0.1428881139685853
2018-01-17 21:00:00,0.0323019396989959
2018-01-17 22:00:00,0.0989553813923897
2018-01-17 23:00:00,0.03564686225752895
2018-01-18 00:00:00,0.06751242077698577
2018-01-18 01:00:00,0.0793469888914947
2018-01-18 02:00:00,0.07988783015844322
2018-01-18 03:00:00,0.06907360376892012
2018-01-18 04:00:00,0.19672114287010356
2018-01-18 05:00:00,0.0674131700330885
2018-01-18 06:00:00,0.08715468270932834
2018-01-18 07:00:00,0.035141981882731065
2018-01-18 08:00:00,0.090271500280584
2018-01-18 09:00:00,0.030279876281757837
2018-01-18 10:00:00,0.03303704893158807
2018-01-18 11:00:00,0.07881896522374177
2018-01-18 12:00:00,0.05875043772729788
2018-01-18 13:00:00,0.14279646737376073
2018-01-18 14:00:00,0.13965280443993147
2018-01-18 15:00:00,0.022386977528973076
2018-01-18 16:00:00,0.06691932758842015
2018-01-18 17:00:00,0.06979116939008434
2018-01-18 18:00:00,0.01046000280442816
2018-01-18 19:00:00,0.0812096275893623
2018-01-18 20:00:00,0.036606771005735006
2018-01-18 21:00:00,0.09488517365907174
2018-01-18 22:00:00,0.06354238519686657
2018-01-18 23:00:00,0.09072936408458017
2018-01-19 00:00:00,0.08053233671977551
2018-01-19 01:00:00,0.03328151222585375
2018-01-19 02:00:00,0.06571859437970501
2018-01-19 03:00:00,0.06277392008862749
2018-01-19 04:00:00,0.10404683700415654
2018-01-19 05:00:00,0.06105371590240318
2018-01-19 06:00:00,0.08358097575785547
2018-01-19 07:00:00,0.07350759301376371
2018-01-19 08:00:00,0.06958309358219299
2018-01-19 09:00:00,0.092795539258396
2018-01-19 10:00:00,0.05389090564575775
2018-01-19 11:00:00,0.04800024053706053
2018-01-19 12:00:00,0.10155350020846093
2018-01-19 13:00:00,0.006670328632945685
2018-01-19 14:00:00,0.08641394044071872
2018-01-19 15:00:00,0.1156425051206154
2018-01-19 16:00:00,0.08320672315271019
2018-01-19 17:00:00,0.10899534262275853
2018-01-19 18:00:00,0.062407372458125956
2018-01-19 19:00:00,0.052501851426769254
2018-01-19 20:00:00,0.054713662414459074
2018-01-19 21:00:00,0.07799546096245838
2018-01-19 22:00:00,0.037996946203505855
2018-01-19 23:00:00,0.029692548985157465
2018-01-20 00:00:00,0.04602951387602466
2018-01-20 01:00:00,0.07700227193468515
2018-01-20 02:00:00,0.06089146113775688
2018-01-20 03:00:00,0.05366380841587834
2018-01-20 04:00:00,0.05336804816457036
2018-01-20 05:00:00,0.08723899617441527
2018-01-20 06:00:00,0.004168421106012441
2018-01-20 07:00:00,0.08165584258041068
2018-01-20 08:00:00,0.03301677855257254
2018-01-20 09:00:00,0.04216867803364087
2018-01-20 10:00:00,0.058678649959392544
2018-01-20 11:00:00,0.06112367421305831
2018-01-20 12:00:00,0.16922615083047635
2018-01-20 13:00:00,0.14103112931616257
2018-01-20 14:00:00,0.10103846376660179
2018-01-20 15:00:00,0.04977146154665972
2018-01-20 16:00:00,0.09283498182680126
2018-01-20 17:00:00,0.09779973606971791
2018-01-20 18:00:00,0.0521818413158306
2018-01-20 19:00:00,0.027462095817706512
2018-01-20 20:00:00,0.09929159584156678
2018-01-20 21:00:00,0.04039066641590625
2018-01-20 22:00:00,0.0483849396826934
2018-01-20 23:00:00,0.044020395028894835
2018-01-21 00:00:00,0.05208581435171722
2018-01-21 01:00:00,0.126562600978971
2018-01-21 02:00:00,0.12396031930220552
2018-01-21 03:00:00,0.12162643071743028
2018-01-21 04:00:00,0.11940040146428206
2018-01-21 05:00:00,0.11725523145864664
2018-01-21 06:00:00,0.05208111343170667
2018-01-21 07:00:00,0.043169680034117947
2018-01-21 08:00:00,0.016688086452094124
2018-01-21 09:00:00,0.10928720145739786
2018-01-21 10:00:00,0.060484495213728146
2018-01-21 11:00:00,0.043576586604225434
2018-01-21 12:00:00,0.023755146678035497
2018-01-21 13:00:00,0.07368660560089843
2018-01-21 14:00:00,0.07124678664790494
2018-01-21 15:00:00,0.04400567716415503
2018-01-21 16:00:00,0.05421335747234161
2018-01-21 17:00:00,0.06652149618692361
2018-01-21 18:00:00,0.07263147947442758
2018-01-21 19:00:00,0.05796395640493295
2018-01-21 20:00:00,0.020839676601437734
2018-01-21 21:00:00,0.0795176215023826
2018-01-21 22:00:00,0.034487560052899754
2018-01-21 23:00:00,0.05437598529162438
2018-01-22 00:00:00,0.05210306737780488
2018-01-22 01:00:00,0.06307293828094801
2018-01-22 02:00:00,0.0633210041717818
2018-01-22 03:00:00,0.04705577900441073
2018-01-22 04:00:00,0.05154993190120148
2018-01-22 05:00:00,0.052987960102549095
2018-01-22 06:00:00,0.06471998458547765
2018-01-22 07:00:00,0.06394562452802761
2018-01-22 08:00:00,0.19557912379383197
2018-01-22 09:00:00,0.13466736035278581
2018-01-22 10:00:00,0.05467704922613995
2018-01-22 11:00:00,0.03871997664789661
2018-01-22 12:00:00,0.08106926363898939
2018-01-22 13:00:00,0.07560207417838223
2018-01-22 14:00:00,0.06459355386317342
2018-01-22 15:00:00,0.013338953345057938
2018-01-22 16:00:00,0.09366713801028125
2018-01-22 17:00:00,0.04729567534521634
2018-01-22 18:00:00,0.09104142792958907
2018-01-22 19:00:00,0.03229096702534258
2018-01-22 20:00:00,0.03105209835849507
2018-01-22 21:00:00,0.03477070008618011
2018-01-22 22:00:00,0.05004436217595169
2018-01-22 23:00:00,0.06608440884733487
2018-01-23 00:00:00,0.04044496847530052
2018-01-23 01:00:00,0.041722144359047864
2018-01-23 02:00:00,0.03190469603184649
2018-01-23 03:00:00,0.060108994508711024
2018-01-23 04:00:00,0.04821600412027367
2018-01-23 05:00:00,0.07781417489539875
2018-01-23 06:00:00,0.046672753639958896
2018-01-23 07:00:00,0.025250906182505875
2018-01-23 08:00:00,0.035168146423537223
2018-01-23 09:00:00,0.06654531700276235
2018-01-23 10:00:00,0.05919867817385513
2018-01-23 11:00:00,0.09499976940292577
2018-01-23 12:00:00,0.09363971222927384
2018-01-23 13:00:00,0.024076657288873565
2018-01-23 14:00:00,0.057947813462920744
2018-01-23 15:00:00,0.023134508332889755
2018-01-23 16:00:00,0.04062759483785813
2018-01-23 17:00:00,0.020240379479547797
2018-01-23 18:00:00,0.03251108127097177
2018-01-23 19:00:00,0.06035084690798424
2018-01-23 20:00:00,0.06960403652772075
2018-01-23 21:00:00,0.05553454434648527
2018-01-23 22:00:00,0.056468815516068804
2018-01-23 23:00:00,0.02303263338610854
2018-01-24 00:00:00,0.01099829732826754
2018-01-24 01:00:00,0.05422395837308366
2018-01-24 02:00:00,0.06017103078358725
2018-01-24 03:00:00,0.06759512106162543
2018-01-24 04:00:00,0.061956777558023264
2018-01-24 05:00:00,0.06900977601018671
2018-01-24 06:00:00,0.04466731564289001
2018-01-24 07:00:00,0.06857191467021513
2018-01-24 08:00:00,0.05002369991336988
2018-01-24 09:00:00,0.023795737145899543
2018-01-24 10:00:00,0.027186920124845835
2018-01-24 11:00:00,0.03254415507064334
2018-01-24 12:00:00,0.06996359606721174
2018-01-24 13:00:00,0.018862201795222463
2018-01-24 14:00:00,0.04919178411227972
2018-01-24 15:00:00,0.050634324416421336
2018-01-24 16:00:00,0.07132490764936061
2018-01-24 17:00:00,0.041919394201987335
2018-01-24 18:00:00,0.059902260078492794
2018-01-24 19:00:00,0.07326641249277525
2018-01-24 20:00:00,0.02229935426350788
2018-01-24 21:00:00,0.04184881452785338
2018-01-24 22:00:00,0.038685675362822636
2018-01-24 23:00:00,0.06333435528539028
2018-01-25 00:00:00,0.00889649671365863
2018-01-25 01:00:00,0.04770810974295697
2018-01-25 02:00:00,0.06275632721755833
2018-01-25 03:00:00,0.020791009324003854
2018-01-25 04:00:00,0.0678352525384906
2018-01-25 05:00:00,0.06802540350361269
2018-01-25 06:00:00,0.05837188287992996
2018-01-25 07:00:00,0.058864052853349634
2018-01-25 08:00:00,0.06237644909681985
2018-01-25 09:00:00,0.05646650651401154
2018-01-25 10:00:00,0.08214879248153885
2018-01-25 11:00:00,0.11315830325912306
2018-01-25 12:00:00,0.22107856368049814
2018-01-25 13:00:00,0.06405945181790496
2018-01-25 14:00:00,0.033579240246511544
2018-01-25 15:00:00,0.036830656872352166
2018-01-25 16:00:00,0.07999881145095736
2018-01-25 17:00:00,0.06328827569535198
2018-01-25 18:00:00,0.024724998042102063
2018-01-25 19:00:00,0.04936168428706098
2018-01-25 20:00:00,0.04370949826557133
2018-01-25 21:00:00,0.034691244240372496
2018-01-25 22:00:00,0.05502837433900673
2018-01-25 23:00:00,0.07159759495779354
2018-01-26 00:00:00,0.0710135819413951
2018-01-26 01:00:00,0.07059702735386568
2018-01-26 02:00:00,0.07020526574449115
2018-01-26 03:00:00,0.06981720341964454
2018-01-26 04:00:00,0.05601529145818924
2018-01-26 05:00:00,0.05866032689955697
2018-01-26 06:00:00,0.046643162267987
2018-01-26 07:00:00,0.0654698676639148
2018-01-26 08:00:00,0.04919805455139655
2018-01-26 09:00:00,0.03931848094557153
2018-01-26 10:00:00,0.07376355408187356
2018-01-26 11:00:00,0.0344528450438246
2018-01-26 12:00:00,0.050014246866620996
2018-01-26 13:00:00,0.04314784414566366
2018-01-26 14:00:00,0.02671626567422625
2018-01-26 15:00:00,0.028403819640013702
2018-01-26 16:00:00,0.01939294116169365
2018-01-26 17:00:00,0.04189836116587112
2018-01-26 18:00:00,0.025512214143188796
2018-01-26 19:00:00,0.03816899472002397
2018-01-26 20:00:00,0.035938658402473865
2018-01-26 21:00:00,0.04570578562271188
2018-01-26 22:00:00,0.02812188135407415
2018-01-26 23:00:00,0.016227790724741852
2018-01-27 00:00:00,0.029481714095218468
2018-01-27 01:00:00,0.053679634647283266
2018-01-27 02:00:00,0.03324665619408853
2018-01-27 03:00:00,0.04309675426092568
2018-01-27 04:00:00,0.03319968718051379
2018-01-27 05:00:00,0.034289580596566956
2018-01-27 06:00:00,0.04204665754953323
2018-01-27 07:00:00,0.05494707110161933
2018-01-27 08:00:00,0.05039795269471427
2018-01-27 09:00:00,0.05262927515264731
2018-01-27 10:00:00,0.0574123313086859
2018-01-27 11:00:00,0.042312710870248155
2018-01-27 12:00:00,0.06725904198429505
2018-01-27 13:00:00,0.039871320806208324
2018-01-27 14:00:00,0.03639562669355631
2018-01-27 15:00:00,0.02447340349583756
2018-01-27 16:00:00,0.047560034135669
2018-01-27 17:00:00,0.03859415934547231
2018-01-27 18:00:00,0.017137905876894944
2018-01-27 19:00:00,0.058416956784856776
2018-01-27 20:00:00,0.033014767474956325
2018-01-27 21:00:00,0.035530664615515135
2018-01-27 22:00:00,0.04790493904852059
2018-01-27 23:00:00,0.030733676206069625
2018-01-28 00:00:00,0.041808403329224184
2018-01-28 01:00:00,0.039479892760973884
2018-01-28 02:00:00,0.053672134727388646
2018-01-28 03:00:00,0.035645851361354744
2018-01-28 04:00:00,0.04521235318502129
2018-01-28 05:00:00,0.04073374179465392
2018-01-28 06:00:00,0.05106766309281493
2018-01-28 07:00:00,0.044865039668225956
2018-01-28 08:00:00,0.029488257734961446
2018-01-28 09:00:00,0.026859174502126233
2018-01-28 10:00:00,0.026885773355496863
2018-01-28 11:00:00,0.03372303186593597
2018-01-28 12:00:00,0.046251749381523884
2018-01-28 13:00:00,0.054666600306083946
2018-01-28 14:00:00,0.043072221246643366
2018-01-28 15:00:00,0.04543255304846372
2018-01-28 16:00:00,0.04497221752812356
2018-01-28 17:00:00,0.035204858339651805
2018-01-28 18:00:00,0.05844412565417712
2018-01-28 19:00:00,0.03694156002211271
2018-01-28 20:00:00,0.04219984807455936
2018-01-28 21:00:00,0.04556795708106898
2018-01-28 22:00:00,0.025427285748831685
2018-01-28 23:00:00,0.035987072059563745
2018-01-29 00:00:00,0.037347617493411464
2018-01-29 01:00:00,0.00936520608625279
2018-01-29 02:00:00,0.055334341344764934
2018-01-29 03:00:00,0.032542003196213455
2018-01-29 04:00:00,0.02518262010778766
2018-01-29 05:00:00,0.048162709930052595
2018-01-29 06:00:00,0.0483959915249009
2018-01-29 07:00:00,0.039278085459530904
2018-01-29 08:00:00,0.02743177443962588
2018-01-29 09:00:00,0.02382941204891875
2018-01-29 10:00:00,0.04175724891246745
2018-01-29 11:00:00,0.035201176476465104
2018-01-29 12:00:00,0.040551185846025704
2018-01-29 13:00:00,0.018604576097327814
2018-01-29 14:00:00,0.032345818316479764
2018-01-29 15:00:00,0.0431369671135041
2018-01-29 16:00:00,0.03846773995355406
2018-01-29 17:00:00,0.014636985924470236
2018-01-29 18:00:00,0.030802782483220572
2018-01-29 19:00:00,0.0488944920520043
2018-01-29 20:00:00,0.038556705711271774
2018-01-29 21:00:00,0.04643736319801387
2018-01-29 22:00:00,0.026438449433447756
2018-01-29 23:00:00,0.03378359896083334
2018-01-30 00:00:00,0.03926976681187647
2018-01-30 01:00:00,0.033486033967156735
2018-01-30 02:00:00,0.03104272846364999
2018-01-30 03:00:00,0.0338091461108956
2018-01-30 04:00:00,0.013919201819269018
2018-01-30 05:00:00,0.04268005922250403
2018-01-30 06:00:00,0.025978673103725196
2018-01-30 07:00:00,0.025016362479885132
2018-01-30 08:00:00,0.046735945229316525
2018-01-30 09:00:00,0.033592064260260374
2018-01-30 10:00:00,0.022396507474775597
2018-01-30 11:00:00,0.020389020968812732
2018-01-30 12:00:00,0.035679874330956374
2018-01-30 13:00:00,0.042169666402101735
2018-01-30 14:00:00,0.021903146930649407
2018-01-30 15:00:00,0.04585831766600171
2018-01-30 16:00:00,0.039205211040907885
2018-01-30 17:00:00,0.04345539825159077
2018-01-30 18:00:00,0.05052491670717346
2018-01-30 19:00:00,0.036585183930187615
2018-01-30 20:00:00,0.05432751246087439
2018-01-30 21:00:00,0.035393527564853165
2018-01-30 22:00:00,0.03448984673251064
2018-01-30 23:00:00,0.03354189093942802
2018-01-31 00:00:00,0.03265684847162233
2018-01-31 01:00:00,0.03184776011275155
2018-01-31 02:00:00,0.03398521732693839
2018-01-31 03:00:00,0.01657849291491873
2018-01-31 04:00:00,0.043932431651318195
2018-01-31 05:00:00,0.03641499693540178
2018-01-31 06:00:00,0.03994668262358568
2018-01-31 07:00:00,0.044009501566542854
2018-01-31 08:00:00,0.024762654129355726
2018-01-31 09:00:00,0.04224304202120955
2018-01-31 10:00:00,0.025581497491842575
2018-01-31 11:00:00,0.04538501858752143
2018-01-31 12:00:00,0.039020618264845125
2018-01-31 13:00:00,0.04158355848041751
2018-01-31 14:00:00,0.042623858003678135
2018-01-31 15:00:00,0.045666315703983586
2018-01-31 16:00:00,0.03072587111461103
2018-01-31 17:00:00,0.032333121064537215
2018-01-31 18:00:00,0.02903839449494434
2018-01-31 19:00:00,0.049430729811013895
2018-01-31 20:00:00,0.03315343400372784
2018-01-31 21:00:00,0.011604581282996233
2018-01-31 22:00:00,0.024236977370477517
2018-01-31 23:00:00,0.03761100985305899
2018-02-01 00:00:00,0.03306889573968098
2018-02-01 01:00:00,0.028252753784486696
2018-02-01 02:00:00,0.029719433672152143
2018-02-01 03:00:00,0.027828648914249205
2018-02-01 04:00:00,0.040237691284940987
2018-02-01 05:00:00,0.02111815384273222
2018-02-01 06:00:00,0.040977234937534024
2018-02-01 07:00:00,0.029668291702506306
2018-02-01 08:00:00,0.029983543107486906
2018-02-01 09:00:00,0.03596925951763722
2018-02-01 10:00:00,0.03581355729345338
2018-02-01 11:00:00,0.036220632018096145
2018-02-01 12:00:00,0.03725994628605525
2018-02-01 13:00:00,0.04196558083450764
2018-02-01 14:00:00,0.037284052658386635
2018-02-01 15:00:00,0.020955374340166952
2018-02-01 16:00:00,0.026306892279650596
2018-02-01 17:00:00,0.03747274717836
2018-02-01 18:00:00,0.036545204505060845
2018-02-01 19:00:00,0.029221601586882123
2018-02-01 20:00:00,0.02552296419967894
2018-02-01 21:00:00,0.03626446804303784
2018-02-01 22:00:00,0.025850731647497703
2018-02-01 23:00:00,0.027896093329151075
2018-02-02 00:00:00,0.035959038613465166
2018-02-02 01:00:00,0.027663207266161283
2018-02-02 02:00:00,0.03783900790373408
2018-02-02 03:00:00,0.026492355283506065
2018-02-02 04:00:00,0.012622649779659892
2018-02-02 05:00:00,0.015414436794598228
2018-02-02 06:00:00,0.0339547842871894
2018-02-02 07:00:00,0.04045700296315104
2018-02-02 08:00:00,0.038926730794813964
2018-02-02 09:00:00,0.03565146212901763
2018-02-02 10:00:00,0.030813471113066364
2018-02-02 11:00:00,0.022776923004581978
2018-02-02 12:00:00,0.031318009918329615
2018-02-02 13:00:00,0.009057247503990685
2018-02-02 14:00:00,0.033288389008034165
2018-02-02 15:00:00,0.02960127505376102
2018-02-02 16:00:00,0.02821070753054627
2018-02-02 17:00:00,0.019141595161925793
2018-02-02 18:00:00,0.02124298031047172
2018-02-02 19:00:00,0.032389223875405486
2018-02-02 20:00:00,0.02120991801352028
2018-02-02 21:00:00,0.031417007301556846
2018-02-02 22:00:00,0.015768502774139957
2018-02-02 23:00:00,0.018487625209891164
2018-02-03 00:00:00,0.021784951275370765
2018-02-03 01:00:00,0.027372698011344062
2018-02-03 02:00:00,0.03076905878256348
2018-02-03 03:00:00,0.02997701447917997
2018-02-03 04:00:00,0.022844539409860913
2018-02-03 05:00:00,0.02480920206981736
2018-02-03 06:00:00,0.021010651072721574
2018-02-03 07:00:00,0.025918543488994767
2018-02-03 08:00:00,0.022506319946470517
2018-02-03 09:00:00,0.02488481488557232
2018-02-03 10:00:00,0.023882554592010722
2018-02-03 11:00:00,0.01950322857984098
2018-02-03 12:00:00,0.03190676801651575
2018-02-03 13:00:00,0.029606448179403277
2018-02-03 14:00:00,0.022008606594064107
2018-02-03 15:00:00,0.019458283197055795
2018-02-03 16:00:00,0.020379081820841163
2018-02-03 17:00:00,0.03154223337397551
2018-02-03 18:00:00,0.023247236893084524
2018-02-03 19:00:00,0.01610934662531182
2018-02-03 20:00:00,0.020325045207887103
2018-02-03 21:00:00,0.0317052385657034
2018-02-03 22:00:00,0.02255547819983938
2018-02-03 23:00:00,0.0221176850973568
2018-02-04 00:00:00,0.01263687538209209
2018-02-04 01:00:00,0.02218918104665847
2018-02-04 02:00:00,0.016145790329056515
2018-02-04 03:00:00,0.022874916692739743
2018-02-04 04:00:00,0.022076296547311074
2018-02-04 05:00:00,0.022844139110889856
2018-02-04 06:00:00,0.013955607518471929
2018-02-04 07:00:00,0.023000740391552515
2018-02-04 08:00:00,0.020941660059392627
2018-02-04 09:00:00,0.01759524768998033
2018-02-04 10:00:00,0.14265997664393773
2018-02-04 11:00:00,0.019678836593116707
2018-02-04 12:00:00,0.020414507492567124
2018-02-04 13:00:00,0.01017911766654354
2018-02-04 14:00:00,0.03864030833865228
2018-02-04 15:00:00,0.01961861133716844
2018-02-04 16:00:00,0.014877809763758803
2018-02-04 17:00:00,0.03141336279151026
2018-02-04 18:00:00,0.02571335626345836
2018-02-04 19:00:00,0.03518690830265075
2018-02-04 20:00:00,0.03409026736384686
2018-02-04 21:00:00,0.032849081952222955
2018-02-04 22:00:00,0.03161540141805826
2018-02-04 23:00:00,0.030412673806207834
2018-02-05 00:00:00,0.011522493950060766
2018-02-05 01:00:00,0.018590466938761856
2018-02-05 02:00:00,0.031197031281665642
2018-02-05 03:00:00,0.04024713381957358
2018-02-05 04:00:00,0.019728253241081947
2018-02-05 05:00:00,0.0039378744369014335
2018-02-05 06:00:00,0.09114685332958605
2018-02-05 07:00:00,0.03617171139006633
2018-02-05 08:00:00,0.01398000531834114
2018-02-05 09:00:00,0.007832178584245774
2018-02-05 10:00:00,0.014409343172360124
2018-02-05 11:00:00,0.01625669633140187
2018-02-05 12:00:00,0.005166895959595267
2018-02-05 13:00:00,0.018454429054680775
2018-02-05 14:00:00,0.05582070947608004
2018-02-05 15:00:00,0.01982288479259241
2018-02-05 16:00:00,0.020659649646994026
2018-02-05 17:00:00,0.02031304935574777
2018-02-05 18:00:00,0.032117056731500546
2018-02-05 19:00:00,0.027131636377987184
2018-02-05 20:00:00,0.023243423185289103
2018-02-05 21:00:00,0.009762711053768244
2018-02-05 22:00:00,0.01505585851309425
2018-02-05 23:00:00,0.030687322409172792
2018-02-06 00:00:00,0.022939915080942105
2018-02-06 01:00:00,0.008346117258765494
2018-02-06 02:00:00,0.029654043578144162
2018-02-06 03:00:00,0.01734599174220952
2018-02-06 04:00:00,0.02136448628276182
2018-02-06 05:00:00,0.023646210833885333
2018-02-06 06:00:00,0.02330678015490171
2018-02-06 07:00:00,0.014935975762153471
2018-02-06 08:00:00,0.02714123292159944
2018-02-06 09:00:00,0.018548118527425526
2018-02-06 10:00:00,0.028631714163042457
2018-02-06 11:00:00,0.02211588381152389
2018-02-06 12:00:00,0.019492891230846344
2018-02-06 13:00:00,0.005681325893331111
2018-02-06 14:00:00,0.03383752071831299
2018-02-06 15:00:00,0.022833892762183696
2018-02-06 16:00:00,0.029542340145097153
2018-02-06 17:00:00,0.012538595645296986
2018-02-06 18:00:00,0.017536670270900057
2018-02-06 19:00:00,0.014083867374871833
2018-02-06 20:00:00,0.02265531074898661
2018-02-06 21:00:00,0.02218486671410777
2018-02-06 22:00:00,0.06017205236802875
2018-02-06 23:00:00,0.022611084981546528
2018-02-07 00:00:00,0.01887771326261362
2018-02-07 01:00:00,0.012248903879382957
2018-02-07 02:00:00,0.024594001634230166
2018-02-07 03:00:00,0.028376719081182975
2018-02-07 04:00:00,0.022526507459407062
2018-02-07 05:00:00,0.01836686745628318
2018-02-07 06:00:00,0.018190080757858607
2018-02-07 07:00:00,0.02876948480827248
2018-02-07 08:00:00,0.018876610789838082
2018-02-07 09:00:00,0.024724341421562067
2018-02-07 10:00:00,0.010936497782947339
2018-02-07 11:00:00,0.0051416939374326716
2018-02-07 12:00:00,0.018568507763647595
2018-02-07 13:00:00,0.05932849967673003
2018-02-07 14:00:00,0.01830291130454668
2018-02-07 15:00:00,0.0042252853818410055
2018-02-07 16:00:00,0.01835002053798697
2018-02-07 17:00:00,0.009528768512803697
2018-02-07 18:00:00,0.02183684160496373
2018-02-07 19:00:00,0.021826121549398066
2018-02-07 20:00:00,0.021553658295178683
2018-02-07 21:00:00,0.023964718883873685
2018-02-07 22:00:00,0.013478906325035572
2018-02-07 23:00:00,0.028042928051892013
2018-02-08 00:00:00,0.019751054918680802
2018-02-08 01:00:00,0.016773385673553173
2018-02-08 02:00:00,0.021763274816333056
2018-02-08 03:00:00,0.014263908151545348
2018-02-08 04:00:00,0.02071291419210256
2018-02-08 05:00:00,0.0243645647976178
2018-02-08 06:00:00,0.01941232114204339
2018-02-08 07:00:00,0.024244225285343493
2018-02-08 08:00:00,0.027614014797318447
2018-02-08 09:00:00,0.025515867884383488
2018-02-08 10:00:00,0.02498893642138311
2018-02-08 11:00:00,0.01877742677938861
2018-02-08 12:00:00,0.0038177385945836672
2018-02-08 13:00:00,0.01587479099092701
2018-02-08 14:00:00,0.02676676868492955
2018-02-08 15:00:00,0.025358443111042385
2018-02-08 16:00:00,0.021518166606788226
2018-02-08 17:00:00,0.04275186258440679
2018-02-08 18:00:00,0.01133085764002621
2018-02-08 19:00:00,0.019690279613328945
2018-02-08 20:00:00,0.016101094898346165
2018-02-08 21:00:00,0.005221281755523668
2018-02-08 22:00:00,0.017679118777853733
2018-02-08 23:00:00,0.01820736557441843
2018-02-09 00:00:00,0.01700899848548636
2018-02-09 01:00:00,0.02356293406191518
2018-02-09 02:00:00,0.020438201423566057
2018-02-09 03:00:00,0.028940402419760886
2018-02-09 04:00:00,0.02151931829170592
2018-02-09 05:00:00,0.030942560690451548
2018-02-09 06:00:00,0.01683439404786127
2018-02-09 07:00:00,0.0065947504185313
2018-02-09 08:00:00,0.053485784888323944
2018-02-09 09:00:00,0.008180715814377437
2018-02-09 10:00:00,0.041390526259713345
2018-02-09 11:00:00,0.013563411541791142
2018-02-09 12:00:00,0.03684061079452872
2018-02-09 13:00:00,0.0094773611887173
2018-02-09 14:00:00,0.026450599082798
2018-02-09 15:00:00,0.015189969754455027
2018-02-09 16:00:00,0.01755150781280949
2018-02-09 17:00:00,0.020587085882330037
2018-02-09 18:00:00,0.020501051839719807
2018-02-09 19:00:00,0.020561072393865565
2018-02-09 20:00:00,0.020649406284387845
2018-02-09 21:00:00,0.020747481632488355
2018-02-09 22:00:00,0.04746132787266414
2018-02-09 23:00:00,0.014011033914121505
2018-02-10 00:00:00,0.02217387480691826
2018-02-10 01:00:00,0.013958021365239694
2018-02-10 02:00:00,0.0295349422702425
2018-02-10 03:00:00,0.020725543745841034
2018-02-10 04:00:00,0.010946990532297215
2018-02-10 05:00:00,0.011339181262644561
2018-02-10 06:00:00,0.019482074456102526
2018-02-10 07:00:00,0.0040583657084060105
2018-02-10 08:00:00,0.015541627944539083
2018-02-10 09:00:00,0.012844750231294881
2018-02-10 10:00:00,0.006904768147310226
2018-02-10 11:00:00,0.015442532805773512
2018-02-10 12:00:00,0.037224526933060526
2018-02-10 13:00:00,0.01703430113395407
2018-02-10 14:00:00,0.02242427926533912
2018-02-10 15:00:00,0.022970184500011908
2018-02-10 16:00:00,0.02780226193864745
2018-02-10 17:00:00,0.022432091234583312
2018-02-10 18:00:00,0.008048973231972435
2018-02-10 19:00:00,0.0272021035457706
2018-02-10 20:00:00,0.006027501906442382
2018-02-10 21:00:00,0.023839568194267247
2018-02-10 22:00:00,0.012474538183430807
2018-02-10 23:00:00,0.016212905098564982
2018-02-11 00:00:00,0.015670230706147627
2018-02-11 01:00:00,0.03832526149339109
2018-02-11 02:00:00,0.016160288739200633
2018-02-11 03:00:00,0.014951444202928547
2018-02-11 04:00:00,0.011171490245309234
2018-02-11 05:00:00,0.015794300905416614
2018-02-11 06:00:00,0.01568398483342226
2018-02-11 07:00:00,0.009739582634015847
2018-02-11 08:00:00,0.01694482726773248
2018-02-11 09:00:00,0.01589529292601368
2018-02-11 10:00:00,0.0129820295544006
2018-02-11 11:00:00,0.020415728798406117
2018-02-11 12:00:00,0.0331270616995512
2018-02-11 13:00:00,0.013388280220445614
2018-02-11 14:00:00,0.016512497097020795
2018-02-11 15:00:00,0.01175736985075539
2018-02-11 16:00:00,0.023560631363816895
2018-02-11 17:00:00,0.014122224322097773
2018-02-11 18:00:00,0.021879882181382117
2018-02-11 19:00:00,0.019692934340783855
2018-02-11 20:00:00,0.01581526076092734
2018-02-11 21:00:00,0.021438554952721314
2018-02-11 22:00:00,0.011559867893194712
2018-02-11 23:00:00,0.016472775510110216
2018-02-12 00:00:00,0.009974406115587347
2018-02-12 01:00:00,0.021204375908160055
2018-02-12 02:00:00,0.014572560439199607
2018-02-12 03:00:00,0.033338261960070364
2018-02-12 04:00:00,0.03306569657878974
2018-02-12 05:00:00,0.0031767995028044826
2018-02-12 06:00:00,0.01752288101314988
2018-02-12 07:00:00,0.014574742749956706
2018-02-12 08:00:00,0.014413198051147266
2018-02-12 09:00:00,0.012753021793899042
2018-02-12 10:00:00,0.01574291400057602
2018-02-12 11:00:00,0.051239167657481106
2018-02-12 12:00:00,0.005377728410803911
2018-02-12 13:00:00,0.015027246472159967
2018-02-12 14:00:00,0.01684754312731304
2018-02-12 15:00:00,0.015771049366976462
2018-02-12 16:00:00,0.009732360978328419
2018-02-12 17:00:00,0.0203207468880685
2018-02-12 18:00:00,0.00821659920139041
2018-02-12 19:00:00,0.00900790530075522
2018-02-12 20:00:00,0.0170549244217662
2018-02-12 21:00:00,0.021381988438944295
2018-02-12 22:00:00,0.021007547710657732
2018-02-12 23:00:00,0.01501112397862624
2018-02-13 00:00:00,0.019802279592488713
2018-02-13 01:00:00,0.01577122113467495
2018-02-13 02:00:00,0.009814303828857493
2018-02-13 03:00:00,0.01986688592042491
2018-02-13 04:00:00,0.011199303098444482
2018-02-13 05:00:00,0.008596872727451056
2018-02-13 06:00:00,0.02040245543963868
2018-02-13 07:00:00,0.01709363515307431
2018-02-13 08:00:00,0.01633614478466179
2018-02-13 09:00:00,0.008154913551521007
2018-02-13 10:00:00,0.025383633809902464
2018-02-13 11:00:00,0.013647642122778131
2018-02-13 12:00:00,0.02276514370309104
2018-02-13 13:00:00,0.019002748427517906
2018-02-13 14:00:00,0.01306644787977869
2018-02-13 15:00:00,0.01944420448679255
2018-02-13 16:00:00,0.00941183541620563
2018-02-13 17:00:00,0.017086586515593805
2018-02-13 18:00:00,0.015999488371577584
2018-02-13 19:00:00,0.018647241722500815
2018-02-13 20:00:00,0.01822246765266608
2018-02-13 21:00:00,0.02569095243456217
2018-02-13 22:00:00,0.02927894569448721
2018-02-13 23:00:00,0.02355048002846291
2018-02-14 00:00:00,0.018500250030577432
2018-02-14 01:00:00,0.01803808421488416
2018-02-14 02:00:00,0.01838161518873611
2018-02-14 03:00:00,0.02013976788296092
2018-02-14 04:00:00,0.017022773470023324
2018-02-14 05:00:00,0.0442766563982444
2018-02-14 06:00:00,0.0603794802104963
2018-02-14 07:00:00,0.022090152178134002
2018-02-14 08:00:00,0.01649957986698059
2018-02-14 09:00:00,0.01991789810246807
2018-02-14 10:00:00,0.011193577858830371
2018-02-14 11:00:00,0.009528680195658055
2018-02-14 12:00:00,0.03986269988720279
2018-02-14 13:00:00,0.0406563159969079
2018-02-14 14:00:00,0.016788279151494296
2018-02-14 15:00:00,0.03454407003282219
2018-02-14 16:00:00,0.03440653272612571
2018-02-14 17:00:00,0.03419997206488388
2018-02-14 18:00:00,0.03398202096598933
2018-02-14 19:00:00,0.03376127206127539
2018-02-14 20:00:00,0.019003797338388247
2018-02-14 21:00:00,0.0240163826095777
2018-02-14 22:00:00,0.015392179331894329
2018-02-14 23:00:00,0.022761484370207672
2018-02-15 00:00:00,0.01823272691688307
2018-02-15 01:00:00,0.004127490100603773
2018-02-15 02:00:00,0.024137153269483926
2018-02-15 03:00:00,0.013768240642193274
2018-02-15 04:00:00,0.03774664721003725
2018-02-15 05:00:00,0.01748787785354683
2018-02-15 06:00:00,0.011493156716337502
2018-02-15 07:00:00,0.018220417200107433
2018-02-15 08:00:00,0.025753319161199117
2018-02-15 09:00:00,0.021060666014489547
2018-02-15 10:00:00,0.020822478408224158
2018-02-15 11:00:00,0.017836715559840018
2018-02-15 12:00:00,0.021323788054057373
2018-02-15 13:00:00,0.049187686778362855
2018-02-15 14:00:00,0.017723647034725926
2018-02-15 15:00:00,0.024815867526026596
2018-02-15 16:00:00,0.038688131164788496
2018-02-15 17:00:00,0.030365109263073654
2018-02-15 18:00:00,0.010397783470212462
2018-02-15 19:00:00,0.010560945209233272
2018-02-15 20:00:00,0.013920872772192524
2018-02-15 21:00:00,0.02239341946600277
2018-02-15 22:00:00,0.007427716611336576
2018-02-15 23:00:00,0.008012347365110587
2018-02-16 00:00:00,0.01942077711273454
2018-02-16 01:00:00,0.019017286206271987
2018-02-16 02:00:00,0.012032435666617186
2018-02-16 03:00:00,0.014973015449300086
2018-02-16 04:00:00,0.04123922468931489
2018-02-16 05:00:00,0.006937528218579249
2018-02-16 06:00:00,0.024000678703789347
2018-02-16 07:00:00,0.018060644724664433
2018-02-16 08:00:00,0.005822782646684602
2018-02-16 09:00:00,0.008765295691873861
2018-02-16 10:00:00,0.0386291002297236
2018-02-16 11:00:00,0.018856446050182527
2018-02-16 12:00:00,0.01813539803845888
2018-02-16 13:00:00,0.01792433452493609
2018-02-16 14:00:00,0.020904897179031785
2018-02-16 15:00:00,0.015859069472235716
2018-02-16 16:00:00,0.013569847506482734
2018-02-16 17:00:00,0.02291962539999742
2018-02-16 18:00:00,0.01647279317892097
2018-02-16 19:00:00,0.015456905811803364
2018-02-16 20:00:00,0.0068768756714140365
2018-02-16 21:00:00,0.010673966518313895
2018-02-16 22:00:00,0.00722766163078282
2018-02-16 23:00:00,0.013551250423825349
2018-02-17 00:00:00,0.01886501732668914
2018-02-17 01:00:00,0.03250297968204015
2018-02-17 02:00:00,0.032375512128729335
2018-02-17 03:00:00,0.014593712399987894
2018-02-17 04:00:00,0.013163653858782386
2018-02-17 05:00:00,0.01754699605855436
2018-02-17 06:00:00,0.012146152288983022
2018-02-17 07:00:00,0.014372701392150328
2018-02-17 08:00:00,0.01907571909886154
2018-02-17 09:00:00,0.03474480065659414
2018-02-17 10:00:00,0.014611130049716523
2018-02-17 11:00:00,0.017993200776865816
2018-02-17 12:00:00,0.021067439037873475
2018-02-17 13:00:00,0.012497104500999277
2018-02-17 14:00:00,0.01397775851978074
2018-02-17 15:00:00,0.03700964735993025
2018-02-17 16:00:00,0.01887062782975315
2018-02-17 17:00:00,0.02040485506496182
2018-02-17 18:00:00,0.013489413415091201
2018-02-17 19:00:00,0.010264071670833803
2018-02-17 20:00:00,0.011214922165057466
2018-02-17 21:00:00,0.017222660928783457
2018-02-17 22:00:00,0.027295116664201383
2018-02-17 23:00:00,0.010188030553324026
2018-02-18 00:00:00,0.013210197387210423
2018-02-18 01:00:00,0.019700148702995638
2018-02-18 02:00:00,0.007212046541186374
2018-02-18 03:00:00,0.012710377035881324
2018-02-18 04:00:00,0.02345284742592667
2018-02-18 05:00:00,0.005841496213859683
2018-02-18 06:00:00,0.006521107989941824
2018-02-18 07:00:00,0.023369211560928412
2018-02-18 08:00:00,0.007466582883342148
2018-02-18 09:00:00,0.015105207041010503
2018-02-18 10:00:00,0.03907440838682075
2018-02-18 11:00:00,0.02559792925018937
2018-02-18 12:00:00,0.014561452161172848
2018-02-18 13:00:00,0.0091218419024547
2018-02-18 14:00:00,0.007947420150831367
2018-02-18 15:00:00,0.02071018829427019
2018-02-18 16:00:00,0.017861566982854238
2018-02-18 17:00:00,0.027150955610733562
2018-02-18 18:00:00,0.026131975877144945
2018-02-18 19:00:00,0.023625308142165208
2018-02-18 20:00:00,0.012925868895370224
2018-02-18 21:00:00,0.011699507107610566
2018-02-18 22:00:00,0.013648894470588997
2018-02-18 23:00:00,0.015735858089733965
2018-02-19 00:00:00,0.017380527785184
2018-02-19 01:00:00,0.016384602554499823
2018-02-19 02:00:00,0.013759999559723535
2018-02-19 03:00:00,0.01316535626288097
2018-02-19 04:00:00,0.05964740063852478
2018-02-19 05:00:00,0.03515195166273969
2018-02-19 06:00:00,0.015742865343363503
2018-02-19 07:00:00,0.019594235901538498
2018-02-19 08:00:00,0.03607716281863233
2018-02-19 09:00:00,0.02009011860657118
2018-02-19 10:00:00,0.018736131781662894
2018-02-19 11:00:00,0.023190556203585018
2018-02-19 12:00:00,0.023070492719028737
2018-02-19 13:00:00,0.031854361686863286
2018-02-19 14:00:00,0.03184050660163997
2018-02-19 15:00:00,0.03169651535979305
2018-02-19 16:00:00,0.031528104844464874
2018-02-19 17:00:00,0.03135170260744484
2018-02-19 18:00:00,0.02389533089114793
2018-02-19 19:00:00,0.010526104399569289
2018-02-19 20:00:00,0.018885737187732222
2018-02-19 21:00:00,0.024273953037958824
2018-02-19 22:00:00,0.02384742263163729
2018-02-19 23:00:00,0.03689297489684133
2018-02-20 00:00:00,0.015319309122787398
2018-02-20 01:00:00,0.012439889423672643
2018-02-20 02:00:00,0.012733719478431767
2018-02-20 03:00:00,0.018799375356126323
2018-02-20 04:00:00,0.020001938811581025
2018-02-20 05:00:00,0.014795961281222889
2018-02-20 06:00:00,0.012751003505161264
2018-02-20 07:00:00,0.005262313784838775
2018-02-20 08:00:00,0.015248496184397501
2018-02-20 09:00:00,0.017955739049816465
2018-02-20 10:00:00,0.01420747535061328
2018-02-20 11:00:00,0.017245197288804543
2018-02-20 12:00:00,0.02477450845626467
2018-02-20 13:00:00,0.012768446649576284
2018-02-20 14:00:00,0.011735846223588918
2018-02-20 15:00:00,0.015210324486201611
2018-02-20 16:00:00,0.020028720873068274
2018-02-20 17:00:00,0.01701912822157455
2018-02-20 18:00:00,0.01771258559981681
2018-02-20 19:00:00,0.016999512502111198
2018-02-20 20:00:00,0.012191597461956617
2018-02-20 21:00:00,0.011359277189581332
2018-02-20 22:00:00,0.027105807555376307
2018-02-20 23:00:00,0.009045110924945234
2018-02-21 00:00:00,0.016700294135192268
2018-02-21 01:00:00,0.01657244793162254
2018-02-21 02:00:00,0.012364155521841735
2018-02-21 03:00:00,0.01509024566692034
2018-02-21 04:00:00,0.013240226325285088
2018-02-21 05:00:00,0.0176733330454107
2018-02-21 06:00:00,0.012670048866112471
2018-02-21 07:00:00,0.03003391461682808
2018-02-21 08:00:00,0.017793089161306334
2018-02-21 09:00:00,0.016592623825003476
2018-02-21 10:00:00,0.01371065159194443
2018-02-21 11:00:00,0.018751107785740368
2018-02-21 12:00:00,0.038625291011146964
2018-02-21 13:00:00,0.007437563178087917
2018-02-21 14:00:00,0.01213974200781908
2018-02-21 15:00:00,0.013839382571449843
2018-02-21 16:00:00,0.016468909280844275
2018-02-21 17:00:00,0.01617176184944678
2018-02-21 18:00:00,0.012353219988185175
2018-02-21 19:00:00,0.013813625723843091
2018-02-21 20:00:00,0.021041338974308845
2018-02-21 21:00:00,0.015097920921766653
2018-02-21 22:00:00,0.02343608676398355
2018-02-21 23:00:00,0.03134435605277622
2018-02-22 00:00:00,0.031118957539626384
2018-02-22 01:00:00,0.017592420644477202
2018-02-22 02:00:00,0.01536956016717868
2018-02-22 03:00:00,0.01574862392223028
2018-02-22 04:00:00,0.014623018247187038
2018-02-22 05:00:00,0.009366732086460895
2018-02-22 06:00:00,0.002961050792233694
2018-02-22 07:00:00,0.019391907395638966
2018-02-22 08:00:00,0.0027935348838067247
2018-02-22 09:00:00,0.013489306714337549
2018-02-22 10:00:00,0.02026094785581616
2018-02-22 11:00:00,0.009224330165649924
2018-02-22 12:00:00,0.01660442562905066
2018-02-22 13:00:00,0.007310836310788456
2018-02-22 14:00:00,0.023651270231374727
2018-02-22 15:00:00,0.06990239847945418
2018-02-22 16:00:00,0.006643221565440716
2018-02-22 17:00:00,0.015137088330019968
2018-02-22 18:00:00,0.013952828959695622
2018-02-22 19:00:00,0.016481740139036426
2018-02-22 20:00:00,0.01186127811243766
2018-02-22 21:00:00,0.017328685237626387
2018-02-22 22:00:00,0.011706349926598561
2018-02-22 23:00:00,0.01071819926530248
2018-02-23 00:00:00,0.0227243941106318
2018-02-23 01:00:00,0.026692281274074928
2018-02-23 02:00:00,0.017353399342902212
2018-02-23 03:00:00,0.01601705091122463
2018-02-23 04:00:00,0.03563402870598596
2018-02-23 05:00:00,0.014923604838699166
2018-02-23 06:00:00,0.007078895347745859
2018-02-23 07:00:00,0.02123202864050026
2018-02-23 08:00:00,0.017167723226812415
2018-02-23 09:00:00,0.015373337390249098
2018-02-23 10:00:00,0.022999640072859692
2018-02-23 11:00:00,0.006773773676769308
2018-02-23 12:00:00,0.01333932819452428
2018-02-23 13:00:00,0.017354290484420255
2018-02-23 14:00:00,0.03153084470902596
2018-02-23 15:00:00,0.011558557917009077
2018-02-23 16:00:00,0.007129358759382838
2018-02-23 17:00:00,0.009612132417967708
2018-02-23 18:00:00,0.0044868222929155014
2018-02-23 19:00:00,0.02070951183382578
2018-02-23 20:00:00,0.02541510327554658
2018-02-23 21:00:00,0.009169304521374072
2018-02-23 22:00:00,0.016831101649326528
2018-02-23 23:00:00,0.035228590698610604
2018-02-24 00:00:00,0.022191357402375773
2018-02-24 01:00:00,0.04702905065806148
2018-02-24 02:00:00,0.007888720933824533
2018-02-24 03:00:00,0.017008575732854702
2018-02-24 04:00:00,0.019087080000664988
2018-02-24 05:00:00,0.014427809745327156
2018-02-24 06:00:00,0.010496552144355758
2018-02-24 07:00:00,0.024429946762142864
2018-02-24 08:00:00,0.016995317273903406
2018-02-24 09:00:00,0.0022714358552941957
2018-02-24 10:00:00,0.012778599862941071
2018-02-24 11:00:00,0.02910346072024743
2018-02-24 12:00:00,0.028805828559356733
2018-02-24 13:00:00,0.028660967720907628
2018-02-24 14:00:00,0.0285460982100227
2018-02-24 15:00:00,0.028441447985136745
2018-02-24 16:00:00,0.02250915429677193
2018-02-24 17:00:00,0.01288149156617642
2018-02-24 18:00:00,0.004830626933268244
2018-02-24 19:00:00,0.01754398459530796
2018-02-24 20:00:00,0.018186204079438457
2018-02-24 21:00:00,0.008010431472055157
2018-02-24 22:00:00,0.016711002965581753
2018-02-24 23:00:00,0.013516163743270056
2018-02-25 00:00:00,0.02216536251897819
2018-02-25 01:00:00,0.017475384583617203
2018-02-25 02:00:00,0.014589264432553954
2018-02-25 03:00:00,0.013005770228356245
2018-02-25 04:00:00,0.022423760731411665
2018-02-25 05:00:00,0.017492942182258473
2018-02-25 06:00:00,0.010068465514673703
2018-02-25 07:00:00,0.008177162184820525
2018-02-25 08:00:00,0.024261341269118587
2018-02-25 09:00:00,0.006790253676347925
2018-02-25 10:00:00,0.008242735724499569
2018-02-25 11:00:00,0.011198093882932613
2018-02-25 12:00:00,0.01840131085701461
2018-02-25 13:00:00,0.02066834374299413
2018-02-25 14:00:00,0.022608592940838945
2018-02-25 15:00:00,0.01139891946219376
2018-02-25 16:00:00,0.016737813859709433
2018-02-25 17:00:00,0.013131220952574555
2018-02-25 18:00:00,0.0221779664017254
2018-02-25 19:00:00,0.024313277263878698
2018-02-25 20:00:00,0.01410253212097945
2018-02-25 21:00:00,0.024322003992032337
2018-02-25 22:00:00,0.01670223861405657
2018-02-25 23:00:00,0.011759831066503348
2018-02-26 00:00:00,0.019339584652768457
2018-02-26 01:00:00,0.045110857638101194
2018-02-26 02:00:00,0.022903390835255784
2018-02-26 03:00:00,0.013658304829805833
2018-02-26 04:00:00,0.011796313873654202
2018-02-26 05:00:00,0.013932275991483879
2018-02-26 06:00:00,0.00938162099373088
2018-02-26 07:00:00,0.02168798978186153
2018-02-26 08:00:00,0.011678224716340904
2018-02-26 09:00:00,0.004377049252905236
2018-02-26 10:00:00,0.014554679075444775
2018-02-26 11:00:00,0.034785482148479076
2018-02-26 12:00:00,0.00884724739052959
2018-02-26 13:00:00,0.01435426651479006
2018-02-26 14:00:00,0.013359381091174958
2018-02-26 15:00:00,0.04426454184766037
2018-02-26 16:00:00,0.036248038489833725
2018-02-26 17:00:00,0.013779984703020373
2018-02-26 18:00:00,0.01699302655410504
2018-02-26 19:00:00,0.01800922671613725
2018-02-26 20:00:00,0.031128647410520217
2018-02-26 21:00:00,0.029500362320912125
2018-02-26 22:00:00,0.029344780237705755
2018-02-26 23:00:00,0.016114584953725482
2018-02-27 00:00:00,0.019496110374566666
2018-02-27 01:00:00,0.022944553471912568
2018-02-27 02:00:00,0.013506837434588099
2018-02-27 03:00:00,0.02253062663161959
2018-02-27 04:00:00,0.014123284349235952
2018-02-27 05:00:00,0.01587207146232674
2018-02-27 06:00:00,0.013278049201606752
2018-02-27 07:00:00,0.012606618166534692
2018-02-27 08:00:00,0.008641038422549908
2018-02-27 09:00:00,0.020548119709125574
2018-02-27 10:00:00,0.01894912348099292
2018-02-27 11:00:00,0.017923387367492535
2018-02-27 12:00:00,0.020968582318318482
2018-02-27 13:00:00,0.006703651904277145
2018-02-27 14:00:00,0.015575377461382305
2018-02-27 15:00:00,0.010167985123738996
2018-02-27 16:00:00,0.011626715170591474
2018-02-27 17:00:00,0.01267090662193209
2018-02-27 18:00:00,0.05188608546116392
2018-02-27 19:00:00,0.02334215450929475
2018-02-27 20:00:00,0.0417056959006654
2018-02-27 21:00:00,0.008230228540733466
2018-02-27 22:00:00,0.006184359655157271
2018-02-27 23:00:00,0.013017062884560695
2018-02-28 00:00:00,0.014864940230310982
2018-02-28 01:00:00,0.0203963978723894
2018-02-28 02:00:00,0.011797347003131798
2018-02-28 03:00:00,0.008478438352646719
2018-02-28 04:00:00,0.013889452073338809
2018-02-28 05:00:00,0.01644720525422012
2018-02-28 06:00:00,0.015657233080225215
2018-02-28 07:00:00,0.01416615094855648
2018-02-28 08:00:00,0.04148039451409486
2018-02-28 09:00:00,0.013676399519601793
2018-02-28 10:00:00,0.017845678309222547
2018-02-28 11:00:00,0.01813594861914363
2018-02-28 12:00:00,0.003887925448175183
2018-02-28 13:00:00,0.035713258815753435
2018-02-28 14:00:00,0.018315970857186042
2018-02-28 15:00:00,0.017661499385356723
2018-02-28 16:00:00,0.02014893350931477
2018-02-28 17:00:00,0.012573048436529979
2018-02-28 18:00:00,0.03643053934863938
2018-02-28 19:00:00,0.020331922121830624
2018-02-28 20:00:00,0.006662540619878548
2018-02-28 21:00:00,0.028591962891570098
2018-02-28 22:00:00,0.01869451302833043
2018-02-28 23:00:00,0.025317890253625276
2018-03-01 00:00:00,0.028578535226786262
2018-03-01 01:00:00,0.008175013664562988
2018-03-01 02:00:00,0.022252819023525463
2018-03-01 03:00:00,0.022544502264482614
2018-03-01 04:00:00,0.02127675029391004
2018-03-01 05:00:00,0.005536285085088508
2018-03-01 06:00:00,0.018954432234435863
2018-03-01 07:00:00,0.024250384112513252
2018-03-01 08:00:00,0.01816065855202205
2018-03-01 09:00:00,0.027813069013227845
2018-03-01 10:00:00,0.027543478439142073
2018-03-01 11:00:00,0.027421060112595635
2018-03-01 12:00:00,0.027327944805573632
2018-03-01 13:00:00,0.027245157645388686
2018-03-01 14:00:00,0.014891211322560374
2018-03-01 15:00:00,0.02076706570247235
2018-03-01 16:00:00,0.017134042004268428
2018-03-01 17:00:00,0.026661410940831246
2018-03-01 18:00:00,0.008407107791376274
2018-03-01 19:00:00,0.02099012680809716
2018-03-01 20:00:00,0.02586787050696491
2018-03-01 21:00:00,0.007089894165541226
2018-03-01 22:00:00,0.011513367044301864
2018-03-01 23:00:00,0.010073604444787611
2018-03-02 00:00:00,0.015050618615543914
2018-03-02 01:00:00,0.009532285607889383
2018-03-02 02:00:00,0.01654199424343737
2018-03-02 03:00:00,0.01663928414663407
2018-03-02 04:00:00,0.017767500530354974
2018-03-02 05:00:00,0.019064831094417607
2018-03-02 06:00:00,0.012160020051461046
2018-03-02 07:00:00,0.03603319037674131
2018-03-02 08:00:00,0.014993897233365479
2018-03-02 09:00:00,0.03076041933051038
2018-03-02 10:00:00,0.01727984844782319
2018-03-02 11:00:00,0.015185584060511056
2018-03-02 12:00:00,0.022046848094620663
2018-03-02 13:00:00,0.023479152160119695
2018-03-02 14:00:00,0.013860937392005541
2018-03-02 15:00:00,0.019073314037998175
2018-03-02 16:00:00,0.013098813162370932
2018-03-02 17:00:00,0.00833409477837356
2018-03-02 18:00:00,0.0158026823269115
2018-03-02 19:00:00,0.014521058499249374
2018-03-02 20:00:00,0.01977756404637344
2018-03-02 21:00:00,0.022271648281783272
2018-03-02 22:00:00,0.009103269078901228
2018-03-02 23:00:00,0.01444835547164809
2018-03-03 00:00:00,0.02911804731229063
2018-03-03 01:00:00,0.006325507300212699
2018-03-03 02:00:00,0.01077304436094714
2018-03-03 03:00:00,0.017184397838644623
2018-03-03 04:00:00,0.011504190079314403
2018-03-03 05:00:00,0.01356889872786728
2018-03-03 06:00:00,0.014179296465560265
2018-03-03 07:00:00,0.017522272893804376
2018-03-03 08:00:00,0.02346834344881416
2018-03-03 09:00:00,0.02175529214365366
2018-03-03 10:00:00,0.016626552078420752
2018-03-03 11:00:00,0.011124785240518723
2018-03-03 12:00:00,0.011026342000611337
2018-03-03 13:00:00,0.013318368616991481
2018-03-03 14:00:00,0.017874127588613852
2018-03-03 15:00:00,0.005849878432246859
2018-03-03 16:00:00,0.01815269737330191
2018-03-03 17:00:00,0.009702297322814635
2018-03-03 18:00:00,0.012619217523151849
2018-03-03 19:00:00,0.0249900144196997
2018-03-03 20:00:00,0.024880930677540738
2018-03-03 21:00:00,0.01883279663191195
2018-03-03 22:00:00,0.02736211222642708
2018-03-03 23:00:00,0.02020474167494496
2018-03-04 00:00:00,0.014711739089143043
2018-03-04 01:00:00,0.0032944419719627078
2018-03-04 02:00:00,0.013770260735710261
2018-03-04 03:00:00,0.01601267079711291
2018-03-04 04:00:00,0.012556365762433692
2018-03-04 05:00:00,0.018435576494470033
2018-03-04 06:00:00,0.0101338800888935
2018-03-04 07:00:00,0.01389115707573101
2018-03-04 08:00:00,0.01894629922150875
2018-03-04 09:00:00,0.0192086513640711
2018-03-04 10:00:00,0.018700821931087734
2018-03-04 11:00:00,0.008969554166122213
2018-03-04 12:00:00,0.01558232377505561
2018-03-04 13:00:00,0.027640951453723184
2018-03-04 14:00:00,0.019629923627534105
2018-03-04 15:00:00,0.01619254166939082
2018-03-04 16:00:00,0.013268071806940654
2018-03-04 17:00:00,0.013726914836470767
2018-03-04 18:00:00,0.018328343964765258
2018-03-04 19:00:00,0.0093661180538043
2018-03-04 20:00:00,0.018253887645617462
2018-03-04 21:00:00,0.011585868963373828
2018-03-04 22:00:00,0.0152796227429231
2018-03-04 23:00:00,0.01190890742193849
2018-03-05 00:00:00,0.016325233308976422
2018-03-05 01:00:00,0.029123924395003283
2018-03-05 02:00:00,0.018928407880665177
2018-03-05 03:00:00,0.013896795886487833
2018-03-05 04:00:00,0.013038808062812523
2018-03-05 05:00:00,0.018213132913592257
2018-03-05 06:00:00,0.013800157465327527
2018-03-05 07:00:00,0.009434575205462384
2018-03-05 08:00:00,0.020784195617166462
2018-03-05 09:00:00,0.02515270941362523
2018-03-05 10:00:00,0.010595076246053187
2018-03-05 11:00:00,0.0033407398414527986
2018-03-05 12:00:00,0.03559108099537295
2018-03-05 13:00:00,0.003370615480630657
2018-03-05 14:00:00,0.014752032717444541
2018-03-05 15:00:00,0.013318292092391201
2018-03-05 16:00:00,0.01497855479155386
2018-03-05 17:00:00,0.015950764447631743
2018-03-05 18:00:00,0.014233369606260031
2018-03-05 19:00:00,0.017648586699728113
2018-03-05 20:00:00,0.03740954721985448
2018-03-05 21:00:00,0.02702865818394906
2018-03-05 22:00:00,0.020506573852584177
2018-03-05 23:00:00,0.013182642988791718
2018-03-06 00:00:00,0.01810761384993441
2018-03-06 01:00:00,0.010906863376347133
2018-03-06 02:00:00,0.013781178397471784
2018-03-06 03:00:00,0.022681824236702727
2018-03-06 04:00:00,0.010229990637365856
2018-03-06 05:00:00,0.0045545893951424105
2018-03-06 06:00:00,0.01481161429093714
2018-03-06 07:00:00,0.024111055836037162
2018-03-06 08:00:00,0.023868313808380857
2018-03-06 09:00:00,0.023768358469362406
2018-03-06 10:00:00,0.02369819523358537
2018-03-06 11:00:00,0.0236394685363353
2018-03-06 12:00:00,0.006193326370459176
2018-03-06 13:00:00,0.012995372726843112
2018-03-06 14:00:00,0.02957354251559224
2018-03-06 15:00:00,0.014079793206977472
2018-03-06 16:00:00,0.009981344961486444
2018-03-06 17:00:00,0.01709880123734368
2018-03-06 18:00:00,0.021178481201462755
2018-03-06 19:00:00,0.011975907391441915
2018-03-06 20:00:00,0.019120782486562668
2018-03-06 21:00:00,0.016510264178414755
2018-03-06 22:00:00,0.0311616436750598
2018-03-06 23:00:00,0.012445942964498637
2018-03-07 00:00:00,0.023565478325797452
2018-03-07 01:00:00,0.01649127259787221
2018-03-07 02:00:00,0.039574865075651125
2018-03-07 03:00:00,0.024972457657042323
2018-03-07 04:00:00,0.027259519737006622
2018-03-07 05:00:00,0.025512575619487075
2018-03-07 06:00:00,0.01145510992801222
2018-03-07 07:00:00,0.02882976372353304
2018-03-07 08:00:00,0.02657353850005182
2018-03-07 09:00:00,0.015352112145505161
2018-03-07 10:00:00,0.014119738462752728
2018-03-07 11:00:00,0.02710219277622094
2018-03-07 12:00:00,0.014629546771715112
2018-03-07 13:00:00,0.01885351293239287
2018-03-07 14:00:00,0.018809678727853777
2018-03-07 15:00:00,0.014108978369446495
2018-03-07 16:00:00,0.014729777101680212
2018-03-07 17:00:00,0.014544696492459663
2018-03-07 18:00:00,0.014943248696370785
2018-03-07 19:00:00,0.0023423323973130157
2018-03-07 20:00:00,0.022917158582080585
2018-03-07 21:00:00,0.028314253004848484
2018-03-07 22:00:00,0.006384329141143082
2018-03-07 23:00:00,0.012553209533951958
2018-03-08 00:00:00,0.02495627895885789
2018-03-08 01:00:00,0.016795523307910544
2018-03-08 02:00:00,0.022415449155948664
2018-03-08 03:00:00,0.023411675688457985
2018-03-08 04:00:00,0.015040344068284065
2018-03-08 05:00:00,0.016614917386065443
2018-03-08 06:00:00,0.026162925409728015
2018-03-08 07:00:00,0.017677731289062016
2018-03-08 08:00:00,0.011556087958020588
2018-03-08 09:00:00,0.015736331632911008
2018-03-08 10:00:00,0.011226713611162294
2018-03-08 11:00:00,0.01979713856613268
2018-03-08 12:00:00,0.04481500581792421
2018-03-08 13:00:00,0.02052384748654485
2018-03-08 14:00:00,0.018867789436254362
2018-03-08 15:00:00,0.023999749728124214
2018-03-08 16:00:00,0.010570242558179262
2018-03-08 17:00:00,0.025459654007686686
2018-03-08 18:00:00,0.02533621843347466
2018-03-08 19:00:00,0.014075883583451824
2018-03-08 20:00:00,0.015297634602284779
2018-03-08 21:00:00,0.024298789805006257
2018-03-08 22:00:00,0.007827613773517756
2018-03-08 23:00:00,0.02681605882009777
2018-03-09 00:00:00,0.013770149627205448
2018-03-09 01:00:00,0.038949468717532736
2018-03-09 02:00:00,0.01384254299532714
2018-03-09 03:00:00,0.028849061980538746
2018-03-09 04:00:00,0.01773677274699524
2018-03-09 05:00:00,0.008956312179722436
2018-03-09 06:00:00,0.01715647740879811
2018-03-09 07:00:00,0.018842199219311608
2018-03-09 08:00:00,0.004899488516740436
2018-03-09 09:00:00,0.013202285174416595
2018-03-09 10:00:00,0.0317280616834925
2018-03-09 11:00:00,0.02516851313065447
2018-03-09 12:00:00,0.013406988297181233
2018-03-09 13:00:00,0.018758488600218504
2018-03-09 14:00:00,0.023507528198123847
2018-03-09 15:00:00,0.015479680741016313
2018-03-09 16:00:00,0.02109372664293436
2018-03-09 17:00:00,0.01804681395899574
2018-03-09 18:00:00,0.007149564728095415
2018-03-09 19:00:00,0.039766976787033656
2018-03-09 20:00:00,0.016078081539296362
2018-03-09 21:00:00,0.005450872963564024
2018-03-09 22:00:00,0.017631791074157178
2018-03-09 23:00:00,0.026398984468700037
2018-03-10 00:00:00,0.015251164380562739
2018-03-10 01:00:00,0.012381981283473443
2018-03-10 02:00:00,0.017042538019404533
2018-03-10 03:00:00,0.017837737764197604
2018-03-10 04:00:00,0.016462894055394944
2018-03-10 05:00:00,0.015636681898813846
2018-03-10 06:00:00,0.014157860032063091
2018-03-10 07:00:00,0.01554399356271125
2018-03-10 08:00:00,0.019491927726408287
2018-03-10 09:00:00,0.017306616474931785
2018-03-10 10:00:00,0.014529420848334517
2018-03-10 11:00:00,0.021010887534073475
2018-03-10 12:00:00,0.006016097509889034
2018-03-10 13:00:00,0.07374293468971163
2018-03-10 14:00:00,0.03324598786661709
2018-03-10 15:00:00,0.020671386618264405
2018-03-10 16:00:00,0.016302486302329257
2018-03-10 17:00:00,0.01228745602803439
2018-03-10 18:00:00,0.003671062366325933
2018-03-10 19:00:00,0.027681113381617325
2018-03-10 20:00:00,0.021546300114626594
2018-03-10 21:00:00,0.014959296448536353
2018-03-10 22:00:00,0.022632556845281655
2018-03-10 23:00:00,0.01015378198896922
2018-03-11 00:00:00,0.004527535461967908
2018-03-11 01:00:00,0.01937456588102359
2018-03-11 02:00:00,0.029375912436512105
2018-03-11 03:00:00,0.01208555615885943
2018-03-11 04:00:00,0.030438235036381628
2018-03-11 05:00:00,0.024371356084420755
2018-03-11 06:00:00,0.02415168830758984
2018-03-11 07:00:00,0.024097322795417334
2018-03-11 08:00:00,0.02407396977954472
2018-03-11 09:00:00,0.024059884043409554
2018-03-11 10:00:00,0.011762788237497086
2018-03-11 11:00:00,0.014143749802645208
2018-03-11 12:00:00,0.025775636884130003
2018-03-11 13:00:00,0.015859844231553455
2018-03-11 14:00:00,0.007997085919616764
2018-03-11 15:00:00,0.0033106230076821227
2018-03-11 16:00:00,0.018257956557824504
2018-03-11 17:00:00,0.0155623093060547
2018-03-11 18:00:00,0.010261276487626357
2018-03-11 19:00:00,0.016974048482038748
2018-03-11 20:00:00,0.014606418608289845
2018-03-11 21:00:00,0.014106238778948647
2018-03-11 22:00:00,0.013383846887166645
2018-03-11 23:00:00,0.017213563401312606
2018-03-12 00:00:00,0.02068753791016191
2018-03-12 01:00:00,0.032009398461011626
2018-03-12 02:00:00,0.011246618073173996
2018-03-12 03:00:00,0.013189299019451574
2018-03-12 04:00:00,0.015475014199139072
2018-03-12 05:00:00,0.0348872047376369
2018-03-12 06:00:00,0.018409574362308556
2018-03-12 07:00:00,0.015672573932794195
2018-03-12 08:00:00,0.007786306321905697
2018-03-12 09:00:00,0.01613113570090897
2018-03-12 10:00:00,0.012000456698097921
2018-03-12 11:00:00,0.01224858997044165
2018-03-12 12:00:00,0.0067453225320638875
2018-03-12 13:00:00,0.01476573944386324
2018-03-12 14:00:00,0.013125255090966268
2018-03-12 15:00:00,0.012184011618610333
2018-03-12 16:00:00,0.01577451758652158
2018-03-12 17:00:00,0.011935667299438398
2018-03-12 18:00:00,0.031605620589473325
2018-03-12 19:00:00,0.03957368009032387
2018-03-12 20:00:00,0.00801233353094233
2018-03-12 21:00:00,0.019271363214943868
2018-03-12 22:00:00,0.022922450260121536
2018-03-12 23:00:00,0.010650172701149686
2018-03-13 00:00:00,0.010716549675945413
2018-03-13 01:00:00,0.012396341671984914
2018-03-13 02:00:00,0.014299753294889854
2018-03-13 03:00:00,0.01407048094289032
2018-03-13 04:00:00,0.02009283566856408
2018-03-13 05:00:00,0.012060828581691715
2018-03-13 06:00:00,0.030679788019268343
2018-03-13 07:00:00,0.012242476920733861
2018-03-13 08:00:00,0.014603437067396282
2018-03-13 09:00:00,0.014463462155781929
2018-03-13 10:00:00,0.010001391657647466
2018-03-13 11:00:00,0.011291462426742747
2018-03-13 12:00:00,0.025276133554268596
2018-03-13 13:00:00,0.023305229789075177
2018-03-13 14:00:00,0.014664159496483725
2018-03-13 15:00:00,0.02214077973319851
2018-03-13 16:00:00,0.022104891419481708
2018-03-13 17:00:00,0.030831314642160813
2018-03-13 18:00:00,0.013956695016418967
2018-03-13 19:00:00,0.02919319431806274
2018-03-13 20:00:00,0.015878246470914955
2018-03-13 21:00:00,0.013475846400487839
2018-03-13 22:00:00,0.026280343836330763
2018-03-13 23:00:00,0.00826812190442797
2018-03-14 00:00:00,0.014487089261706214
2018-03-14 01:00:00,0.016109190250401636
2018-03-14 02:00:00,0.01555948419927642
2018-03-14 03:00:00,0.018509584644916765
2018-03-14 04:00:00,0.00727745050302765
2018-03-14 05:00:00,0.013747141679454532
2018-03-14 06:00:00,0.01710565832527322
2018-03-14 07:00:00,0.009945230335887827
2018-03-14 08:00:00,0.0210827909432774
2018-03-14 09:00:00,0.02830418979444071
2018-03-14 10:00:00,0.0312240697823025
2018-03-14 11:00:00,0.02250323766637428
2018-03-14 12:00:00,0.013340421217392288
2018-03-14 13:00:00,0.0176737539041435
2018-03-14 14:00:00,0.014749293831399035
2018-03-14 15:00:00,0.012191549737106127
2018-03-14 16:00:00,0.016653368660935558
2018-03-14 17:00:00,0.012987379808100092
2018-03-14 18:00:00,0.029053823715134493
2018-03-14 19:00:00,0.01882009216315129
2018-03-14 20:00:00,0.01811974307041192
2018-03-14 21:00:00,0.017898119236849513
2018-03-14 22:00:00,0.015801385592024535
2018-03-14 23:00:00,0.018549274846278746
2018-03-15 00:00:00,0.017122146856452778
2018-03-15 01:00:00,0.015486225031029147
2018-03-15 02:00:00,0.015665089108593964
2018-03-15 03:00:00,0.027650378715211945
2018-03-15 04:00:00,0.011810394271296609
2018-03-15 05:00:00,0.013272099899754197
2018-03-15 06:00:00,0.014610534118941592
2018-03-15 07:00:00,0.018076025991923476
2018-03-15 08:00:00,0.01989525432917024
2018-03-15 09:00:00,0.016457145030818406
2018-03-15 10:00:00,0.016535993051953458
2018-03-15 11:00:00,0.015312907534826989
2018-03-15 12:00:00,0.012623138545376344
2018-03-15 13:00:00,0.013312604871230743
2018-03-15 14:00:00,0.009534050388950284
2018-03-15 15:00:00,0.013297802774201667
2018-03-15 16:00:00,0.021324509499428504
2018-03-15 17:00:00,0.00910348631745312
2018-03-15 18:00:00,0.020675468112579965
2018-03-15 19:00:00,0.00606641992007171
2018-03-15 20:00:00,0.021441638808969377
2018-03-15 21:00:00,0.02041171868554194
2018-03-15 22:00:00,0.026719462144253844
2018-03-15 23:00:00,0.011957567895097705
2018-03-16 00:00:00,0.008108702559580353
2018-03-16 01:00:00,0.014241005866368464
2018-03-16 02:00:00,0.013709190247873187
2018-03-16 03:00:00,0.02185464766253297
2018-03-16 04:00:00,0.0216835356082641
2018-03-16 05:00:00,0.0216654232855229
2018-03-16 06:00:00,0.021675890049590255
2018-03-16 07:00:00,0.021694664029371077
2018-03-16 08:00:00,0.014276256978577066
2018-03-16 09:00:00,0.03225358319590837
2018-03-16 10:00:00,0.013196725029124895
2018-03-16 11:00:00,0.014182814522010378
2018-03-16 12:00:00,0.025724798536041982
2018-03-16 13:00:00,0.01915222836545709
2018-03-16 14:00:00,0.011303678988074805
2018-03-16 15:00:00,0.0028543975190118403
2018-03-16 16:00:00,0.015030275867860718
2018-03-16 17:00:00,0.005335418961946323
2018-03-16 18:00:00,0.00884618772388686
2018-03-16 19:00:00,0.04536074284652071
2018-03-16 20:00:00,0.015912903783104775
2018-03-16 21:00:00,0.023164670197277776
2018-03-16 22:00:00,0.019691087905093003
2018-03-16 23:00:00,0.019140291644928108
2018-03-17 00:00:00,0.009394798542411369
2018-03-17 01:00:00,0.015453909100824318
2018-03-17 02:00:00,0.030853288396806625
2018-03-17 03:00:00,0.012388787566796951
2018-03-17 04:00:00,0.02171078642115193
2018-03-17 05:00:00,0.010606148581804163
2018-03-17 06:00:00,0.012593636613863054
2018-03-17 07:00:00,0.005943700480736567
2018-03-17 08:00:00,0.022683030144483977
2018-03-17 09:00:00,0.012527218034647066
2018-03-17 10:00:00,0.004184151125883915
2018-03-17 11:00:00,0.009305837262175628
2018-03-17 12:00:00,0.011690585727245614
2018-03-17 13:00:00,0.018062298218615987
2018-03-17 14:00:00,0.008580838965018529
2018-03-17 15:00:00,0.013529640348785392
2018-03-17 16:00:00,0.01245761642109979
2018-03-17 17:00:00,0.00956874572270329
2018-03-17 18:00:00,0.014487178808889011
2018-03-17 19:00:00,0.02263565500992283
2018-03-17 20:00:00,0.013242372376975398
2018-03-17 21:00:00,0.009248352166308055
2018-03-17 22:00:00,0.013836508063618802
2018-03-17 23:00:00,0.009728316220257525
2018-03-18 00:00:00,0.016881337045673482
2018-03-18 01:00:00,0.010386655098895938
2018-03-18 02:00:00,0.006458714749021321
2018-03-18 03:00:00,0.015251414387783702
2018-03-18 04:00:00,0.03127532462621628
2018-03-18 05:00:00,0.017618228855355623
2018-03-18 06:00:00,0.013404281426757024
2018-03-18 07:00:00,0.011168139432155723
2018-03-18 08:00:00,0.010908672151694752
2018-03-18 09:00:00,0.014164749352230572
2018-03-18 10:00:00,0.0126282398826937
2018-03-18 11:00:00,0.011854298803821986
2018-03-18 12:00:00,0.0074027553879852685
2018-03-18 13:00:00,0.026394246352678067
2018-03-18 14:00:00,0.026222549375325466
2018-03-18 15:00:00,0.014735224620981615
2018-03-18 16:00:00,0.040304844806777845
2018-03-18 17:00:00,0.00700710660268001
2018-03-18 18:00:00,0.005594155121853791
2018-03-18 19:00:00,0.01210436048098264
2018-03-18 20:00:00,0.01604913831886171
2018-03-18 21:00:00,0.014282842541815052
2018-03-18 22:00:00,0.02177304941326278
2018-03-18 23:00:00,0.0067530386799978135
2018-03-19 00:00:00,0.015559347267688777
2018-03-19 01:00:00,0.013589068252064202
2018-03-19 02:00:00,0.016892386437041152
2018-03-19 03:00:00,0.010969161606406019
2018-03-19 04:00:00,0.02177659056684806
2018-03-19 05:00:00,0.011832750987920007
2018-03-19 06:00:00,0.0226253652424432
2018-03-19 07:00:00,0.012069899986423842
2018-03-19 08:00:00,0.021741182182367196
2018-03-19 09:00:00,0.010317998608213072
2018-03-19 10:00:00,0.017655117894093755
2018-03-19 11:00:00,0.022701626051584187
2018-03-19 12:00:00,0.02874183517989247
2018-03-19 13:00:00,0.015616279583731225
2018-03-19 14:00:00,0.006010554819130086
2018-03-19 15:00:00,0.010411567585595926
2018-03-19 16:00:00,0.015266010763368221
2018-03-19 17:00:00,0.011791609879234272
2018-03-19 18:00:00,0.012066854460209164
2018-03-19 19:00:00,0.016555362201835008
2018-03-19 20:00:00,0.010955745412287986
2018-03-19 21:00:00,0.013686200446929378
2018-03-19 22:00:00,0.0145294032577777
2018-03-19 23:00:00,0.014429740323281114
2018-03-20 00:00:00,0.012287200258590826
2018-03-20 01:00:00,0.014569876094985687
2018-03-20 02:00:00,0.007058501739629165
2018-03-20 03:00:00,0.016497509357663885
2018-03-20 04:00:00,0.007812822262718126
2018-03-20 05:00:00,0.009929205107645778
2018-03-20 06:00:00,0.012605679769225844
2018-03-20 07:00:00,0.012698312274263443
2018-03-20 08:00:00,0.02060675871882971
2018-03-20 09:00:00,0.011341080511055963
2018-03-20 10:00:00,0.023440057948366805
2018-03-20 11:00:00,0.022046224314605616
2018-03-20 12:00:00,0.011896028468793904
2018-03-20 13:00:00,0.024008102047790136
2018-03-20 14:00:00,0.005422950274509466
2018-03-20 15:00:00,0.011361915502191665
2018-03-20 16:00:00,0.01807928293795589
2018-03-20 17:00:00,0.007041586998320251
2018-03-20 18:00:00,0.017114448597615538
2018-03-20 19:00:00,0.013095113582215125
2018-03-20 20:00:00,0.009280917413854277
2018-03-20 21:00:00,0.015890271341936463
2018-03-20 22:00:00,0.01230486985432981
2018-03-20 23:00:00,0.030618193470586853
2018-03-21 00:00:00,0.03181549408459581
2018-03-21 01:00:00,0.02632970223277455
2018-03-21 02:00:00,0.026018560162052753
2018-03-21 03:00:00,0.025849437717385484
2018-03-21 04:00:00,0.025710735621645085
2018-03-21 05:00:00,0.025583850703865523
2018-03-21 06:00:00,0.012002633589914812
2018-03-21 07:00:00,0.017322248694032535
2018-03-21 08:00:00,0.008081154731468242
2018-03-21 09:00:00,0.018117261193093
2018-03-21 10:00:00,0.011994173563524247
2018-03-21 11:00:00,0.035249684463940056
2018-03-21 12:00:00,0.017714180309216072
2018-03-21 13:00:00,0.01404457353078312
2018-03-21 14:00:00,0.005500485654323716
2018-03-21 15:00:00,0.015074749696094132
2018-03-21 16:00:00,0.0075310494317021755
2018-03-21 17:00:00,0.006887305301406064
2018-03-21 18:00:00,0.016442294801496934
2018-03-21 19:00:00,0.008972962154231651
2018-03-21 20:00:00,0.00851796476995217
2018-03-21 21:00:00,0.00908874185682524
2018-03-21 22:00:00,0.011259740939872897
2018-03-21 23:00:00,0.015977782111750716
2018-03-22 00:00:00,0.030236939576435955
2018-03-22 01:00:00,0.0183185245603858
2018-03-22 02:00:00,0.008435654274358455
2018-03-22 03:00:00,0.02170381598317758
2018-03-22 04:00:00,0.009887888794775283
2018-03-22 05:00:00,0.017850659432592023
2018-03-22 06:00:00,0.021669101103713832
2018-03-22 07:00:00,0.045133901208886155
2018-03-22 08:00:00,0.017957567017457737
2018-03-22 09:00:00,0.016597203102624903
2018-03-22 10:00:00,0.01713465717451917
2018-03-22 11:00:00,0.010747062319349687
2018-03-22 12:00:00,0.011616059788535603
2018-03-22 13:00:00,0.008885620743828856
2018-03-22 14:00:00,0.01912771785574756
2018-03-22 15:00:00,0.005230017461871428
2018-03-22 16:00:00,0.009260380840952489
2018-03-22 17:00:00,0.013938332117160945
2018-03-22 18:00:00,0.01019768592317886
2018-03-22 19:00:00,0.018244856539790816
2018-03-22 20:00:00,0.0178560052225442
2018-03-22 21:00:00,0.028321562897919407
2018-03-22 22:00:00,0.014650205860158992
2018-03-22 23:00:00,0.011685362576339346
2018-03-23 00:00:00,0.024057406097068103
2018-03-23 01:00:00,0.01613559479833182
2018-03-23 02:00:00,0.014120994363735024
2018-03-23 03:00:00,0.010551755130759306
2018-03-23 04:00:00,0.017785343914096436
2018-03-23 05:00:00,0.01584526481679083
2018-03-23 06:00:00,0.01915657723965137
2018-03-23 07:00:00,0.01985408852160236
2018-03-23 08:00:00,0.02339742732781789
2018-03-23 09:00:00,0.008664867054030686
2018-03-23 10:00:00,0.017126720989708466
2018-03-23 11:00:00,0.023931575543517963
2018-03-23 12:00:00,0.023807401519001136
2018-03-23 13:00:00,0.007999892061962867
2018-03-23 14:00:00,0.01565601582746648
2018-03-23 15:00:00,0.012978251615409355
2018-03-23 16:00:00,0.020389930026344535
2018-03-23 17:00:00,0.016248766059627558
2018-03-23 18:00:00,0.020955768298114415
2018-03-23 19:00:00,0.010757723870281236
2018-03-23 20:00:00,0.008682534990721242
2018-03-23 21:00:00,0.033699817415323775
2018-03-23 22:00:00,0.017687717261815266
2018-03-23 23:00:00,0.015950553358839714
2018-03-24 00:00:00,0.023995444430479414
2018-03-24 01:00:00,0.007138092061846922
2018-03-24 02:00:00,0.007539066703800286
2018-03-24 03:00:00,0.024421460000459493
2018-03-24 04:00:00,0.043054367134227146
2018-03-24 05:00:00,0.012939067805951358
2018-03-24 06:00:00,0.00405814782858647
2018-03-24 07:00:00,0.010345460073713989
2018-03-24 08:00:00,0.00812429241890582
2018-03-24 09:00:00,0.017876009551976785
2018-03-24 10:00:00,0.021298620929174727
2018-03-24 11:00:00,0.014302762149173545
2018-03-24 12:00:00,0.009385143063813132
2018-03-24 13:00:00,0.016058007090984098
2018-03-24 14:00:00,0.012437109729237408
2018-03-24 15:00:00,0.01263714013416839
2018-03-24 16:00:00,0.010242176127353586
2018-03-24 17:00:00,0.014809464292748277
2018-03-24 18:00:00,0.01233583147817981
2018-03-24 19:00:00,0.015374662317765747
2018-03-24 20:00:00,0.01039184268485977
2018-03-24 21:00:00,0.016161246842485575
2018-03-24 22:00:00,0.010297408795900383
2018-03-24 23:00:00,0.0031070345432537942
2018-03-25 00:00:00,0.010982792186787937
2018-03-25 01:00:00,0.011830492823903815
2018-03-25 02:00:00,0.014248154978457363
2018-03-25 03:00:00,0.013387331626783808
2018-03-25 04:00:00,0.010819553401169961
2018-03-25 05:00:00,0.02002644294451367
2018-03-25 06:00:00,0.020333406780065733
2018-03-25 07:00:00,0.013451039132069272
2018-03-25 08:00:00,0.011795774731120473
2018-03-25 09:00:00,0.020080173364851083
2018-03-25 10:00:00,0.012021900620360113
2018-03-25 11:00:00,0.01119796008840056
2018-03-25 12:00:00,0.04596839129558273
2018-03-25 13:00:00,0.013606912520707014
2018-03-25 14:00:00,0.013148511362649513
2018-03-25 15:00:00,0.009124046459172875
2018-03-25 16:00:00,0.03412322574843375
2018-03-25 17:00:00,0.03185995469606909
2018-03-25 18:00:00,0.021442306644469892
2018-03-25 19:00:00,0.010420871256834234
2018-03-25 20:00:00,0.012676458848414309
2018-03-25 21:00:00,0.019238762440201024
2018-03-25 22:00:00,0.004801706092320277
2018-03-25 23:00:00,0.02423839733243769
2018-03-26 00:00:00,0.02404616134004725
2018-03-26 01:00:00,0.023945482263191174
2018-03-26 02:00:00,0.02386379489916281
2018-03-26 03:00:00,0.02378889373287704
2018-03-26 04:00:00,0.006922012718789121
2018-03-26 05:00:00,0.04082366495950992
2018-03-26 06:00:00,0.013258475196030255
2018-03-26 07:00:00,0.007629345219206037
2018-03-26 08:00:00,0.00977348362382644
2018-03-26 09:00:00,0.02070175569035524
2018-03-26 10:00:00,0.025228230152560108
2018-03-26 11:00:00,0.008766617484098998
2018-03-26 12:00:00,0.019641877333816445
2018-03-26 13:00:00,0.018642108884928177
2018-03-26 14:00:00,0.021772452979343507
2018-03-26 15:00:00,0.014229490638419117
2018-03-26 16:00:00,0.010062093005866466
2018-03-26 17:00:00,0.011269218301524997
2018-03-26 18:00:00,0.023261405138459763
2018-03-26 19:00:00,0.011597411285121949
2018-03-26 20:00:00,0.02438715742509269
2018-03-26 21:00:00,0.018769603007022496
2018-03-26 22:00:00,0.008922823075851566
2018-03-26 23:00:00,0.015829723102411708
2018-03-27 00:00:00,0.014397050951851585
2018-03-27 01:00:00,0.006513016887102608
2018-03-27 02:00:00,0.008313002473455042
2018-03-27 03:00:00,0.025436382764515077
2018-03-27 04:00:00,0.009753438306661815
2018-03-27 05:00:00,0.006849933254711461
2018-03-27 06:00:00,0.01939771132111864
2018-03-27 07:00:00,0.003853248230607058
2018-03-27 08:00:00,0.013991762063976619
2018-03-27 09:00:00,0.007711886961746241
2018-03-27 10:00:00,0.010667445038881283
2018-03-27 11:00:00,0.012676663570304602
2018-03-27 12:00:00,0.014328195658355001
2018-03-27 13:00:00,0.014892746013585739
2018-03-27 14:00:00,0.013369470979707344
2018-03-27 15:00:00,0.005379096771704669
2018-03-27 16:00:00,0.016170544128589818
2018-03-27 17:00:00,0.02034634496976859
2018-03-27 18:00:00,0.03221440883762326
2018-03-27 19:00:00,0.013488679784774417
2018-03-27 20:00:00,0.014852775937866838
2018-03-27 21:00:00,0.019279249828046397
2018-03-27 22:00:00,0.010660134369985131
2018-03-27 23:00:00,0.013994011372823275
2018-03-28 00:00:00,0.042763366323780354
2018-03-28 01:00:00,0.017022851880231865
2018-03-28 02:00:00,0.011701059903019315
2018-03-28 03:00:00,0.013404478994897589
2018-03-28 04:00:00,0.013986112858315034
2018-03-28 05:00:00,0.029429374462500626
2018-03-28 06:00:00,0.027441636998767747
2018-03-28 07:00:00,0.01317561964753652
2018-03-28 08:00:00,0.01833614010067247
2018-03-28 09:00:00,0.02314810568888915
2018-03-28 10:00:00,0.023091603224165785
2018-03-28 11:00:00,0.0071019598100642576
2018-03-28 12:00:00,0.018523827770580016
2018-03-28 13:00:00,0.0186024438734443
2018-03-28 14:00:00,0.0040171428567809
2018-03-28 15:00:00,0.0158709148517947
2018-03-28 16:00:00,0.024468936384075095
2018-03-28 17:00:00,0.04590635030702239
2018-03-28 18:00:00,0.015652070121555728
2018-03-28 19:00:00,0.014170082625674717
2018-03-28 20:00:00,0.009907783992099206
2018-03-28 21:00:00,0.005033376067980615
2018-03-28 22:00:00,0.013552252011999326
2018-03-28 23:00:00,0.012941777477331566
2018-03-29 00:00:00,0.03211310124737215
2018-03-29 01:00:00,0.012233446859759394
2018-03-29 02:00:00,0.014286774984163626
2018-03-29 03:00:00,0.015379809216848797
2018-03-29 04:00:00,0.01658508156144124
2018-03-29 05:00:00,0.006977774112308186
2018-03-29 06:00:00,0.008911581650315758
2018-03-29 07:00:00,0.01929628889310191
2018-03-29 08:00:00,0.010921952737483004
2018-03-29 09:00:00,0.011023264533798427
2018-03-29 10:00:00,0.0033377091483993517
2018-03-29 11:00:00,0.00605215227715818
2018-03-29 12:00:00,0.01652923665272071
2018-03-29 13:00:00,0.01761390621669844
2018-03-29 14:00:00,0.012459515521209438
2018-03-29 15:00:00,0.011441298716043961
2018-03-29 16:00:00,0.012877676572025458
2018-03-29 17:00:00,0.00997469248211834
2018-03-29 18:00:00,0.0018918909708571616
2018-03-29 19:00:00,0.007176395251312039
2018-03-29 20:00:00,0.01564108342718705
2018-03-29 21:00:00,0.015374611619884253
2018-03-29 22:00:00,0.010287780930012348
2018-03-29 23:00:00,0.01647533654070051
2018-03-30 00:00:00,0.006890254281588729
2018-03-30 01:00:00,0.02009259379577318
2018-03-30 02:00:00,0.014622604045668647
2018-03-30 03:00:00,0.013540567724027534
2018-03-30 04:00:00,0.011591314533187532
2018-03-30 05:00:00,0.015922598000064417
2018-03-30 06:00:00,0.020778103166798498
2018-03-30 07:00:00,0.011611704707974114
2018-03-30 08:00:00,0.014044648133140662
2018-03-30 09:00:00,0.012638883077955023
2018-03-30 10:00:00,0.018907718079068585
2018-03-30 11:00:00,0.035999323206851536
2018-03-30 12:00:00,0.031234923879168156
2018-03-30 13:00:00,0.018736140443627022
2018-03-30 14:00:00,0.015511629349962443
2018-03-30 15:00:00,0.012886155342211903
2018-03-30 16:00:00,0.009538575749007489
2018-03-30 17:00:00,0.014018105121634147
2018-03-30 18:00:00,0.00914424056803747
2018-03-30 19:00:00,0.01573277404160293
2018-03-30 20:00:00,0.01564419231186338
2018-03-30 21:00:00,0.021893055282116124
2018-03-30 22:00:00,0.022061646429880975
2018-03-30 23:00:00,0.022101204441529798
2018-03-31 00:00:00,0.022111713996429607
2018-03-31 01:00:00,0.02210974980457508
2018-03-31 02:00:00,0.0065969059882563415
2018-03-31 03:00:00,0.010268800967774596
2018-03-31 04:00:00,0.01718528995359992
2018-03-31 05:00:00,0.028353986294668385
2018-03-31 06:00:00,0.009931569441921688
2018-03-31 07:00:00,0.012867523352604411
2018-03-31 08:00:00,0.038172565276748165
2018-03-31 09:00:00,0.0130028646542854
2018-03-31 10:00:00,0.02968164388675108
2018-03-31 11:00:00,0.016920063756877327
2018-03-31 12:00:00,0.016241158948826627
2018-03-31 13:00:00,0.00830418360715738
2018-03-31 14:00:00,0.01796203956348347
2018-03-31 15:00:00,0.009247233193433145
2018-03-31 16:00:00,0.008847836413909689
2018-03-31 17:00:00,0.016271528726716125
2018-03-31 18:00:00,0.014242086538560952
2018-03-31 19:00:00,0.008484541153143831
2018-03-31 20:00:00,0.03454450321610073
2018-03-31 21:00:00,0.019557132423522333
2018-03-31 22:00:00,0.011826081604204964
2018-03-31 23:00:00,0.011764076507138175
2018-04-01 00:00:00,0.03368264315581038
2018-04-01 01:00:00,0.012816271481248722
2018-04-01 02:00:00,0.0024162601649146617
2018-04-01 03:00:00,0.013956379301100743
2018-04-01 04:00:00,0.04287683684896301
2018-04-01 05:00:00,0.014617702822700624
2018-04-01 06:00:00,0.014836722716001081
2018-04-01 07:00:00,0.00369192568946984
2018-04-01 08:00:00,0.007746364389336255
2018-04-01 09:00:00,0.012661491099581828
2018-04-01 10:00:00,0.007116692370850528
2018-04-01 11:00:00,0.013568130189868764
2018-04-01 12:00:00,0.024681803051124294
2018-04-01 13:00:00,0.014870713360092444
2018-04-01 14:00:00,0.0204206512740909
2018-04-01 15:00:00,0.00894565657709458
2018-04-01 16:00:00,0.008716090773615202
2018-04-01 17:00:00,0.013155148305859987
2018-04-01 18:00:00,0.026043594129293815
2018-04-01 19:00:00,0.013389592846333743
2018-04-01 20:00:00,0.016888795424164865
2018-04-01 21:00:00,0.004839586335925995
2018-04-01 22:00:00,0.014122601218011153
2018-04-01 23:00:00,0.01017442502747038
2018-04-02 00:00:00,0.019017233999310827
2018-04-02 01:00:00,0.012829616019636675
2018-04-02 02:00:00,0.006590136551388584
2018-04-02 03:00:00,0.009613263186450961
2018-04-02 04:00:00,0.011604745389302236
2018-04-02 05:00:00,0.006841179735496335
2018-04-02 06:00:00,0.01003504532150145
2018-04-02 07:00:00,0.0180304748629894
2018-04-02 08:00:00,0.018219378836567917
2018-04-02 09:00:00,0.005839125599292252
2018-04-02 10:00:00,0.009483576891882409
2018-04-02 11:00:00,0.024026844347826697
2018-04-02 12:00:00,0.02231288791283115
2018-04-02 13:00:00,0.013813420132664962
2018-04-02 14:00:00,0.010880961523958062
2018-04-02 15:00:00,0.008145554836670172
2018-04-02 16:00:00,0.011054036163815083
2018-04-02 17:00:00,0.007800409568963341
2018-04-02 18:00:00,0.010336523377879867
2018-04-02 19:00:00,0.012401615856978774
2018-04-02 20:00:00,0.012947507920463265
2018-04-02 21:00:00,0.012538187711380103
2018-04-02 22:00:00,0.01820023904278958
2018-04-02 23:00:00,0.050446965377616004
2018-04-03 00:00:00,0.02659067390402616
2018-04-03 01:00:00,0.013095295537992494
2018-04-03 02:00:00,0.005117749892481835
2018-04-03 03:00:00,0.022801207136757047
2018-04-03 04:00:00,0.01242671425612788
2018-04-03 05:00:00,0.010647251820647694
2018-04-03 06:00:00,0.014345002624148688
2018-04-03 07:00:00,0.011102504317226605
2018-04-03 08:00:00,0.008982888276247802
2018-04-03 09:00:00,0.010359502581127736
2018-04-03 10:00:00,0.013245939108193114
2018-04-03 11:00:00,0.012521807625360062
2018-04-03 12:00:00,0.013493254681281992
2018-04-03 13:00:00,0.01948623184426319
2018-04-03 14:00:00,0.022257031829293686
2018-04-03 15:00:00,0.008307929965419897
2018-04-03 16:00:00,0.009390172075795821
2018-04-03 17:00:00,0.013775236383800986
2018-04-03 18:00:00,0.011447260071189819
2018-04-03 19:00:00,0.010955993322458188
2018-04-03 20:00:00,0.010365861215449402
2018-04-03 21:00:00,0.023122754345823785
2018-04-03 22:00:00,0.01157442612040231
2018-04-03 23:00:00,0.006090646638634771
2018-04-04 00:00:00,0.015369746139260329
2018-04-04 01:00:00,0.03050945356583131
2018-04-04 02:00:00,0.017289664650845755
2018-04-04 03:00:00,0.018043699808985337
2018-04-04 04:00:00,0.0162797040659251
2018-04-04 05:00:00,0.018830054802642805
2018-04-04 06:00:00,0.016955047114778757
2018-04-04 07:00:00,0.014351617762495454
2018-04-04 08:00:00,0.029193105506116198
2018-04-04 09:00:00,0.017110851630091378
2018-04-04 10:00:00,0.027408759773510927
2018-04-04 11:00:00,0.006602025525527886
2018-04-04 12:00:00,0.016805495181913335
2018-04-04 13:00:00,0.01882958064337384
2018-04-04 14:00:00,0.015877428167954066
2018-04-04 15:00:00,0.012549280830156327
2018-04-04 16:00:00,0.009960986443239086
2018-04-04 17:00:00,0.02247789280634033
2018-04-04 18:00:00,0.016954252228655414
2018-04-04 19:00:00,0.015679250608242486
2018-04-04 20:00:00,0.015975832286352777
2018-04-04 21:00:00,0.01615395100783339
2018-04-04 22:00:00,0.01630525353380439
2018-04-04 23:00:00,0.01644496803773918
2018-04-05 00:00:00,0.01665563615653619
2018-04-05 01:00:00,0.015511846233176934
2018-04-05 02:00:00,0.01628311610995668
2018-04-05 03:00:00,0.0027768797269144196
2018-04-05 04:00:00,0.010666355659430997
2018-04-05 05:00:00,0.01186502848850193
2018-04-05 06:00:00,0.012862900052700044
2018-04-05 07:00:00,0.006299776985766244
2018-04-05 08:00:00,0.028669167949965234
2018-04-05 09:00:00,0.01963347553029528
2018-04-05 10:00:00,0.010593305959204416
2018-04-05 11:00:00,0.016479151008334386
2018-04-05 12:00:00,0.01179808961013817
2018-04-05 13:00:00,0.009368812073572782
2018-04-05 14:00:00,0.015594461600798103
2018-04-05 15:00:00,0.01642534145537825
2018-04-05 16:00:00,0.010074379834905542
2018-04-05 17:00:00,0.006753822195587771
2018-04-05 18:00:00,0.015824057560520764
2018-04-05 19:00:00,0.009461365640298173
2018-04-05 20:00:00,0.01613640398171432
2018-04-05 21:00:00,0.009169397488584325
2018-04-05 22:00:00,0.010143869382196751
2018-04-05 23:00:00,0.012995726062491228
2018-04-06 00:00:00,0.020532154900682692
2018-04-06 01:00:00,0.014143097186540367
2018-04-06 02:00:00,0.02175671212744405
2018-04-06 03:00:00,0.011743015214358625
2018-04-06 04:00:00,0.01703307183217643
2018-04-06 05:00:00,0.01755517492369683
2018-04-06 06:00:00,0.008706090956474248
2018-04-06 07:00:00,0.006643399432291224
2018-04-06 08:00:00,0.013435310893147279
2018-04-06 09:00:00,0.009774508394353275
2018-04-06 10:00:00,0.015155696406271265
2018-04-06 11:00:00,0.012387953523772257
2018-04-06 12:00:00,0.010531697187035968
2018-04-06 13:00:00,0.0625358731804111
2018-04-06 14:00:00,0.0251211153457546
2018-04-06 15:00:00,0.013477642439818313
2018-04-06 16:00:00,0.03743346070083334
2018-04-06 17:00:00,0.014040130013213874
2018-04-06 18:00:00,0.008809587093794573
2018-04-06 19:00:00,0.014362391017068257
2018-04-06 20:00:00,0.0360207034754567
2018-04-06 21:00:00,0.005361046418866286
2018-04-06 22:00:00,0.009993729598086067
2018-04-06 23:00:00,0.043357111093991166
2018-04-07 00:00:00,0.0179481704271208
2018-04-07 01:00:00,0.013041113166506033
2018-04-07 02:00:00,0.00932849893700359
2018-04-07 03:00:00,0.01624528981379716
2018-04-07 04:00:00,0.017365077974003572
2018-04-07 05:00:00,0.014799040629172222
2018-04-07 06:00:00,0.01506926836131758
2018-04-07 07:00:00,0.017905469161853996
2018-04-07 08:00:00,0.028886755631444532
2018-04-07 09:00:00,0.021389553115664494
2018-04-07 10:00:00,0.02475377097038731
2018-04-07 11:00:00,0.030456579287074577
2018-04-07 12:00:00,0.016471199244459677
2018-04-07 13:00:00,0.012780453260986771
2018-04-07 14:00:00,0.014332349710067587
2018-04-07 15:00:00,0.0630623601861574
2018-04-07 16:00:00,0.015731190625518823
2018-04-07 17:00:00,0.013437320095711351
2018-04-07 18:00:00,0.00956494717818543
2018-04-07 19:00:00,0.013757752895753624
2018-04-07 20:00:00,0.0253427473591924
2018-04-07 21:00:00,0.015124588540434858
2018-04-07 22:00:00,0.020928667262363053
2018-04-07 23:00:00,0.016048979387281382
2018-04-08 00:00:00,0.015840898501331056
2018-04-08 01:00:00,0.014397884169308225
2018-04-08 02:00:00,0.014898157341163723
2018-04-08 03:00:00,0.017419016040182866
2018-04-08 04:00:00,0.011268554329549678
2018-04-08 05:00:00,0.009156584044703415
2018-04-08 06:00:00,0.023000540779201262
2018-04-08 07:00:00,0.03815662950288469
2018-04-08 08:00:00,0.03729617291986089
2018-04-08 09:00:00,0.008731102516096028
2018-04-08 10:00:00,0.020908885283480793
2018-04-08 11:00:00,0.02341770227043642
2018-04-08 12:00:00,0.0048908842909432485
2018-04-08 13:00:00,0.008409013217224617
2018-04-08 14:00:00,0.013139255691475898
2018-04-08 15:00:00,0.023805754315571616
2018-04-08 16:00:00,0.008951544867237577
2018-04-08 17:00:00,0.01798513156973783
2018-04-08 18:00:00,0.013782253871004235
2018-04-08 19:00:00,0.018493533709351095
2018-04-08 20:00:00,0.01481434836114812
2018-04-08 21:00:00,0.010827160043836898
2018-04-08 22:00:00,0.01574725534097258
2018-04-08 23:00:00,0.011827935461768363
2018-04-09 00:00:00,0.019954680081396413
2018-04-09 01:00:00,0.006557409981279242
2018-04-09 02:00:00,0.01143860327538385
2018-04-09 03:00:00,0.011419553539891382
2018-04-09 04:00:00,0.010751198981486769
2018-04-09 05:00:00,0.02571942378466574
2018-04-09 06:00:00,0.04053033148145082
2018-04-09 07:00:00,0.03300393964612782
2018-04-09 08:00:00,0.03800790297587093
2018-04-09 09:00:00,0.02871404120622095
2018-04-09 10:00:00,0.03136880341490695
2018-04-09 11:00:00,0.030884740254324288
2018-04-09 12:00:00,0.00933124003203093
2018-04-09 13:00:00,0.04352060004099145
2018-04-09 14:00:00,0.015150286676693582
2018-04-09 15:00:00,0.04815122092417669
2018-04-09 16:00:00,0.014486565862551431
2018-04-09 17:00:00,0.019448278370238232
2018-04-09 18:00:00,0.019717415881109614
2018-04-09 19:00:00,0.019849370830171756
2018-04-09 20:00:00,0.019949672644612386
2018-04-09 21:00:00,0.020036140822024262
2018-04-09 22:00:00,0.026395642213855135
2018-04-09 23:00:00,0.010217101788672587
2018-04-10 00:00:00,0.018435953724059248
2018-04-10 01:00:00,0.016630418703753654
2018-04-10 02:00:00,0.016376280554981113
2018-04-10 03:00:00,0.034557234823300094
2018-04-10 04:00:00,0.022532370704856308
2018-04-10 05:00:00,0.019957247559376876
2018-04-10 06:00:00,0.009721944549240878
2018-04-10 07:00:00,0.019464848780028222
2018-04-10 08:00:00,0.006338920711543469
2018-04-10 09:00:00,0.014833663921377277
2018-04-10 10:00:00,0.007868655023590607
2018-04-10 11:00:00,0.01400813761813814
2018-04-10 12:00:00,0.010636159387429183
2018-04-10 13:00:00,0.012199234327837653
2018-04-10 14:00:00,0.009482066630421
2018-04-10 15:00:00,0.04158996063207157
2018-04-10 16:00:00,0.024178576834945394
2018-04-10 17:00:00,0.030726827848092587
2018-04-10 18:00:00,0.010300330239882288
2018-04-10 19:00:00,0.008512804868017478
2018-04-10 20:00:00,0.037663454818545196
2018-04-10 21:00:00,0.015200205152558384
2018-04-10 22:00:00,0.005347539664696534
2018-04-10 23:00:00,0.014432142432239912
2018-04-11 00:00:00,0.034689250380943545
2018-04-11 01:00:00,0.018829947115214175
2018-04-11 02:00:00,0.009035663109252256
2018-04-11 03:00:00,0.018873745013865764
2018-04-11 04:00:00,0.01872413778351393
2018-04-11 05:00:00,0.026857797943537848
2018-04-11 06:00:00,0.02694408663612402
2018-04-11 07:00:00,0.016106010795090307
2018-04-11 08:00:00,0.020439588652431163
2018-04-11 09:00:00,0.013568585526756223
2018-04-11 10:00:00,0.010682661899496192
2018-04-11 11:00:00,0.011289133742757411
2018-04-11 12:00:00,0.02003606314403336
2018-04-11 13:00:00,0.02756535908856602
2018-04-11 14:00:00,0.013101125185458867
2018-04-11 15:00:00,0.023657932256060055
2018-04-11 16:00:00,0.03206741820896144
2018-04-11 17:00:00,0.03611365531240581
2018-04-11 18:00:00,0.03157910317717266
2018-04-11 19:00:00,0.01934606175351063
2018-04-11 20:00:00,0.014995419339568104
2018-04-11 21:00:00,0.01641960022519885
2018-04-11 22:00:00,0.0075719111045774515
2018-04-11 23:00:00,0.007987126620584923
2018-04-12 00:00:00,0.025546375482541697
2018-04-12 01:00:00,0.018864142557807873
2018-04-12 02:00:00,0.01659859921464689
2018-04-12 03:00:00,0.023028427081366216
2018-04-12 04:00:00,0.02311706719873675
2018-04-12 05:00:00,0.00905115163754019
2018-04-12 06:00:00,0.003944071606422431
2018-04-12 07:00:00,0.0064045580854431485
2018-04-12 08:00:00,0.0053361618871762065
2018-04-12 09:00:00,0.013525605026593036
2018-04-12 10:00:00,0.01159733029889614
2018-04-12 11:00:00,0.01453456042790284
2018-04-12 12:00:00,0.009933818559045493
2018-04-12 13:00:00,0.011480779020730143
2018-04-12 14:00:00,0.016661632060339524
2018-04-12 15:00:00,0.016999600733186997
2018-04-12 16:00:00,0.014329237055869543
2018-04-12 17:00:00,0.010995559643550777
2018-04-12 18:00:00,0.019378448019832593
2018-04-12 19:00:00,0.010483570641508361
2018-04-12 20:00:00,0.011483260284814487
2018-04-12 21:00:00,0.02544215117701366
2018-04-12 22:00:00,0.030334173747511274
2018-04-12 23:00:00,0.02882703486435769
2018-04-13 00:00:00,0.05039846634538422
2018-04-13 01:00:00,0.016689151193812868
2018-04-13 02:00:00,0.01599044616588397
2018-04-13 03:00:00,0.017988963331905312
2018-04-13 04:00:00,0.034074110137354084
2018-04-13 05:00:00,0.009309276959654132
2018-04-13 06:00:00,0.014445125473138691
2018-04-13 07:00:00,0.005948321361508044
2018-04-13 08:00:00,0.02892217519511175
2018-04-13 09:00:00,0.022648335222963695
2018-04-13 10:00:00,0.014256653315267273
2018-04-13 11:00:00,0.04770971435826636
2018-04-13 12:00:00,0.012574916448766725
2018-04-13 13:00:00,0.01954221545128016
2018-04-13 14:00:00,0.008149820535096582
2018-04-13 15:00:00,0.014530693700941443
2018-04-13 16:00:00,0.011787053950707256
2018-04-13 17:00:00,0.01805309436882945
2018-04-13 18:00:00,0.01956377040625259
2018-04-13 19:00:00,0.01914386617760317
2018-04-13 20:00:00,0.010251163380828906
2018-04-13 21:00:00,0.039564426428510414
2018-04-13 22:00:00,0.022914315687964565
2018-04-13 23:00:00,0.004702246184885962
2018-04-14 00:00:00,0.015064102117594258
2018-04-14 01:00:00,0.008360929133139005
2018-04-14 02:00:00,0.015118124644181937
2018-04-14 03:00:00,0.011450098726442356
2018-04-14 04:00:00,0.04872122342341628
2018-04-14 05:00:00,0.011044745820356475
2018-04-14 06:00:00,0.06341110421134562
2018-04-14 07:00:00,0.02815008924250598
2018-04-14 08:00:00,0.011143204900049683
2018-04-14 09:00:00,0.026926617671037788
2018-04-14 10:00:00,0.015418002399284748
2018-04-14 11:00:00,0.038660051835935134
2018-04-14 12:00:00,0.03489638446609143
2018-04-14 13:00:00,0.045080360234042556
2018-04-14 14:00:00,0.0324225999407094
2018-04-14 15:00:00,0.0222739101833029
2018-04-14 16:00:00,0.022490768244659492
2018-04-14 17:00:00,0.02258712899421466
2018-04-14 18:00:00,0.022655513492864092
2018-04-14 19:00:00,0.022711605832791575
2018-04-14 20:00:00,0.023465942168160718
2018-04-14 21:00:00,0.04034427074846014
2018-04-14 22:00:00,0.025211941176416064
2018-04-14 23:00:00,0.03316488645538018
2018-04-15 00:00:00,0.0374487946021824
2018-04-15 01:00:00,0.02496478251925956
2018-04-15 02:00:00,0.02689085700536471
2018-04-15 03:00:00,0.008083917707086727
2018-04-15 04:00:00,0.03598274460467348
2018-04-15 05:00:00,0.028540163908581127
2018-04-15 06:00:00,0.022557067232208423
2018-04-15 07:00:00,0.024586936727434564
2018-04-15 08:00:00,0.02963710474042294
2018-04-15 09:00:00,0.031150095654020823
2018-04-15 10:00:00,0.004557224871595954
2018-04-15 11:00:00,0.017525212201520337
2018-04-15 12:00:00,0.018484554846163063
2018-04-15 13:00:00,0.014392931869572056
2018-04-15 14:00:00,0.0238548260482363
2018-04-15 15:00:00,0.015446864742377386
2018-04-15 16:00:00,0.009702541127325548
2018-04-15 17:00:00,0.019247494575636452
2018-04-15 18:00:00,0.018817389946785137
2018-04-15 19:00:00,0.013585940199336146
2018-04-15 20:00:00,0.02402043785290276
2018-04-15 21:00:00,0.03632101990421776
2018-04-15 22:00:00,0.019228886680430896
2018-04-15 23:00:00,0.02045960238728105
2018-04-16 00:00:00,0.031870685380505526
2018-04-16 01:00:00,0.025058916537232925
2018-04-16 02:00:00,0.011081403950286478
2018-04-16 03:00:00,0.019531075457984163
2018-04-16 04:00:00,0.025358353320503887
2018-04-16 05:00:00,0.011734550072713627
2018-04-16 06:00:00,0.013860452396882115
2018-04-16 07:00:00,0.017058442856059498
2018-04-16 08:00:00,0.018042641981563523
2018-04-16 09:00:00,0.03462532923239379
2018-04-16 10:00:00,0.028050931056027253
2018-04-16 11:00:00,0.02261800303017362
2018-04-16 12:00:00,0.016099453598247476
2018-04-16 13:00:00,0.02323272375985093
2018-04-16 14:00:00,0.0559127868820455
2018-04-16 15:00:00,0.029717234615497995
2018-04-16 16:00:00,0.017460281550019482
2018-04-16 17:00:00,0.018411941323440244
2018-04-16 18:00:00,0.021934350124873724
2018-04-16 19:00:00,0.013204710595346001
2018-04-16 20:00:00,0.015448493685223075
2018-04-16 21:00:00,0.024689611118834456
2018-04-16 22:00:00,0.011098670441872299
2018-04-16 23:00:00,0.012537184792733679
2018-04-17 00:00:00,0.029074667176093964
2018-04-17 01:00:00,0.02410426524809993
2018-04-17 02:00:00,0.024209765542439175
2018-04-17 03:00:00,0.03193451418186755
2018-04-17 04:00:00,0.02107474366384693
2018-04-17 05:00:00,0.02054093746651139
2018-04-17 06:00:00,0.05291650206493928
2018-04-17 07:00:00,0.04216147095158698
2018-04-17 08:00:00,0.017930593272450727
2018-04-17 09:00:00,0.034745060311002954
2018-04-17 10:00:00,0.03056530999410678
2018-04-17 11:00:00,0.0034771268324603425
2018-04-17 12:00:00,0.015662352567321503
2018-04-17 13:00:00,0.023138918198427668
2018-04-17 14:00:00,0.008482205438627202
2018-04-17 15:00:00,0.02345872742811107
2018-04-17 16:00:00,0.019381252993475467
2018-04-17 17:00:00,0.03246522533905208
2018-04-17 18:00:00,0.01493938836368962
2018-04-17 19:00:00,0.008240777985017121
2018-04-17 20:00:00,0.017422997851868648
2018-04-17 21:00:00,0.015509871266706467
2018-04-17 22:00:00,0.010612334937105129
2018-04-17 23:00:00,0.044716597119119475
2018-04-18 00:00:00,0.02285533371028534
2018-04-18 01:00:00,0.014758413567785464
2018-04-18 02:00:00,0.015560170046307189
2018-04-18 03:00:00,0.028680025048022965
2018-04-18 04:00:00,0.02726163299775829
2018-04-18 05:00:00,0.01915368707482732
2018-04-18 06:00:00,0.03127700713457199
2018-04-18 07:00:00,0.010691211053335628
2018-04-18 08:00:00,0.015555168075174526
2018-04-18 09:00:00,0.011080412605052464
2018-04-18 10:00:00,0.009972068482125679
2018-04-18 11:00:00,0.02181269719238755
2018-04-18 12:00:00,0.014759486060454559
2018-04-18 13:00:00,0.020569881706397872
2018-04-18 14:00:00,0.011845169826879061
2018-04-18 15:00:00,0.023888588628398065
2018-04-18 16:00:00,0.051151283585992545
2018-04-18 17:00:00,0.01884212970474757
2018-04-18 18:00:00,0.012051199914015187
2018-04-18 19:00:00,0.02193760417833031
2018-04-18 20:00:00,0.017175068746744394
2018-04-18 21:00:00,0.026941395095085016
2018-04-18 22:00:00,0.02122912884389091
2018-04-18 23:00:00,0.013871861200261407
2018-04-19 00:00:00,0.02381451657541713
2018-04-19 01:00:00,0.04558746285325381
2018-04-19 02:00:00,0.021147233536269235
2018-04-19 03:00:00,0.030051967908508035
2018-04-19 04:00:00,0.04833215928880645
2018-04-19 05:00:00,0.054750434158340876
2018-04-19 06:00:00,0.017491075296250446
2018-04-19 07:00:00,0.05385390130535533
2018-04-19 08:00:00,0.023383593072777157
2018-04-19 09:00:00,0.04205398955704266
2018-04-19 10:00:00,0.03899714657374712
2018-04-19 11:00:00,0.02425033610781123
2018-04-19 12:00:00,0.022549043987077567
2018-04-19 13:00:00,0.027021168587804362
2018-04-19 14:00:00,0.027159479013091622
2018-04-19 15:00:00,0.027185909811074542
2018-04-19 16:00:00,0.02718940446652059
2018-04-19 17:00:00,0.027184879929354568
2018-04-19 18:00:00,0.0273319949578977
2018-04-19 19:00:00,0.03148757499661199
2018-04-19 20:00:00,0.03028215765545601
2018-04-19 21:00:00,0.02671006364056572
2018-04-19 22:00:00,0.014700681286915686
2018-04-19 23:00:00,0.02722793523259013
2018-04-20 00:00:00,0.014883101249784252
2018-04-20 01:00:00,0.051615754736338885
2018-04-20 02:00:00,0.019909150809858975
2018-04-20 03:00:00,0.02799218929823322
2018-04-20 04:00:00,0.04925246829267943
2018-04-20 05:00:00,0.037645975928175916
2018-04-20 06:00:00,0.005881785323412687
2018-04-20 07:00:00,0.021485650071893615
2018-04-20 08:00:00,0.014198166094644953
2018-04-20 09:00:00,0.05125330885441872
2018-04-20 10:00:00,0.020541481792738646
2018-04-20 11:00:00,0.023858525119470106
2018-04-20 12:00:00,0.018319313396309253
2018-04-20 13:00:00,0.024019817619875268
2018-04-20 14:00:00,0.02025859484601701
2018-04-20 15:00:00,0.03202768685544945
2018-04-20 16:00:00,0.047582066812456025
2018-04-20 17:00:00,0.055714093302914124
2018-04-20 18:00:00,0.028094420677612877
2018-04-20 19:00:00,0.008217103251301277
2018-04-20 20:00:00,0.0471976717052194
2018-04-20 21:00:00,0.034445758449782544
2018-04-20 22:00:00,0.03362735628811792
2018-04-20 23:00:00,0.02587171539464729
2018-04-21 00:00:00,0.02744465601254895
2018-04-21 01:00:00,0.029516959479697884
2018-04-21 02:00:00,0.05701496456159074
2018-04-21 03:00:00,0.01935343588934947
2018-04-21 04:00:00,0.007544056852472867
2018-04-21 05:00:00,0.051024812416355834
2018-04-21 06:00:00,0.03192694584351215
2018-04-21 07:00:00,0.022100879513850882
2018-04-21 08:00:00,0.02663393283861356
2018-04-21 09:00:00,0.019459432952793548
2018-04-21 10:00:00,0.03573657151232752
2018-04-21 11:00:00,0.014617466809812876
2018-04-21 12:00:00,0.016535684081732196
2018-04-21 13:00:00,0.0706542866361401
2018-04-21 14:00:00,0.009801975849516666
2018-04-21 15:00:00,0.019394045210917286
2018-04-21 16:00:00,0.040325822361746866
2018-04-21 17:00:00,0.02898248592764071
2018-04-21 18:00:00,0.022664768769149555
2018-04-21 19:00:00,0.01724181125344959
2018-04-21 20:00:00,0.020298287860559365
2018-04-21 21:00:00,0.02334238860815587
2018-04-21 22:00:00,0.0201417262910898
2018-04-21 23:00:00,0.02733424088149333
2018-04-22 00:00:00,0.027562719140962186
2018-04-22 01:00:00,0.07963727982985881
2018-04-22 02:00:00,0.005387795162079338
2018-04-22 03:00:00,0.019349808815853166
2018-04-22 04:00:00,0.016319752174004266
2018-04-22 05:00:00,0.018984264350393167
2018-04-22 06:00:00,0.022393634095143503
2018-04-22 07:00:00,0.021588302090515845
2018-04-22 08:00:00,0.045570794315875636
2018-04-22 09:00:00,0.009119561911921101
2018-04-22 10:00:00,0.011917766653504561
2018-04-22 11:00:00,0.04992964133892146
2018-04-22 12:00:00,0.019853007378442346
2018-04-22 13:00:00,0.018638219892914327
2018-04-22 14:00:00,0.012442126497140757
2018-04-22 15:00:00,0.004372654615999776
2018-04-22 16:00:00,0.015668606724987634
2018-04-22 17:00:00,0.03569212301249138
2018-04-22 18:00:00,0.021854274123073038
2018-04-22 19:00:00,0.03908071211945499
2018-04-22 20:00:00,0.0387215014969417
2018-04-22 21:00:00,0.033913974847043116
2018-04-22 22:00:00,0.012713767733389267
2018-04-22 23:00:00,0.034512776595599044
2018-04-23 00:00:00,0.03629424099495739
2018-04-23 01:00:00,0.021327451760035962
2018-04-23 02:00:00,0.013291268259019341
2018-04-23 03:00:00,0.004898407770468285
2018-04-23 04:00:00,0.031345173255793404
2018-04-23 05:00:00,0.012164518543210866
2018-04-23 06:00:00,0.04283406074365396
2018-04-23 07:00:00,0.02291985707971241
2018-04-23 08:00:00,0.020408041485764136
2018-04-23 09:00:00,0.016042110541183246
2018-04-23 10:00:00,0.02663278608698596
2018-04-23 11:00:00,0.04691576754851617
2018-04-23 12:00:00,0.018847212417974653
2018-04-23 13:00:00,0.02529636336735989
2018-04-23 14:00:00,0.03204474726215758
2018-04-23 15:00:00,0.02439799973265989
2018-04-23 16:00:00,0.025288949967971205
2018-04-23 17:00:00,0.016192631697165474
2018-04-23 18:00:00,0.023791238176177093
2018-04-23 19:00:00,0.030990890082564754
2018-04-23 20:00:00,0.06574231194480613
2018-04-23 21:00:00,0.05496816978893939
2018-04-23 22:00:00,0.022310187871203185
2018-04-23 23:00:00,0.062394546613399035
2018-04-24 00:00:00,0.07023843143991294
2018-04-24 01:00:00,0.06578349273063198
2018-04-24 02:00:00,0.01886211869107992
2018-04-24 03:00:00,0.03856212275622541
2018-04-24 04:00:00,0.02444818362203816
2018-04-24 05:00:00,0.021934847408944896
2018-04-24 06:00:00,0.02151492089394004
2018-04-24 07:00:00,0.03145957689850474
2018-04-24 08:00:00,0.034299487341430956
2018-04-24 09:00:00,0.03683130941922106
2018-04-24 10:00:00,0.023557190925054185
2018-04-24 11:00:00,0.028829161268631564
2018-04-24 12:00:00,0.029140002422174568
2018-04-24 13:00:00,0.029311652331925137
2018-04-24 14:00:00,0.029445058394387436
2018-04-24 15:00:00,0.02955788463063429
2018-04-24 16:00:00,0.12234207573842598
2018-04-24 17:00:00,0.01912267158085974
2018-04-24 18:00:00,0.04297253735582957
2018-04-24 19:00:00,0.02815016030546546
2018-04-24 20:00:00,0.017670982867811436
2018-04-24 21:00:00,0.022947364409293916
2018-04-24 22:00:00,0.05374896127807243
2018-04-24 23:00:00,0.03063726571840366
2018-04-25 00:00:00,0.03083510370620945
2018-04-25 01:00:00,0.01620406963521385
2018-04-25 02:00:00,0.018379435615427944
2018-04-25 03:00:00,0.025161407206967124
2018-04-25 04:00:00,0.019540996842298687
2018-04-25 05:00:00,0.02303483393058427
2018-04-25 06:00:00,0.029363932510080168
2018-04-25 07:00:00,0.014792652798087714
2018-04-25 08:00:00,0.022115107146417422
2018-04-25 09:00:00,0.03237747302301809
2018-04-25 10:00:00,0.05386668376879309
2018-04-25 11:00:00,0.020142114644353042
2018-04-25 12:00:00,0.022670031693905506
2018-04-25 13:00:00,0.016383441230920844
2018-04-25 14:00:00,0.034764182303751626
2018-04-25 15:00:00,0.009269816969474001
2018-04-25 16:00:00,0.04705124192164492
2018-04-25 17:00:00,0.05682698498493925
2018-04-25 18:00:00,0.026774891250259548
2018-04-25 19:00:00,0.021894023806309462
2018-04-25 20:00:00,0.06587479848476294
2018-04-25 21:00:00,0.06585298498043213
2018-04-25 22:00:00,0.02491810080002073
2018-04-25 23:00:00,0.05382988373903907
2018-04-26 00:00:00,0.03328215996245244
2018-04-26 01:00:00,0.017058969194315564
2018-04-26 02:00:00,0.04290633266753171
2018-04-26 03:00:00,0.07328261625430457
2018-04-26 04:00:00,0.010378144498258664
2018-04-26 05:00:00,0.033059861941942464
2018-04-26 06:00:00,0.014674189806486698
2018-04-26 07:00:00,0.018660612394032154
2018-04-26 08:00:00,0.0621022386611908
2018-04-26 09:00:00,0.03077106776711502
2018-04-26 10:00:00,0.0229661237935367
2018-04-26 11:00:00,0.027399209234497377
2018-04-26 12:00:00,0.036979843380640136
2018-04-26 13:00:00,0.04549883539646882
2018-04-26 14:00:00,0.03710412773366211
2018-04-26 15:00:00,0.07330596217659874
2018-04-26 16:00:00,0.028508413325753695
2018-04-26 17:00:00,0.02300994629703513
2018-04-26 18:00:00,0.0236085728620669
2018-04-26 19:00:00,0.0180333518955486
2018-04-26 20:00:00,0.013026549375592032
2018-04-26 21:00:00,0.024408299004439016
2018-04-26 22:00:00,0.02457117705677364
2018-04-26 23:00:00,0.017165244799429002
2018-04-27 00:00:00,0.021875283858163418
2018-04-27 01:00:00,0.04985764874155992
2018-04-27 02:00:00,0.029875300595225574
2018-04-27 03:00:00,0.01860487868367245
2018-04-27 04:00:00,0.04848409667950565
2018-04-27 05:00:00,0.051718098110603954
2018-04-27 06:00:00,0.049386402003808366
2018-04-27 07:00:00,0.02112784541892344
2018-04-27 08:00:00,0.02142810783846079
2018-04-27 09:00:00,0.015724942732404684
2018-04-27 10:00:00,0.01656391089029726
2018-04-27 11:00:00,0.04902471454001274
2018-04-27 12:00:00,0.048785150529473444
2018-04-27 13:00:00,0.014023244386258488
2018-04-27 14:00:00,0.021765916679183542
2018-04-27 15:00:00,0.054560680100708955
2018-04-27 16:00:00,0.0616950877914624
2018-04-27 17:00:00,0.025668093877092377
2018-04-27 18:00:00,0.033451707564966585
2018-04-27 19:00:00,0.05241679126165704
2018-04-27 20:00:00,0.04690393770435475
2018-04-27 21:00:00,0.01234080760854992
2018-04-27 22:00:00,0.028023691624535413
2018-04-27 23:00:00,0.022973037421017427
2018-04-28 00:00:00,0.04280783271249827
2018-04-28 01:00:00,0.030266664826143676
2018-04-28 02:00:00,0.015344080823344557
2018-04-28 03:00:00,0.04210632194856098
2018-04-28 04:00:00,0.016416506082916362
2018-04-28 05:00:00,0.03456032848109747
2018-04-28 06:00:00,0.016715057908195455
2018-04-28 07:00:00,0.020006972628960094
2018-04-28 08:00:00,0.01744509916248481
2018-04-28 09:00:00,0.022685110090128333
2018-04-28 10:00:00,0.06614968677361482
2018-04-28 11:00:00,0.02941251649699493
2018-04-28 12:00:00,0.02781247437559471
2018-04-28 13:00:00,0.06659863136803394
2018-04-28 14:00:00,0.02323386894100553
2018-04-28 15:00:00,0.029425819102817302
2018-04-28 16:00:00,0.03464544390898413
2018-04-28 17:00:00,0.03643680964946183
2018-04-28 18:00:00,0.024487462042417432
2018-04-28 19:00:00,0.025031169606854246
2018-04-28 20:00:00,0.0155850168188216
2018-04-28 21:00:00,0.0906546700430649
2018-04-28 22:00:00,0.038355167037366945
2018-04-28 23:00:00,0.04084830876449222
2018-04-29 00:00:00,0.08281473615173875
2018-04-29 01:00:00,0.05133173744978439
2018-04-29 02:00:00,0.06926822094564919
2018-04-29 03:00:00,0.013102508235312801
2018-04-29 04:00:00,0.025010145407159973
2018-04-29 05:00:00,0.07526235274720806
2018-04-29 06:00:00,0.08554600585017713
2018-04-29 07:00:00,0.018051793617978512
2018-04-29 08:00:00,0.03601098306905833
2018-04-29 09:00:00,0.026526959124652937
2018-04-29 10:00:00,0.026627861543460776
2018-04-29 11:00:00,0.026694706736256835
2018-04-29 12:00:00,0.026772652077852645
2018-04-29 13:00:00,0.026866421147751486
2018-04-29 14:00:00,0.08177456020820602
2018-04-29 15:00:00,0.06442699021867825
2018-04-29 16:00:00,0.03650942711341912
2018-04-29 17:00:00,0.08116105399936029
2018-04-29 18:00:00,0.04058039997828314
2018-04-29 19:00:00,0.0214065209913757
2018-04-29 20:00:00,0.030201226309327447
2018-04-29 21:00:00,0.0370971222539613
2018-04-29 22:00:00,0.03454299079644312
2018-04-29 23:00:00,0.024440255427534054
2018-04-30 00:00:00,0.03125995056152769
2018-04-30 01:00:00,0.04544755116632871
2018-04-30 02:00:00,0.03728260284433618
2018-04-30 03:00:00,0.03020007374444015
2018-04-30 04:00:00,0.022961490442472643
2018-04-30 05:00:00,0.02937680373364819
2018-04-30 06:00:00,0.06071872029407577
2018-04-30 07:00:00,0.02865151372298572
2018-04-30 08:00:00,0.018805090260465125
2018-04-30 09:00:00,0.02087213495117367
2018-04-30 10:00:00,0.02646771994655819
2018-04-30 11:00:00,0.01061730877044084
2018-04-30 12:00:00,0.05252109748646044
2018-04-30 13:00:00,0.10742625953808047
2018-04-30 14:00:00,0.043139823249492344
2018-04-30 15:00:00,0.02095811265252844
2018-04-30 16:00:00,0.02411867288273902
2018-04-30 17:00:00,0.03189831488088432
2018-04-30 18:00:00,0.030243190813757335
2018-04-30 19:00:00,0.06855678584375652
2018-04-30 20:00:00,0.04385302068446742
2018-04-30 21:00:00,0.06162035305472379
2018-04-30 22:00:00,0.041732334823367793
2018-04-30 23:00:00,0.03272422251281862
2018-05-01 00:00:00,0.0360608364792529
2018-05-01 01:00:00,0.07030679590891073
2018-05-01 02:00:00,0.06206831240573952
2018-05-01 03:00:00,0.027933422223766456
2018-05-01 04:00:00,0.11463695462678755
2018-05-01 05:00:00,0.09931540775073819
2018-05-01 06:00:00,0.049743069432951516
2018-05-01 07:00:00,0.02861199723090827
2018-05-01 08:00:00,0.029204906097371208
2018-05-01 09:00:00,0.07914538409564106
2018-05-01 10:00:00,0.04033239591602198
2018-05-01 11:00:00,0.06757510198328742
2018-05-01 12:00:00,0.12911190449529542
2018-05-01 13:00:00,0.018531323576497966
2018-05-01 14:00:00,0.09321572689341184
2018-05-01 15:00:00,0.05867930148569461
2018-05-01 16:00:00,0.040776433088694115
2018-05-01 17:00:00,0.09110727329446096
2018-05-01 18:00:00,0.012790663976897437
2018-05-01 19:00:00,0.03807839244974513
2018-05-01 20:00:00,0.037505420582784395
2018-05-01 21:00:00,0.02598905703892479
2018-05-01 22:00:00,0.023389154495685283
2018-05-01 23:00:00,0.03486293134074605
2018-05-02 00:00:00,0.059429065277879306
2018-05-02 01:00:00,0.021120556409161363
2018-05-02 02:00:00,0.02111524111235605
2018-05-02 03:00:00,0.051706658029034874
2018-05-02 04:00:00,0.03416535967842983
2018-05-02 05:00:00,0.03803691745833761
2018-05-02 06:00:00,0.02702800732060903
2018-05-02 07:00:00,0.01791336223017882
2018-05-02 08:00:00,0.03806115630907106
2018-05-02 09:00:00,0.0415849804137653
2018-05-02 10:00:00,0.08316573943515002
2018-05-02 11:00:00,0.11015051424612528
2018-05-02 12:00:00,0.04023533383568823
2018-05-02 13:00:00,0.034753730208131994
2018-05-02 14:00:00,0.020444554684390912
2018-05-02 15:00:00,0.028702634486590425
2018-05-02 16:00:00,0.11087612262823747
2018-05-02 17:00:00,0.09368238990481544
2018-05-02 18:00:00,0.022073490009738354
2018-05-02 19:00:00,0.03728995251065943
2018-05-02 20:00:00,0.03445864950909949
2018-05-02 21:00:00,0.053731870553605725
2018-05-02 22:00:00,0.051854793251581294
2018-05-02 23:00:00,0.055473812446904594
2018-05-03 00:00:00,0.028202534667116207
2018-05-03 01:00:00,0.08242637338864622
2018-05-03 02:00:00,0.13006118068510306
2018-05-03 03:00:00,0.05014889999352321
2018-05-03 04:00:00,0.06330456787527197
2018-05-03 05:00:00,0.035280979948733054
2018-05-03 06:00:00,0.04096584389942769
2018-05-03 07:00:00,0.03273313151141287
2018-05-03 08:00:00,0.027753760966157028
2018-05-03 09:00:00,0.02214711792542021
2018-05-03 10:00:00,0.05503025529014155
2018-05-03 11:00:00,0.036977183175051685
2018-05-03 12:00:00,0.08681052070303932
2018-05-03 13:00:00,0.03704682711661657
2018-05-03 14:00:00,0.05517585773242253
2018-05-03 15:00:00,0.029851665482106226
2018-05-03 16:00:00,0.07926373126413849
2018-05-03 17:00:00,0.04576401110056267
2018-05-03 18:00:00,0.03732376315788657
2018-05-03 19:00:00,0.06254242317912448
2018-05-03 20:00:00,0.04685858810134137
2018-05-03 21:00:00,0.04452706084030731
2018-05-03 22:00:00,0.08672018671871942
2018-05-03 23:00:00,0.035105374436945114
2018-05-04 00:00:00,0.04706354666396443
2018-05-04 01:00:00,0.053283387024972276
2018-05-04 02:00:00,0.06835056597065897
2018-05-04 03:00:00,0.0494752822417196
2018-05-04 04:00:00,0.0708432235510076
2018-05-04 05:00:00,0.034003707148786644
2018-05-04 06:00:00,0.09714382994063787
2018-05-04 07:00:00,0.04171894137767758
2018-05-04 08:00:00,0.041819264056767017
2018-05-04 09:00:00,0.04183377424846447
2018-05-04 10:00:00,0.041836652536549016
2018-05-04 11:00:00,0.04183903291444024
2018-05-04 12:00:00,0.013546435538881596
2018-05-04 13:00:00,0.059462879369854005
2018-05-04 14:00:00,0.042601736503689355
2018-05-04 15:00:00,0.03417086808123102
2018-05-04 16:00:00,0.04005339829294523
2018-05-04 17:00:00,0.05626042802959325
2018-05-04 18:00:00,0.034236144637732197
2018-05-04 19:00:00,0.046778922029460185
2018-05-04 20:00:00,0.06686686782258894
2018-05-04 21:00:00,0.041079541998697226
2018-05-04 22:00:00,0.08955848913134098
2018-05-04 23:00:00,0.05976907821469319
2018-05-05 00:00:00,0.04953748229617172
2018-05-05 01:00:00,0.06876424901845299
2018-05-05 02:00:00,0.022530850749943616
2018-05-05 03:00:00,0.024396282901225877
2018-05-05 04:00:00,0.03074582861333651
2018-05-05 05:00:00,0.14854371045768455
2018-05-05 06:00:00,0.18247207891698616
2018-05-05 07:00:00,0.05082153397121859
2018-05-05 08:00:00,0.037492733956583216
2018-05-05 09:00:00,0.017277756846463693
2018-05-05 10:00:00,0.03398546347879169
2018-05-05 11:00:00,0.05335271402985891
2018-05-05 12:00:00,0.06073877326329616
2018-05-05 13:00:00,0.06776872580049155
2018-05-05 14:00:00,0.06612447395095353
2018-05-05 15:00:00,0.06396077318379288
2018-05-05 16:00:00,0.06145740403232601
2018-05-05 17:00:00,0.01956436354390347
2018-05-05 18:00:00,0.03980289063758564
2018-05-05 19:00:00,0.12074495112501121
2018-05-05 20:00:00,0.03861030008222203
2018-05-05 21:00:00,0.023584138413767868
2018-05-05 22:00:00,0.042869851546990086
2018-05-05 23:00:00,0.019787984205670996
2018-05-06 00:00:00,0.030036477554514315
2018-05-06 01:00:00,0.033900474252995604
2018-05-06 02:00:00,0.0786291329926786
2018-05-06 03:00:00,0.08343671233168291
2018-05-06 04:00:00,0.0450950131849909
2018-05-06 05:00:00,0.03645943233397418
2018-05-06 06:00:00,0.039836654688622165
2018-05-06 07:00:00,0.053867667212906103
2018-05-06 08:00:00,0.07823821711581193
2018-05-06 09:00:00,0.0405620479865106
2018-05-06 10:00:00,0.037725631334979214
2018-05-06 11:00:00,0.09444826787682867
2018-05-06 12:00:00,0.06466351971556648
2018-05-06 13:00:00,0.03969185366622534
2018-05-06 14:00:00,0.08739685703093622
2018-05-06 15:00:00,0.06394595676682627
2018-05-06 16:00:00,0.041410285184796496
2018-05-06 17:00:00,0.0635472400267784
2018-05-06 18:00:00,0.06305403953899559
2018-05-06 19:00:00,0.049491425234423875
2018-05-06 20:00:00,0.09046818976077581
2018-05-06 21:00:00,0.035185595404076134
2018-05-06 22:00:00,0.05306769261937551
2018-05-06 23:00:00,0.05277736683365376
2018-05-07 00:00:00,0.04588250289348901
2018-05-07 01:00:00,0.048685508222954456
2018-05-07 02:00:00,0.06661296007936189
2018-05-07 03:00:00,0.05074688068350095
2018-05-07 04:00:00,0.07190352790427106
2018-05-07 05:00:00,0.057614406308247886
2018-05-07 06:00:00,0.012151733399746687
2018-05-07 07:00:00,0.043394534374052954
2018-05-07 08:00:00,0.03636549420254551
2018-05-07 09:00:00,0.06035260787141567
2018-05-07 10:00:00,0.05795327832727999
2018-05-07 11:00:00,0.05305582135023456
2018-05-07 12:00:00,0.036227050673700203
2018-05-07 13:00:00,0.03121976373099509
2018-05-07 14:00:00,0.09744137234537534
2018-05-07 15:00:00,0.07285045793567681
2018-05-07 16:00:00,0.05980348900730579
2018-05-07 17:00:00,0.032519131519853584
2018-05-07 18:00:00,0.07313100730767667
2018-05-07 19:00:00,0.057691708817674506
2018-05-07 20:00:00,0.05817166263778128
2018-05-07 21:00:00,0.06450995284393282
2018-05-07 22:00:00,0.04744444147716556
2018-05-07 23:00:00,0.02405426047834459
2018-05-08 00:00:00,0.03453669834832639
2018-05-08 01:00:00,0.04449151152704891
2018-05-08 02:00:00,0.0729922190052013
2018-05-08 03:00:00,0.03623399511159899
2018-05-08 04:00:00,0.06113664592795964
2018-05-08 05:00:00,0.015622857053768884
2018-05-08 06:00:00,0.0539050076190067
2018-05-08 07:00:00,0.09486276906016382
2018-05-08 08:00:00,0.07087211563339435
2018-05-08 09:00:00,0.05282015767343477
2018-05-08 10:00:00,0.11117864930530548
2018-05-08 11:00:00,0.033225015371184836
2018-05-08 12:00:00,0.0695566223030367
2018-05-08 13:00:00,0.05734594175109756
2018-05-08 14:00:00,0.06109140040373134
2018-05-08 15:00:00,0.034802586574961325
2018-05-08 16:00:00,0.10239167669338045
2018-05-08 17:00:00,0.03809376866482047
2018-05-08 18:00:00,0.015113877902580734
2018-05-08 19:00:00,0.03600737946676564
2018-05-08 20:00:00,0.08720850921025944
2018-05-08 21:00:00,0.0265355173096758
2018-05-08 22:00:00,0.05610848291956107
2018-05-08 23:00:00,0.0486727868485472
2018-05-09 00:00:00,0.03160403037890725
2018-05-09 01:00:00,0.056774482023717016
2018-05-09 02:00:00,0.10299854371250941
2018-05-09 03:00:00,0.07940488542387066
2018-05-09 04:00:00,0.1300397356197382
2018-05-09 05:00:00,0.07557162859216299
2018-05-09 06:00:00,0.07489453470242512
2018-05-09 07:00:00,0.07411059828830344
2018-05-09 08:00:00,0.07331364739127574
2018-05-09 09:00:00,0.0725200035410626
2018-05-09 10:00:00,0.01987498641125792
2018-05-09 11:00:00,0.07744522283405408
2018-05-09 12:00:00,0.08672958727758627
2018-05-09 13:00:00,0.07735623397601328
2018-05-09 14:00:00,0.03459484991629788
2018-05-09 15:00:00,0.05071981196281821
2018-05-09 16:00:00,0.02191217335443874
2018-05-09 17:00:00,0.03962436759827197
2018-05-09 18:00:00,0.03781379161701699
2018-05-09 19:00:00,0.06109975313330761
2018-05-09 20:00:00,0.0471592056318898
2018-05-09 21:00:00,0.024981591939156077
2018-05-09 22:00:00,0.008057652135234157
2018-05-09 23:00:00,0.019224708932352185
2018-05-10 00:00:00,0.03135099715935038
2018-05-10 01:00:00,0.04787523138179633
2018-05-10 02:00:00,0.06264316913331797
2018-05-10 03:00:00,0.06806528531846133
2018-05-10 04:00:00,0.07781718362441169
2018-05-10 05:00:00,0.04845878380224971
2018-05-10 06:00:00,0.042431430607063496
2018-05-10 07:00:00,0.08080222073516566
2018-05-10 08:00:00,0.02258540250691904
2018-05-10 09:00:00,0.037718284002909844
2018-05-10 10:00:00,0.11322860553123751
2018-05-10 11:00:00,0.13067362383566142
2018-05-10 12:00:00,0.04128277603047697
2018-05-10 13:00:00,0.08515681739010873
2018-05-10 14:00:00,0.0782745175814275
2018-05-10 15:00:00,0.10401509274593947
2018-05-10 16:00:00,0.057115052707210213
2018-05-10 17:00:00,0.07898004592258585
2018-05-10 18:00:00,0.06989324503947988
2018-05-10 19:00:00,0.12169839512791873
2018-05-10 20:00:00,0.05527030480566437
2018-05-10 21:00:00,0.05355669707210578
2018-05-10 22:00:00,0.054384253241021405
2018-05-10 23:00:00,0.01649785659229687
2018-05-11 00:00:00,0.07887972752581097
2018-05-11 01:00:00,0.0754159465889127
2018-05-11 02:00:00,0.051188162607378296
2018-05-11 03:00:00,0.06184472053051656
2018-05-11 04:00:00,0.06489417554191117
2018-05-11 05:00:00,0.06397567332360014
2018-05-11 06:00:00,0.038791735043358935
2018-05-11 07:00:00,0.058860843020786625
2018-05-11 08:00:00,0.05143961608362283
2018-05-11 09:00:00,0.037555932207383784
2018-05-11 10:00:00,0.06212770178152884
2018-05-11 11:00:00,0.009022786763409275
2018-05-11 12:00:00,0.02802088311769062
2018-05-11 13:00:00,0.05498021857539553
2018-05-11 14:00:00,0.05596052044513027
2018-05-11 15:00:00,0.09218317569289969
2018-05-11 16:00:00,0.09078930802683284
2018-05-11 17:00:00,0.027773841665723997
2018-05-11 18:00:00,0.04214187934843902
2018-05-11 19:00:00,0.047757876286081496
2018-05-11 20:00:00,0.09560871745566794
2018-05-11 21:00:00,0.06437933158619896
2018-05-11 22:00:00,0.04784931542193896
2018-05-11 23:00:00,0.0919114621604749
2018-05-12 00:00:00,0.026736908725070067
2018-05-12 01:00:00,0.0258005204694134
2018-05-12 02:00:00,0.05437039269159702
2018-05-12 03:00:00,0.04810400955314727
2018-05-12 04:00:00,0.03915621662108041
2018-05-12 05:00:00,0.08671564426348906
2018-05-12 06:00:00,0.0687951378520078
2018-05-12 07:00:00,0.07773343091488533
2018-05-12 08:00:00,0.07539049806264182
2018-05-12 09:00:00,0.0232475885485307
2018-05-12 10:00:00,0.014947618092280478
2018-05-12 11:00:00,0.026729877014880228
2018-05-12 12:00:00,0.05379526832617563
2018-05-12 13:00:00,0.07568075392188688
2018-05-12 14:00:00,0.1171604353195895
2018-05-12 15:00:00,0.07831758101663913
2018-05-12 16:00:00,0.072205309257957
2018-05-12 17:00:00,0.0640727241579873
2018-05-12 18:00:00,0.008289408123882973
2018-05-12 19:00:00,0.0626117898896093
2018-05-12 20:00:00,0.05374911073100116
2018-05-12 21:00:00,0.055977591941918106
2018-05-12 22:00:00,0.024564501345775445
2018-05-12 23:00:00,0.06724141456487018
2018-05-13 00:00:00,0.06865342689738839
2018-05-13 01:00:00,0.07273772159628962
2018-05-13 02:00:00,0.0756017289885147
2018-05-13 03:00:00,0.15892592070574713
2018-05-13 04:00:00,0.08382662801905143
2018-05-13 05:00:00,0.02328328724218711
2018-05-13 06:00:00,0.00828036769019224
2018-05-13 07:00:00,0.04736078776578146
2018-05-13 08:00:00,0.03262555871606062
2018-05-13 09:00:00,0.06673489799795071
2018-05-13 10:00:00,0.04020623426221469
2018-05-13 11:00:00,0.08767756201404835
2018-05-13 12:00:00,0.0647968292811672
2018-05-13 13:00:00,0.05173732579094893
2018-05-13 14:00:00,0.08463083528814569
2018-05-13 15:00:00,0.03634919884197735
2018-05-13 16:00:00,0.05589292139330222
2018-05-13 17:00:00,0.07830358830100322
2018-05-13 18:00:00,0.03663871526964633
2018-05-13 19:00:00,0.05828893571100846
2018-05-13 20:00:00,0.029361883059345874
2018-05-13 21:00:00,0.06942649946874638
2018-05-13 22:00:00,0.12537394401661578
2018-05-13 23:00:00,0.011481165249504214
2018-05-14 00:00:00,0.04772791250234384
2018-05-14 01:00:00,0.059529640756183375
2018-05-14 02:00:00,0.047745331246235936
2018-05-14 03:00:00,0.10782068096367832
2018-05-14 04:00:00,0.10582866750321512
2018-05-14 05:00:00,0.10386376066885668
2018-05-14 06:00:00,0.10195255323794342
2018-05-14 07:00:00,0.10009761620050377
2018-05-14 08:00:00,0.03234048041454304
2018-05-14 09:00:00,0.076460890786306
2018-05-14 10:00:00,0.05566980855368815
2018-05-14 11:00:00,0.0199141979019009
2018-05-14 12:00:00,0.07362790813297522
2018-05-14 13:00:00,0.04645040216718977
2018-05-14 14:00:00,0.05571166800226197
2018-05-14 15:00:00,0.04242707863401893
2018-05-14 16:00:00,0.06100809226199379
2018-05-14 17:00:00,0.05392882116711561
2018-05-14 18:00:00,0.06756152427032074
2018-05-14 19:00:00,0.04825660583688272
2018-05-14 20:00:00,0.06821026612846992
2018-05-14 21:00:00,0.07622445391275665
2018-05-14 22:00:00,0.08107868293022152
2018-05-14 23:00:00,0.026918929853300598
2018-05-15 00:00:00,0.022592490748502985
2018-05-15 01:00:00,0.026396019391106054
2018-05-15 02:00:00,0.048714616022137856
2018-05-15 03:00:00,0.025520670729161855
2018-05-15 04:00:00,0.01884275262695805
2018-05-15 05:00:00,0.03212191632294377
2018-05-15 06:00:00,0.09293236490072332
2018-05-15 07:00:00,0.06808908227135703
2018-05-15 08:00:00,0.04988512184617457
2018-05-15 09:00:00,0.06544899356927565
2018-05-15 10:00:00,0.041733011407793605
2018-05-15 11:00:00,0.02747432593041949
2018-05-15 12:00:00,0.04678212408206623
2018-05-15 13:00:00,0.06691460882184413
2018-05-15 14:00:00,0.018483233044473198
2018-05-15 15:00:00,0.058940770476691315
2018-05-15 16:00:00,0.08239439851687401
2018-05-15 17:00:00,0.04001233264105072
2018-05-15 18:00:00,0.0725028107940067
2018-05-15 19:00:00,0.03874508122908588
2018-05-15 20:00:00,0.045001495941825446
2018-05-15 21:00:00,0.07562252976831248
2018-05-15 22:00:00,0.04846404307982793
2018-05-15 23:00:00,0.04013884238632534
2018-05-16 00:00:00,0.08273035105798139
2018-05-16 01:00:00,0.043019551514685235
2018-05-16 02:00:00,0.08169469389572535
2018-05-16 03:00:00,0.052699048240279996
2018-05-16 04:00:00,0.022315707468310266
2018-05-16 05:00:00,0.05950147539644644
2018-05-16 06:00:00,0.024944148530138602
2018-05-16 07:00:00,0.04234409484075828
2018-05-16 08:00:00,0.05197843184857999
2018-05-16 09:00:00,0.1172436396920841
2018-05-16 10:00:00,0.03685377670071903
2018-05-16 11:00:00,0.05748217338299313
2018-05-16 12:00:00,0.04001944474838196
2018-05-16 13:00:00,0.11250561414398097
2018-05-16 14:00:00,0.11034831820163442
2018-05-16 15:00:00,0.04175205496832467
2018-05-16 16:00:00,0.04349846700844658
2018-05-16 17:00:00,0.04399131576269874
2018-05-16 18:00:00,0.06224766102847033
2018-05-16 19:00:00,0.03840781898067488
2018-05-16 20:00:00,0.05584166371088769
2018-05-16 21:00:00,0.05040463719073185
2018-05-16 22:00:00,0.04287232075324262
2018-05-16 23:00:00,0.02515015087592498
2018-05-17 00:00:00,0.04177635198455157
2018-05-17 01:00:00,0.07347628054529573
2018-05-17 02:00:00,0.028252029240279537
2018-05-17 03:00:00,0.038907321275025775
2018-05-17 04:00:00,0.0433427377708139
2018-05-17 05:00:00,0.06614855122468825
2018-05-17 06:00:00,0.04054905387402515
2018-05-17 07:00:00,0.05474079529734971
2018-05-17 08:00:00,0.05369853865505564
2018-05-17 09:00:00,0.058581046436141614
2018-05-17 10:00:00,0.04056886002536186
2018-05-17 11:00:00,0.04370822126522728
2018-05-17 12:00:00,0.028764666709802822
2018-05-17 13:00:00,0.04521302524282838
2018-05-17 14:00:00,0.0681818238119254
2018-05-17 15:00:00,0.06547920236417447
2018-05-17 16:00:00,0.03782752932762075
2018-05-17 17:00:00,0.03358340107711628
2018-05-17 18:00:00,0.058033967865779815
2018-05-17 19:00:00,0.07163792468037408
2018-05-17 20:00:00,0.2500425765456389
2018-05-17 21:00:00,0.04818862486960713
2018-05-17 22:00:00,0.03411642526439777
2018-05-17 23:00:00,0.08028753617934223
2018-05-18 00:00:00,0.061916690096517846
2018-05-18 01:00:00,0.040281313429281165
2018-05-18 02:00:00,0.03159431018231906
2018-05-18 03:00:00,0.04649297249550022
2018-05-18 04:00:00,0.08201180777180236
2018-05-18 05:00:00,0.21190247514094362
2018-05-18 06:00:00,0.05749927267936311
2018-05-18 07:00:00,0.04541575612412723
2018-05-18 08:00:00,0.06654785562077137
2018-05-18 09:00:00,0.04840893813707487
2018-05-18 10:00:00,0.020311651738804695
2018-05-18 11:00:00,0.009841064401313047
2018-05-18 12:00:00,0.07562682341745475
2018-05-18 13:00:00,0.08094037003848739
2018-05-18 14:00:00,0.04825653890651605
2018-05-18 15:00:00,0.045465685058470345
2018-05-18 16:00:00,0.06711683200828865
2018-05-18 17:00:00,0.04244198540461785
2018-05-18 18:00:00,0.04902176273248601
2018-05-18 19:00:00,0.028349739567542158
2018-05-18 20:00:00,0.028980649155174818
2018-05-18 21:00:00,0.0556770394966272
2018-05-18 22:00:00,0.051659532206060885
2018-05-18 23:00:00,0.05556650607621126
2018-05-19 00:00:00,0.03203257604059638
2018-05-19 01:00:00,0.09951614773016718
2018-05-19 02:00:00,0.09782445482766026
2018-05-19 03:00:00,0.09626189174052678
2018-05-19 04:00:00,0.09475883421317831
2018-05-19 05:00:00,0.09330168730201355
2018-05-19 06:00:00,0.0361969955486628
2018-05-19 07:00:00,0.05830155362992495
2018-05-19 08:00:00,0.02096877765030941
2018-05-19 09:00:00,0.05691112794061348
2018-05-19 10:00:00,0.03146552890139838
2018-05-19 11:00:00,0.05747328105652128
2018-05-19 12:00:00,0.04481943558542921
2018-05-19 13:00:00,0.0334338951686182
2018-05-19 14:00:00,0.05479179932126835
2018-05-19 15:00:00,0.030024413724130266
2018-05-19 16:00:00,0.05046014528638441
2018-05-19 17:00:00,0.018642463979067308
2018-05-19 18:00:00,0.0489812113113503
2018-05-19 19:00:00,0.04048675809846295
2018-05-19 20:00:00,0.02593938159592284
2018-05-19 21:00:00,0.05837379948496066
2018-05-19 22:00:00,0.04478852176859484
2018-05-19 23:00:00,0.025267298868384573
2018-05-20 00:00:00,0.0583661462292128
2018-05-20 01:00:00,0.015207600310061029
2018-05-20 02:00:00,0.037029095984688606
2018-05-20 03:00:00,0.025828830881831154
2018-05-20 04:00:00,0.07731658840789214
2018-05-20 05:00:00,0.07830594670175862
2018-05-20 06:00:00,0.033041919132122684
2018-05-20 07:00:00,0.03272050116319648
2018-05-20 08:00:00,0.046728746058378144
2018-05-20 09:00:00,0.04370772261370043
2018-05-20 10:00:00,0.04741123441594904
2018-05-20 11:00:00,0.08446267273818818
2018-05-20 12:00:00,0.009725362093441482
2018-05-20 13:00:00,0.06393516290043573
2018-05-20 14:00:00,0.036520122780915966
2018-05-20 15:00:00,0.030745385266686485
2018-05-20 16:00:00,0.04676567795542517
2018-05-20 17:00:00,0.0390095519084852
2018-05-20 18:00:00,0.026224776707213848
2018-05-20 19:00:00,0.0434359300402206
2018-05-20 20:00:00,0.03657329212493827
2018-05-20 21:00:00,0.02477313200386669
2018-05-20 22:00:00,0.028173422950457654
2018-05-20 23:00:00,0.10367997402502728
2018-05-21 00:00:00,0.03012340951531839
2018-05-21 01:00:00,0.04796119586227675
2018-05-21 02:00:00,0.03911320443185105
2018-05-21 03:00:00,0.042507011286485395
2018-05-21 04:00:00,0.045242068173274336
2018-05-21 05:00:00,0.035021586363541385
2018-05-21 06:00:00,0.0651700397647054
2018-05-21 07:00:00,0.018188486024716066
2018-05-21 08:00:00,0.023921015666956966
2018-05-21 09:00:00,0.03120274360152581
2018-05-21 10:00:00,0.020034743164475885
2018-05-21 11:00:00,0.07488926152989667
2018-05-21 12:00:00,0.07406689117143146
2018-05-21 13:00:00,0.0409646241731799
2018-05-21 14:00:00,0.04616647250995499
2018-05-21 15:00:00,0.025452423949979684
2018-05-21 16:00:00,0.04670541905448996
2018-05-21 17:00:00,0.019212008407260714
2018-05-21 18:00:00,0.04786396408411811
2018-05-21 19:00:00,0.01645139332885945
2018-05-21 20:00:00,0.029204639848723946
2018-05-21 21:00:00,0.05525321643514667
2018-05-21 22:00:00,0.02463434724460585
2018-05-21 23:00:00,0.03366032164400219
2018-05-22 00:00:00,0.0192724721406145
2018-05-22 01:00:00,0.04325593718950881
2018-05-22 02:00:00,0.08544163644836143
2018-05-22 03:00:00,0.029042518493862978
2018-05-22 04:00:00,0.028786880358488292
2018-05-22 05:00:00,0.023032305646110366
2018-05-22 06:00:00,0.06423655287900171
2018-05-22 07:00:00,0.029531237970596903
2018-05-22 08:00:00,0.026578674535261443
2018-05-22 09:00:00,0.05623803459584686
2018-05-22 10:00:00,0.03937887298273123
2018-05-22 11:00:00,0.02532291749764084
2018-05-22 12:00:00,0.06913399786378033
2018-05-22 13:00:00,0.057409437315952674
2018-05-22 14:00:00,0.03694191011053845
2018-05-22 15:00:00,0.037469398949961756
2018-05-22 16:00:00,0.029604604621160734
2018-05-22 17:00:00,0.06982176178180345
2018-05-22 18:00:00,0.07719047500700729
2018-05-22 19:00:00,0.027124475231977085
2018-05-22 20:00:00,0.060399571588892594
2018-05-22 21:00:00,0.03937182830608251
2018-05-22 22:00:00,0.04646432970175465
2018-05-22 23:00:00,0.037012460253224216
2018-05-23 00:00:00,0.04297645585749298
2018-05-23 01:00:00,0.03042188168169628
2018-05-23 02:00:00,0.03644899592308511
2018-05-23 03:00:00,0.04713429062072188
2018-05-23 04:00:00,0.03985874526452674
2018-05-23 05:00:00,0.027391821369726944
2018-05-23 06:00:00,0.02220379278059334
2018-05-23 07:00:00,0.02518686406430863
2018-05-23 08:00:00,0.04249898095893875
2018-05-23 09:00:00,0.029580052182958942
2018-05-23 10:00:00,0.039506429103666335
2018-05-23 11:00:00,0.03554085127102193
2018-05-23 12:00:00,0.045618239597401376
2018-05-23 13:00:00,0.07898382117833457
2018-05-23 14:00:00,0.010237078230730941
2018-05-23 15:00:00,0.04665958156417919
2018-05-23 16:00:00,0.042306802043527734
2018-05-23 17:00:00,0.06897605713409018
2018-05-23 18:00:00,0.051015143833719336
2018-05-23 19:00:00,0.04731420105564379
2018-05-23 20:00:00,0.024673710154501247
2018-05-23 21:00:00,0.028023148990225795
2018-05-23 22:00:00,0.02421868033552056
2018-05-23 23:00:00,0.05523764595587222
2018-05-24 00:00:00,0.055019733137148696
2018-05-24 01:00:00,0.054889169228870806
2018-05-24 02:00:00,0.05476584441382297
2018-05-24 03:00:00,0.05463625532656227
2018-05-24 04:00:00,0.041276269456399624
2018-05-24 05:00:00,0.04973213168488948
2018-05-24 06:00:00,0.043414194346801514
2018-05-24 07:00:00,0.055176936878016926
2018-05-24 08:00:00,0.02245209686344329
2018-05-24 09:00:00,0.03473491529669301
2018-05-24 10:00:00,0.050090832335926316
2018-05-24 11:00:00,0.05599871975508036
2018-05-24 12:00:00,0.030198421171321283
2018-05-24 13:00:00,0.04064938364694322
2018-05-24 14:00:00,0.04078417265731317
2018-05-24 15:00:00,0.03627607644440474
2018-05-24 16:00:00,0.043838596959978784
2018-05-24 17:00:00,0.026718144109542336
2018-05-24 18:00:00,0.035876225133828155
2018-05-24 19:00:00,0.027092918767046763
2018-05-24 20:00:00,0.048951909872502884
2018-05-24 21:00:00,0.03175197564448033
2018-05-24 22:00:00,0.0314741173519857
2018-05-24 23:00:00,0.020635030952771666
2018-05-25 00:00:00,0.044928640072721814
2018-05-25 01:00:00,0.04214345159185974
2018-05-25 02:00:00,0.037970629674748374
2018-05-25 03:00:00,0.02778926223188434
2018-05-25 04:00:00,0.039783128920278764
2018-05-25 05:00:00,0.04766455054494883
2018-05-25 06:00:00,0.04285060409455983
2018-05-25 07:00:00,0.036185878132755395
2018-05-25 08:00:00,0.032927455731893936
2018-05-25 09:00:00,0.04730523202194502
2018-05-25 10:00:00,0.0273134919303633
2018-05-25 11:00:00,0.00914804585474381
2018-05-25 12:00:00,0.03753751697249563
2018-05-25 13:00:00,0.04992945876580022
2018-05-25 14:00:00,0.04671676957415665
2018-05-25 15:00:00,0.026448480380250005
2018-05-25 16:00:00,0.03348781621165467
2018-05-25 17:00:00,0.05211785296658332
2018-05-25 18:00:00,0.03204454562626821
2018-05-25 19:00:00,0.01076919166714924
2018-05-25 20:00:00,0.04633655224547141
2018-05-25 21:00:00,0.027309540619823106
2018-05-25 22:00:00,0.0358412563515618
2018-05-25 23:00:00,0.04313512053605593
2018-05-26 00:00:00,0.028885870075846257
2018-05-26 01:00:00,0.033844440206862454
2018-05-26 02:00:00,0.03449956328267763
2018-05-26 03:00:00,0.02936331105480544
2018-05-26 04:00:00,0.03608235330805712
2018-05-26 05:00:00,0.017356049807486226
2018-05-26 06:00:00,0.019788198767340243
2018-05-26 07:00:00,0.02415346835934145
2018-05-26 08:00:00,0.044579309100605785
2018-05-26 09:00:00,0.024849469532929935
2018-05-26 10:00:00,0.024630808396023527
2018-05-26 11:00:00,0.05040941898143649
2018-05-26 12:00:00,0.03395014771476023
2018-05-26 13:00:00,0.03916289143405994
2018-05-26 14:00:00,0.02391536676362669
2018-05-26 15:00:00,0.022694901027025427
2018-05-26 16:00:00,0.03702345351146504
2018-05-26 17:00:00,0.03228502968902604
2018-05-26 18:00:00,0.022897189424097655
2018-05-26 19:00:00,0.0292714867076989
2018-05-26 20:00:00,0.0308940988372264
2018-05-26 21:00:00,0.038284521114910645
2018-05-26 22:00:00,0.022503573791627672
2018-05-26 23:00:00,0.018292438585018448
2018-05-27 00:00:00,0.026578048599662247
2018-05-27 01:00:00,0.01534004595502772
2018-05-27 02:00:00,0.024775365667361535
2018-05-27 03:00:00,0.03429557294971686
2018-05-27 04:00:00,0.015169453515491881
2018-05-27 05:00:00,0.03402214654499876
2018-05-27 06:00:00,0.021929543582991245
2018-05-27 07:00:00,0.017929187704969523
2018-05-27 08:00:00,0.03934463517172242
2018-05-27 09:00:00,0.012784821810752694
2018-05-27 10:00:00,0.022868676816317327
2018-05-27 11:00:00,0.03317065293910243
2018-05-27 12:00:00,0.04102092576051231
2018-05-27 13:00:00,0.007734523400891408
2018-05-27 14:00:00,0.02287340190740718
2018-05-27 15:00:00,0.018573027166909045
2018-05-27 16:00:00,0.0329956290857104
2018-05-27 17:00:00,0.014314871956671945
2018-05-27 18:00:00,0.016258768487381534
2018-05-27 19:00:00,0.030307376398830996
2018-05-27 20:00:00,0.011715251581492059
2018-05-27 21:00:00,0.03689488613653954
2018-05-27 22:00:00,0.01087724834243048
2018-05-27 23:00:00,0.030617886042097805
2018-05-28 00:00:00,0.02671041055169379
2018-05-28 01:00:00,0.04039864493119412
2018-05-28 02:00:00,0.025783418983647742
2018-05-28 03:00:00,0.018756835080599703
2018-05-28 04:00:00,0.02196958158596694
2018-05-28 05:00:00,0.015895742537446134
2018-05-28 06:00:00,0.03823629544726231
2018-05-28 07:00:00,0.0258142792531675
2018-05-28 08:00:00,0.007822613973608557
2018-05-28 09:00:00,0.030971405449537494
2018-05-28 10:00:00,0.02094195313221586
2018-05-28 11:00:00,0.021527623790541187
2018-05-28 12:00:00,0.00753607358522432
2018-05-28 13:00:00,0.039606494872359455
2018-05-28 14:00:00,0.04628048195101946
2018-05-28 15:00:00,0.03899084805082725
2018-05-28 16:00:00,0.033559834477869394
2018-05-28 17:00:00,0.03346026186524758
2018-05-28 18:00:00,0.03320042219416454
2018-05-28 19:00:00,0.03461927094893225
2018-05-28 20:00:00,0.037139334740694675
2018-05-28 21:00:00,0.021438356818742368
2018-05-28 22:00:00,0.020860910955958337
2018-05-28 23:00:00,0.020355981435911146
2018-05-29 00:00:00,0.01996620184527968
2018-05-29 01:00:00,0.019691380673405773
2018-05-29 02:00:00,0.02959226835467179
2018-05-29 03:00:00,0.01894271752291761
2018-05-29 04:00:00,0.04715998398871108
2018-05-29 05:00:00,0.028852595080650217
2018-05-29 06:00:00,0.03591625394401537
2018-05-29 07:00:00,0.030906825173208804
2018-05-29 08:00:00,0.03657237682946887
2018-05-29 09:00:00,0.03220325593327525
2018-05-29 10:00:00,0.02607665720705132
2018-05-29 11:00:00,0.04025995855377594
2018-05-29 12:00:00,0.029834009428759464
2018-05-29 13:00:00,0.02330576166402909
2018-05-29 14:00:00,0.0338358670220228
2018-05-29 15:00:00,0.03518655037325178
2018-05-29 16:00:00,0.03097144169391055
2018-05-29 17:00:00,0.025954964968182122
2018-05-29 18:00:00,0.033002743203744085
2018-05-29 19:00:00,0.024984976256045198
2018-05-29 20:00:00,0.02825160427694848
2018-05-29 21:00:00,0.020191891281622007
2018-05-29 22:00:00,0.027353973680121435
2018-05-29 23:00:00,0.025230015926651073
2018-05-30 00:00:00,0.010299910326771753
2018-05-30 01:00:00,0.020431602372842077
2018-05-30 02:00:00,0.03238378363342624
2018-05-30 03:00:00,0.017889219056965833
2018-05-30 04:00:00,0.020644779560842774
2018-05-30 05:00:00,0.02443106364532555
2018-05-30 06:00:00,0.03352829017160955
2018-05-30 07:00:00,0.016907668576183615
2018-05-30 08:00:00,0.037463000772543796
2018-05-30 09:00:00,0.019343900183434883
2018-05-30 10:00:00,0.025543435420578763
2018-05-30 11:00:00,0.022097849691144755
2018-05-30 12:00:00,0.03971075830632338
2018-05-30 13:00:00,0.025943540560392647
2018-05-30 14:00:00,0.014175539680899851
2018-05-30 15:00:00,0.016402728501587027
2018-05-30 16:00:00,0.02808887468077273
2018-05-30 17:00:00,0.025776099818935867
2018-05-30 18:00:00,0.028401835921330845
2018-05-30 19:00:00,0.023228322379250856
2018-05-30 20:00:00,0.029111058261831555
2018-05-30 21:00:00,0.023043088536781605
2018-05-30 22:00:00,0.032339875762144726
2018-05-30 23:00:00,0.021227852235076554
2018-05-31 00:00:00,0.03143046597329425
2018-05-31 01:00:00,0.02029287651719798
2018-05-31 02:00:00,0.025812207448651422
2018-05-31 03:00:00,0.031956824076687484
2018-05-31 04:00:00,0.023450252351028215
2018-05-31 05:00:00,0.030584028600431714
2018-05-31 06:00:00,0.02812295574934414
2018-05-31 07:00:00,0.030624019738131572
2018-05-31 08:00:00,0.029197180072323796
2018-05-31 09:00:00,0.028567446866532387
2018-05-31 10:00:00,0.03492052247441696
2018-05-31 11:00:00,0.022491925619585084
2018-05-31 12:00:00,0.013611060189086513
2018-05-31 13:00:00,0.023358648061477416
2018-05-31 14:00:00,0.028192883338705874
2018-05-31 15:00:00,0.02811468594453718
2018-05-31 16:00:00,0.01709993592391571
2018-05-31 17:00:00,0.028976034973977625
2018-05-31 18:00:00,0.024247606788586312
2018-05-31 19:00:00,0.024644243023253416
2018-05-31 20:00:00,0.03036877718966653
2018-05-31 21:00:00,0.019356403887791945
2018-05-31 22:00:00,0.016113737702457748
2018-05-31 23:00:00,0.03161021470324303
2018-06-01 00:00:00,0.018891654847803856
2018-06-01 01:00:00,0.025664781426367564
2018-06-01 02:00:00,0.024905517888486023
2018-06-01 03:00:00,0.0291540169963538
2018-06-01 04:00:00,0.0248286748828536
2018-06-01 05:00:00,0.024792861688474343
2018-06-01 06:00:00,0.0155350509958647
2018-06-01 07:00:00,0.025711732852691394
2018-06-01 08:00:00,0.02572614759630584
2018-06-01 09:00:00,0.02908547868959169
2018-06-01 10:00:00,0.014871404854093596
2018-06-01 11:00:00,0.02656862343746663
2018-06-01 12:00:00,0.018627334243534237
2018-06-01 13:00:00,0.01692433230702108
2018-06-01 14:00:00,0.011427057053361004
2018-06-01 15:00:00,0.016318245817401704
2018-06-01 16:00:00,0.019990562160287103
2018-06-01 17:00:00,0.0100570121405273
2018-06-01 18:00:00,0.010897379817799986
2018-06-01 19:00:00,0.007705480194462994
2018-06-01 20:00:00,0.024263486259667743
2018-06-01 21:00:00,0.021698469223444195
2018-06-01 22:00:00,0.022958864798321633
2018-06-01 23:00:00,0.021665486691641
2018-06-02 00:00:00,0.02415388137800793
2018-06-02 01:00:00,0.01956327513086812
2018-06-02 02:00:00,0.017209996644428148
2018-06-02 03:00:00,0.023712727007832887
2018-06-02 04:00:00,0.019717363469287225
2018-06-02 05:00:00,0.027361635532459766
2018-06-02 06:00:00,0.014740712491658304
2018-06-02 07:00:00,0.011895996321837557
2018-06-02 08:00:00,0.020966304280055206
2018-06-02 09:00:00,0.020509098436191687
2018-06-02 10:00:00,0.04817828257656281
2018-06-02 11:00:00,0.014419057448071463
2018-06-02 12:00:00,0.02286734835563524
2018-06-02 13:00:00,0.029537772090177116
2018-06-02 14:00:00,0.02497438064267295
2018-06-02 15:00:00,0.02675664522682864
2018-06-02 16:00:00,0.025385300144311885
2018-06-02 17:00:00,0.013280325599298674
2018-06-02 18:00:00,0.022453674521520993
2018-06-02 19:00:00,0.024170999356414674
2018-06-02 20:00:00,0.02304721176398618
2018-06-02 21:00:00,0.02188555336802824
2018-06-02 22:00:00,0.020760611982132762
2018-06-02 23:00:00,0.019686174157809096
2018-06-03 00:00:00,0.01964542127705083
2018-06-03 01:00:00,0.012256374028487458
2018-06-03 02:00:00,0.007728214020367359
2018-06-03 03:00:00,0.018646423399869525
2018-06-03 04:00:00,0.02470363697592521
2018-06-03 05:00:00,0.016133429256436325
2018-06-03 06:00:00,0.014230028618783398
2018-06-03 07:00:00,0.008057026099214208
2018-06-03 08:00:00,0.017764202981960967
2018-06-03 09:00:00,0.011793981072501158
2018-06-03 10:00:00,0.015742805481625582
2018-06-03 11:00:00,0.008909553037248623
2018-06-03 12:00:00,0.012013412374657131
2018-06-03 13:00:00,0.022526174295073066
2018-06-03 14:00:00,0.01825114380931988
2018-06-03 15:00:00,0.015029143986599857
2018-06-03 16:00:00,0.010491493663878195
2018-06-03 17:00:00,0.01703463584966168
2018-06-03 18:00:00,0.015685085355721023
2018-06-03 19:00:00,0.009176390717933207
2018-06-03 20:00:00,0.01684045856456562
2018-06-03 21:00:00,0.017738312017581158
2018-06-03 22:00:00,0.022487729942971626
2018-06-03 23:00:00,0.01720597229332082
2018-06-04 00:00:00,0.02212714202473032
2018-06-04 01:00:00,0.012261542309832956
2018-06-04 02:00:00,0.014507840388470453
2018-06-04 03:00:00,0.021215539553907568
2018-06-04 04:00:00,0.00749147221280244
2018-06-04 05:00:00,0.01806077583013981
2018-06-04 06:00:00,0.019295957001467228
2018-06-04 07:00:00,0.015533926991628692
2018-06-04 08:00:00,0.023879126423938038
2018-06-04 09:00:00,0.02064934745559201
2018-06-04 10:00:00,0.021294480262751114
2018-06-04 11:00:00,0.023293824113552943
2018-06-04 12:00:00,0.007985204951350477
2018-06-04 13:00:00,0.04837316400520073
2018-06-04 14:00:00,0.10237675527238255
2018-06-04 15:00:00,0.020277177418949514
2018-06-04 16:00:00,0.013612778102364737
2018-06-04 17:00:00,0.003776518954444659
2018-06-04 18:00:00,0.014538336019631783
2018-06-04 19:00:00,0.018722891261737942
2018-06-04 20:00:00,0.008954540096678051
2018-06-04 21:00:00,0.018457933845239024
2018-06-04 22:00:00,0.02615660831877314
2018-06-04 23:00:00,0.022013174163867156
2018-06-05 00:00:00,0.026104119415240813
2018-06-05 01:00:00,0.02236132759151415
2018-06-05 02:00:00,0.019536168155411017
2018-06-05 03:00:00,0.016537752324682704
2018-06-05 04:00:00,0.017737217257294123
2018-06-05 05:00:00,0.013389277661310652
2018-06-05 06:00:00,0.013574268519604728
2018-06-05 07:00:00,0.021270395559611178
2018-06-05 08:00:00,0.020066665266410235
2018-06-05 09:00:00,0.02203793369107893
2018-06-05 10:00:00,0.021743059534462945
2018-06-05 11:00:00,0.021319095666121793
2018-06-05 12:00:00,0.011885842057386952
2018-06-05 13:00:00,0.016338161563989102
2018-06-05 14:00:00,0.014239029642974113
2018-06-05 15:00:00,0.02186623214686411
2018-06-05 16:00:00,0.02223449487155593
2018-06-05 17:00:00,0.013112626538382403
2018-06-05 18:00:00,0.011541669980451573
2018-06-05 19:00:00,0.02524368111766921
2018-06-05 20:00:00,0.017072631507752633
2018-06-05 21:00:00,0.0202652726561468
2018-06-05 22:00:00,0.019322137603838427
2018-06-05 23:00:00,0.013650301576051136
2018-06-06 00:00:00,0.010182175407770604
2018-06-06 01:00:00,0.018676455043450987
2018-06-06 02:00:00,0.014862104497476165
2018-06-06 03:00:00,0.013873895564124654
2018-06-06 04:00:00,0.014317664970458475
2018-06-06 05:00:00,0.016282504427323964
2018-06-06 06:00:00,0.01901408134849167
2018-06-06 07:00:00,0.02061982210670139
2018-06-06 08:00:00,0.02100957432025414
2018-06-06 09:00:00,0.022983816209623288
2018-06-06 10:00:00,0.020813993102762933
2018-06-06 11:00:00,0.01929318559724282
2018-06-06 12:00:00,0.012790504362321615
2018-06-06 13:00:00,0.014167144823421548
2018-06-06 14:00:00,0.019412399711117766
2018-06-06 15:00:00,0.019726815282782077
2018-06-06 16:00:00,0.01785098790581459
2018-06-06 17:00:00,0.01397418860644331
2018-06-06 18:00:00,0.014804259940160892
2018-06-06 19:00:00,0.015939546495733144
2018-06-06 20:00:00,0.012618531399370818
2018-06-06 21:00:00,0.015553139571000584
2018-06-06 22:00:00,0.010373589819286717
2018-06-06 23:00:00,0.011824154900371326
2018-06-07 00:00:00,0.01887562304288972
2018-06-07 01:00:00,0.010460129293394967
2018-06-07 02:00:00,0.018879236843536946
2018-06-07 03:00:00,0.01748928997754981
2018-06-07 04:00:00,0.01616312425253697
2018-06-07 05:00:00,0.009506603583258852
2018-06-07 06:00:00,0.0287732634899583
2018-06-07 07:00:00,0.013456503369999153
2018-06-07 08:00:00,0.007786916030667405
2018-06-07 09:00:00,0.019698344533232874
2018-06-07 10:00:00,0.02115992176415115
2018-06-07 11:00:00,0.00994230037594738
2018-06-07 12:00:00,0.00854279719795093
2018-06-07 13:00:00,0.015535545172201654
2018-06-07 14:00:00,0.019991049328119438
2018-06-07 15:00:00,0.012275443043514234
2018-06-07 16:00:00,0.025971569235439675
2018-06-07 17:00:00,0.01585517394544897
2018-06-07 18:00:00,0.015859141848329848
2018-06-07 19:00:00,0.01596984345470078
2018-06-07 20:00:00,0.016100851056818948
2018-06-07 21:00:00,0.01623650015156595
2018-06-07 22:00:00,0.013739799811599493
2018-06-07 23:00:00,0.006272213264168017
2018-06-08 00:00:00,0.022870696096670008
2018-06-08 01:00:00,0.012065351179523355
2018-06-08 02:00:00,0.013628560662933768
2018-06-08 03:00:00,0.011440853330238615
2018-06-08 04:00:00,0.016900419590788397
2018-06-08 05:00:00,0.014863897565548718
2018-06-08 06:00:00,0.026649720725432133
2018-06-08 07:00:00,0.014122748015559084
2018-06-08 08:00:00,0.013750321888887541
2018-06-08 09:00:00,0.010747643548702467
2018-06-08 10:00:00,0.01787545707746481
2018-06-08 11:00:00,0.02489474255619804
2018-06-08 12:00:00,0.01157204909014839
2018-06-08 13:00:00,0.0013469913440211988
2018-06-08 14:00:00,0.01472787739385834
2018-06-08 15:00:00,0.01420789598298106
2018-06-08 16:00:00,0.014605431760366652
2018-06-08 17:00:00,0.017020235401516662
2018-06-08 18:00:00,0.012231269102614146
2018-06-08 19:00:00,0.012526419655556797
2018-06-08 20:00:00,0.024816561382017096
2018-06-08 21:00:00,0.0027962520786995555
2018-06-08 22:00:00,0.019049987778355638
2018-06-08 23:00:00,0.014624637219025145
2018-06-09 00:00:00,0.010624285421314104
2018-06-09 01:00:00,0.0170813924179633
2018-06-09 02:00:00,0.006520987984518402
2018-06-09 03:00:00,0.014380875124128353
2018-06-09 04:00:00,0.02568388508613415
2018-06-09 05:00:00,0.01878987520970156
2018-06-09 06:00:00,0.01429381779422028
2018-06-09 07:00:00,0.016434512204587415
2018-06-09 08:00:00,0.014944367918785676
2018-06-09 09:00:00,0.029889190972902168
2018-06-09 10:00:00,0.015690553829466058
2018-06-09 11:00:00,0.035031706009423874
2018-06-09 12:00:00,0.1082742152195022
2018-06-09 13:00:00,0.016015341304025738
2018-06-09 14:00:00,0.025494229157266828
2018-06-09 15:00:00,0.010878387278179288
2018-06-09 16:00:00,0.012133314742233371
2018-06-09 17:00:00,0.014521881481959601
2018-06-09 18:00:00,0.005744046492275205
2018-06-09 19:00:00,0.007935111280897267
2018-06-09 20:00:00,0.00946426800204877
2018-06-09 21:00:00,0.012157910076702236
2018-06-09 22:00:00,0.017956871636599203
2018-06-09 23:00:00,0.009650125364097671
2018-06-10 00:00:00,0.022828861381515735
2018-06-10 01:00:00,0.009498019289025317
2018-06-10 02:00:00,0.011791338327529668
2018-06-10 03:00:00,0.024812473429777934
2018-06-10 04:00:00,0.024742039416466074
2018-06-10 05:00:00,0.014319678301094185
2018-06-10 06:00:00,0.015013094537276173
2018-06-10 07:00:00,0.015799735173295353
2018-06-10 08:00:00,0.016818076731822815
2018-06-10 09:00:00,0.008004047757826906
2018-06-10 10:00:00,0.011938041296916444
2018-06-10 11:00:00,0.01460095136902836
2018-06-10 12:00:00,0.014500660668591391
2018-06-10 13:00:00,0.015599130061016738
2018-06-10 14:00:00,0.007866935739654017
2018-06-10 15:00:00,0.005541236690781761
2018-06-10 16:00:00,0.010888831842403579
2018-06-10 17:00:00,0.007188336855348337
2018-06-10 18:00:00,0.01815293506809942
2018-06-10 19:00:00,0.010046225419788554
2018-06-10 20:00:00,0.007373737856871334
2018-06-10 21:00:00,0.01775670460625002
2018-06-10 22:00:00,0.00456102320033769
2018-06-10 23:00:00,0.00941675141243294
2018-06-11 00:00:00,0.014151448914082845
2018-06-11 01:00:00,0.013053288064288895
2018-06-11 02:00:00,0.017518099348135283
2018-06-11 03:00:00,0.0122185143530049
2018-06-11 04:00:00,0.01718104830965766
2018-06-11 05:00:00,0.016245918535912444
2018-06-11 06:00:00,0.01134282177761573
2018-06-11 07:00:00,0.01627584890508372
2018-06-11 08:00:00,0.012413507188945783
2018-06-11 09:00:00,0.01486331764668634
2018-06-11 10:00:00,0.020656524753436843
2018-06-11 11:00:00,0.022654711141531902
2018-06-11 12:00:00,0.007588620862489002
2018-06-11 13:00:00,0.014816833686804096
2018-06-11 14:00:00,0.013778799979930164
2018-06-11 15:00:00,0.008093389091258445
2018-06-11 16:00:00,0.014280502518629916
2018-06-11 17:00:00,0.02056790036967622
2018-06-11 18:00:00,0.009782667394010292
2018-06-11 19:00:00,0.016619747965418895
2018-06-11 20:00:00,0.011203009943349506
2018-06-11 21:00:00,0.010629544942082098
2018-06-11 22:00:00,0.0017991820748453986
2018-06-11 23:00:00,0.005088806364358643
2018-06-12 00:00:00,0.009773177142439249
2018-06-12 01:00:00,0.01289154453347649
2018-06-12 02:00:00,0.015870026423261338
2018-06-12 03:00:00,0.00926804055891011
2018-06-12 04:00:00,0.015217642345032334
2018-06-12 05:00:00,0.011230590867881677
2018-06-12 06:00:00,0.030878459540344533
2018-06-12 07:00:00,0.010398777808113102
2018-06-12 08:00:00,0.020200542468846828
2018-06-12 09:00:00,0.014273936870143118
2018-06-12 10:00:00,0.010151196416051281
2018-06-12 11:00:00,0.014734573566369091
2018-06-12 12:00:00,0.009720457304262381
2018-06-12 13:00:00,0.017432415221916908
2018-06-12 14:00:00,0.010970271712952895
2018-06-12 15:00:00,0.026737860686831635
2018-06-12 16:00:00,0.026591264023977757
2018-06-12 17:00:00,0.026451042593169244
2018-06-12 18:00:00,0.026313371961476192
2018-06-12 19:00:00,0.02617715679209144
2018-06-12 20:00:00,0.014088219084767447
2018-06-12 21:00:00,0.006774991023635162
2018-06-12 22:00:00,0.010811270847237707
2018-06-12 23:00:00,0.007940894819674367
2018-06-13 00:00:00,0.0073507568767404085
2018-06-13 01:00:00,0.017131020453205484
2018-06-13 02:00:00,0.008923704333864574
2018-06-13 03:00:00,0.00871481067901846
2018-06-13 04:00:00,0.01753076505225721
2018-06-13 05:00:00,0.030584059050162007
2018-06-13 06:00:00,0.007571068838664099
2018-06-13 07:00:00,0.009773809537428775
2018-06-13 08:00:00,0.010429347887513376
2018-06-13 09:00:00,0.008482465758675981
2018-06-13 10:00:00,0.023994210928048775
2018-06-13 11:00:00,0.015180813471800458
2018-06-13 12:00:00,0.012083069177223947
2018-06-13 13:00:00,0.002394597412546383
2018-06-13 14:00:00,0.013987018712327492
2018-06-13 15:00:00,0.03056322267741093
2018-06-13 16:00:00,0.01789865799073579
2018-06-13 17:00:00,0.014376830777017523
2018-06-13 18:00:00,0.011403894654720657
2018-06-13 19:00:00,0.011495642077824183
2018-06-13 20:00:00,0.01452857206990233
2018-06-13 21:00:00,0.006511426399781838
2018-06-13 22:00:00,0.0032273669335283806
2018-06-13 23:00:00,0.016468204400545892
2018-06-14 00:00:00,0.016139322466508697
2018-06-14 01:00:00,0.015472085500125134
2018-06-14 02:00:00,0.014859693486949882
2018-06-14 03:00:00,0.01663593892422152
2018-06-14 04:00:00,0.010877869045116057
2018-06-14 05:00:00,0.009491309237125468
2018-06-14 06:00:00,0.011444813305403546
2018-06-14 07:00:00,0.009885488957094325
2018-06-14 08:00:00,0.012757640539006009
2018-06-14 09:00:00,0.05685706826647315
2018-06-14 10:00:00,0.06669101475669091
2018-06-14 11:00:00,0.008475670336940884
2018-06-14 12:00:00,0.025749530710726463
2018-06-14 13:00:00,0.009874669365113707
2018-06-14 14:00:00,0.007525558233592248
2018-06-14 15:00:00,0.010262314071092486
2018-06-14 16:00:00,0.01098880218006188
2018-06-14 17:00:00,0.0068320440427130655
2018-06-14 18:00:00,0.01614887020766563
2018-06-14 19:00:00,0.013004746541836313
2018-06-14 20:00:00,0.001992573177995451
2018-06-14 21:00:00,0.018691905419813408
2018-06-14 22:00:00,0.014032920577521698
2018-06-14 23:00:00,0.02483886832519179
2018-06-15 00:00:00,0.011142983061764516
2018-06-15 01:00:00,0.023726428194731763
2018-06-15 02:00:00,0.023669935943936522
2018-06-15 03:00:00,0.017347315302145273
2018-06-15 04:00:00,0.016707998247624936
2018-06-15 05:00:00,0.01712914347838522
2018-06-15 06:00:00,0.009882976892477517
2018-06-15 07:00:00,0.014341550024121963
2018-06-15 08:00:00,0.016965105763201493
2018-06-15 09:00:00,0.019675135366608316
2018-06-15 10:00:00,0.014432449359167413
2018-06-15 11:00:00,0.014212951805598699
2018-06-15 12:00:00,0.021839143366362373
2018-06-15 13:00:00,0.004932585641100787
2018-06-15 14:00:00,0.0030922429695953656
2018-06-15 15:00:00,0.017201442938858797
2018-06-15 16:00:00,0.007497709889988225
2018-06-15 17:00:00,0.018312924455846674
2018-06-15 18:00:00,0.011897648287877496
2018-06-15 19:00:00,0.020472140239144936
2018-06-15 20:00:00,0.008634625500638126
2018-06-15 21:00:00,0.021341895231804676
2018-06-15 22:00:00,0.004437275177568438
2018-06-15 23:00:00,0.015629806471054455
2018-06-16 00:00:00,0.009716780119038124
2018-06-16 01:00:00,0.005544873601914423
2018-06-16 02:00:00,0.014070509636354284
2018-06-16 03:00:00,0.005480966637941726
2018-06-16 04:00:00,0.0066526027533395414
2018-06-16 05:00:00,0.019394658567487063
2018-06-16 06:00:00,0.01310251341373429
2018-06-16 07:00:00,0.012092044015002638
2018-06-16 08:00:00,0.012935251447838293
2018-06-16 09:00:00,0.020063727369191448
2018-06-16 10:00:00,0.003572591134744085
2018-06-16 11:00:00,0.035148398499148824
2018-06-16 12:00:00,0.04410236323787057
2018-06-16 13:00:00,0.02147282098808867
2018-06-16 14:00:00,0.014939368862409371
2018-06-16 15:00:00,0.010297463186065961
2018-06-16 16:00:00,0.01158589268894089
2018-06-16 17:00:00,0.01046678077102013
2018-06-16 18:00:00,0.01884517910436872
2018-06-16 19:00:00,0.004012941935366213
2018-06-16 20:00:00,0.017038376376322606
2018-06-16 21:00:00,0.012912743543628086
2018-06-16 22:00:00,0.017253564434697114
2018-06-16 23:00:00,0.018430399946232884
2018-06-17 00:00:00,0.010920513008707545
2018-06-17 01:00:00,0.01696069024107486
2018-06-17 02:00:00,0.01144114821516675
2018-06-17 03:00:00,0.01549287152365918
2018-06-17 04:00:00,0.014200532367634232
2018-06-17 05:00:00,0.010765515288274744
2018-06-17 06:00:00,0.006609307409944213
2018-06-17 07:00:00,0.016703305136787406
2018-06-17 08:00:00,0.00932651436751554
2018-06-17 09:00:00,0.013140445445670616
2018-06-17 10:00:00,0.005933919104469996
2018-06-17 11:00:00,0.008038277025604812
2018-06-17 12:00:00,0.013414641935493897
2018-06-17 13:00:00,0.01936746464145621
2018-06-17 14:00:00,0.019444113680193224
2018-06-17 15:00:00,0.01949557360828977
2018-06-17 16:00:00,0.019538873024053164
2018-06-17 17:00:00,0.0195769311611528
2018-06-17 18:00:00,0.007741686222744973
2018-06-17 19:00:00,0.021780513490217444
2018-06-17 20:00:00,0.010527278987879545
2018-06-17 21:00:00,0.010223352167177496
2018-06-17 22:00:00,0.011393479806442775
2018-06-17 23:00:00,0.02180815456244787
2018-06-18 00:00:00,0.015234963802002554
2018-06-18 01:00:00,0.014039455890801177
2018-06-18 02:00:00,0.010740274090474173
2018-06-18 03:00:00,0.030875603829485187
2018-06-18 04:00:00,0.02848872234167256
2018-06-18 05:00:00,0.007878533655727467
2018-06-18 06:00:00,0.01669059887532016
2018-06-18 07:00:00,0.01232033228742693
2018-06-18 08:00:00,0.012366815771818494
2018-06-18 09:00:00,0.007226741094363877
2018-06-18 10:00:00,0.011957771881338128
2018-06-18 11:00:00,0.0103831156836342
2018-06-18 12:00:00,0.018179813371529508
2018-06-18 13:00:00,0.01722322080541658
2018-06-18 14:00:00,0.020091239099438406
2018-06-18 15:00:00,0.016487847169661337
2018-06-18 16:00:00,0.015223462768030604
2018-06-18 17:00:00,0.0104347907462306
2018-06-18 18:00:00,0.011873541873336916
2018-06-18 19:00:00,0.0225145680789077
2018-06-18 20:00:00,0.012657437635661016
2018-06-18 21:00:00,0.02289355435397769
2018-06-18 22:00:00,0.03025913880289086
2018-06-18 23:00:00,0.011939729094280538
2018-06-19 00:00:00,0.011478747413227464
2018-06-19 01:00:00,0.016186833491059135
2018-06-19 02:00:00,0.011320503885420205
2018-06-19 03:00:00,0.00866031077732851
2018-06-19 04:00:00,0.005505617028705275
2018-06-19 05:00:00,0.011094256610300089
2018-06-19 06:00:00,0.014152290782198533
2018-06-19 07:00:00,0.04062159399889254
2018-06-19 08:00:00,0.048269425992904035
2018-06-19 09:00:00,0.00924198193437304
2018-06-19 10:00:00,0.024628977067431432
2018-06-19 11:00:00,0.01194452847657005
2018-06-19 12:00:00,0.015161509851591157
2018-06-19 13:00:00,0.008880105680278302
2018-06-19 14:00:00,0.017622310986709203
2018-06-19 15:00:00,0.010024957825318186
2018-06-19 16:00:00,0.01395485291093204
2018-06-19 17:00:00,0.0055842289629167525
2018-06-19 18:00:00,0.01763474121599248
2018-06-19 19:00:00,0.01058399356989451
2018-06-19 20:00:00,0.006105622288812722
2018-06-19 21:00:00,0.012856872170944358
2018-06-19 22:00:00,0.011111573317970708
2018-06-19 23:00:00,0.023529315269876262
2018-06-20 00:00:00,0.023441759433029067
2018-06-20 01:00:00,0.012270886538993374
2018-06-20 02:00:00,0.012545634478782078
2018-06-20 03:00:00,0.016817617528249097
2018-06-20 04:00:00,0.01392406978513501
2018-06-20 05:00:00,0.03316747091324714
2018-06-20 06:00:00,0.004933729717972568
2018-06-20 07:00:00,0.02949964123882389
2018-06-20 08:00:00,0.009501274143381984
2018-06-20 09:00:00,0.02040586486395898
2018-06-20 10:00:00,0.01261862062785377
2018-06-20 11:00:00,0.013172538981135648
2018-06-20 12:00:00,0.011775873236552749
2018-06-20 13:00:00,0.00945282346084288
2018-06-20 14:00:00,0.008573351565039973
2018-06-20 15:00:00,0.014760084978816384
2018-06-20 16:00:00,0.00716222226202966
2018-06-20 17:00:00,0.010231399101172649
2018-06-20 18:00:00,0.010438753055686529
2018-06-20 19:00:00,0.018483190894751634
2018-06-20 20:00:00,0.009346359276922667
2018-06-20 21:00:00,0.014035092330175759
2018-06-20 22:00:00,0.01929446426910571
2018-06-20 23:00:00,0.035710933201297645
2018-06-21 00:00:00,0.008685388376684547
2018-06-21 01:00:00,0.013981960210456059
2018-06-21 02:00:00,0.01451799664091135
2018-06-21 03:00:00,0.008528460210634253
2018-06-21 04:00:00,0.02014945935358355
2018-06-21 05:00:00,0.011598514887998025
2018-06-21 06:00:00,0.019691605738257595
2018-06-21 07:00:00,0.008693705777270236
2018-06-21 08:00:00,0.0078042082034930635
2018-06-21 09:00:00,0.00856930591118076
2018-06-21 10:00:00,0.011524393174847611
2018-06-21 11:00:00,0.010091696986089143
2018-06-21 12:00:00,0.013209750713392688
2018-06-21 13:00:00,0.016429027780873722
2018-06-21 14:00:00,0.019308395269119826
2018-06-21 15:00:00,0.01133903918579209
2018-06-21 16:00:00,0.016541963730749613
2018-06-21 17:00:00,0.006007063894825153
2018-06-21 18:00:00,0.014281533687156813
2018-06-21 19:00:00,0.016478631777358078
2018-06-21 20:00:00,0.01035397725448584
2018-06-21 21:00:00,0.053278636716864454
2018-06-21 22:00:00,0.012340296769877624
2018-06-21 23:00:00,0.004255120109336039
2018-06-22 00:00:00,0.007666264669554035
2018-06-22 01:00:00,0.010960457812308796
2018-06-22 02:00:00,0.0038503051450980152
2018-06-22 03:00:00,0.01119831491482148
2018-06-22 04:00:00,0.0180654433925698
2018-06-22 05:00:00,0.014135035500584543
2018-06-22 06:00:00,0.02627097611888595
2018-06-22 07:00:00,0.010810709351849185
2018-06-22 08:00:00,0.010378688997671024
2018-06-22 09:00:00,0.012239634496151773
2018-06-22 10:00:00,0.01009897836251256
2018-06-22 11:00:00,0.022589467762173496
2018-06-22 12:00:00,0.02249047875876917
2018-06-22 13:00:00,0.02243899108412706
2018-06-22 14:00:00,0.02239716776801946
2018-06-22 15:00:00,0.022357753412052293
2018-06-22 16:00:00,0.025493628778836236
2018-06-22 17:00:00,0.006991322879472411
2018-06-22 18:00:00,0.0135246123458317
2018-06-22 19:00:00,0.015493916042887594
2018-06-22 20:00:00,0.013968452227718576
2018-06-22 21:00:00,0.007071280370033324
2018-06-22 22:00:00,0.010912101668572143
2018-06-22 23:00:00,0.009383020711824541
2018-06-23 00:00:00,0.011131526153559798
2018-06-23 01:00:00,0.02678054801203854
2018-06-23 02:00:00,0.012671508078138865
2018-06-23 03:00:00,0.011241198941866669
2018-06-23 04:00:00,0.015376435494419792
2018-06-23 05:00:00,0.00891695698097912
2018-06-23 06:00:00,0.007288778203846077
2018-06-23 07:00:00,0.007722853619924785
2018-06-23 08:00:00,0.005964136205540458
2018-06-23 09:00:00,0.023247146255283326
2018-06-23 10:00:00,0.020273184618987482
2018-06-23 11:00:00,0.014083152384175013
2018-06-23 12:00:00,0.013515689890850887
2018-06-23 13:00:00,0.007556484635373929
2018-06-23 14:00:00,0.016100392134517888
2018-06-23 15:00:00,0.01473100527159094
2018-06-23 16:00:00,0.0109682529781996
2018-06-23 17:00:00,0.004855064204930768
2018-06-23 18:00:00,0.007887668095306147
2018-06-23 19:00:00,0.034363248595844186
2018-06-23 20:00:00,0.015968528377612777
2018-06-23 21:00:00,0.010198358664329214
2018-06-23 22:00:00,0.009806982083274407
2018-06-23 23:00:00,0.015618192366552647
2018-06-24 00:00:00,0.013565277953546352
2018-06-24 01:00:00,0.005456282980803009
2018-06-24 02:00:00,0.006396917994018583
2018-06-24 03:00:00,0.01726592123547938
2018-06-24 04:00:00,0.012781854361081162
2018-06-24 05:00:00,0.011275362362150564
2018-06-24 06:00:00,0.026677506567119726
2018-06-24 07:00:00,0.006822438779827133
2018-06-24 08:00:00,0.023544215211367476
2018-06-24 09:00:00,0.016931765711591714
2018-06-24 10:00:00,0.02617838797263905
2018-06-24 11:00:00,0.019982717405387217
2018-06-24 12:00:00,0.015597213750121826
2018-06-24 13:00:00,0.023231768307516505
2018-06-24 14:00:00,0.006475478100756071
2018-06-24 15:00:00,0.053233123204681605
2018-06-24 16:00:00,0.010138349523148951
2018-06-24 17:00:00,0.014196333127164937
2018-06-24 18:00:00,0.01819706646605343
2018-06-24 19:00:00,0.010314628365167649
2018-06-24 20:00:00,0.05986884258734262
2018-06-24 21:00:00,0.023703761695109026
2018-06-24 22:00:00,0.0235986078144006
2018-06-24 23:00:00,0.028629990242297704
2018-06-25 00:00:00,0.05511471487662816
2018-06-25 01:00:00,0.007153840343460937
2018-06-25 02:00:00,0.020922519908007555
2018-06-25 03:00:00,0.010274299318110707
2018-06-25 04:00:00,0.008172192509947659
2018-06-25 05:00:00,0.013069758069659555
2018-06-25 06:00:00,0.01405841732691996
2018-06-25 07:00:00,0.011862964188894884
2018-06-25 08:00:00,0.00671103790732137
2018-06-25 09:00:00,0.015601310471273023
2018-06-25 10:00:00,0.016065290371177914
2018-06-25 11:00:00,0.0021927591407191398
2018-06-25 12:00:00,0.009016640984912156
2018-06-25 13:00:00,0.013306753379935919
2018-06-25 14:00:00,0.015201298203702557
2018-06-25 15:00:00,0.012712987558301915
2018-06-25 16:00:00,0.022162662319157575
2018-06-25 17:00:00,0.01432236444386088
2018-06-25 18:00:00,0.009147657875238828
2018-06-25 19:00:00,0.011379961532214164
2018-06-25 20:00:00,0.00895310113159164
2018-06-25 21:00:00,0.046817843084136064
2018-06-25 22:00:00,0.018525146063170007
2018-06-25 23:00:00,0.014025482020299063
2018-06-26 00:00:00,0.012592320730367559
2018-06-26 01:00:00,0.00802458884507565
2018-06-26 02:00:00,0.017894240867130352
2018-06-26 03:00:00,0.015402615733282818
2018-06-26 04:00:00,0.012106543900131791
2018-06-26 05:00:00,0.005222524242675869
2018-06-26 06:00:00,0.014140171783345359
2018-06-26 07:00:00,0.019387991574828796
2018-06-26 08:00:00,0.008608703100115484
2018-06-26 09:00:00,0.015158455694341252
2018-06-26 10:00:00,0.026796064283538368
2018-06-26 11:00:00,0.007519800846181571
2018-06-26 12:00:00,0.006336562958066696
2018-06-26 13:00:00,0.023354300690518727
2018-06-26 14:00:00,0.011275109187192345
2018-06-26 15:00:00,0.015809774031867195
2018-06-26 16:00:00,0.009752253225228675
2018-06-26 17:00:00,0.011223760255542994
2018-06-26 18:00:00,0.004435483721979624
2018-06-26 19:00:00,0.004764273809993766
2018-06-26 20:00:00,0.009843246654402848
2018-06-26 21:00:00,0.012560837138523816
2018-06-26 22:00:00,0.011635260625593597
2018-06-26 23:00:00,0.022974664280125817
2018-06-27 00:00:00,0.04570793506588388
2018-06-27 01:00:00,0.015371739348364772
2018-06-27 02:00:00,0.01168769515072236
2018-06-27 03:00:00,0.015595052783104734
2018-06-27 04:00:00,0.014957170755780005
2018-06-27 05:00:00,0.014459204013680591
2018-06-27 06:00:00,0.005743931444950405
2018-06-27 07:00:00,0.010762017562073943
2018-06-27 08:00:00,0.010825091661321158
2018-06-27 09:00:00,0.02514011585230683
2018-06-27 10:00:00,0.024915957215992865
2018-06-27 11:00:00,0.024761609151494758
2018-06-27 12:00:00,0.024624348970570024
2018-06-27 13:00:00,0.024494197540916487
2018-06-27 14:00:00,0.007137276649299501
2018-06-27 15:00:00,0.017849764715259335
2018-06-27 16:00:00,0.015543614799838876
2018-06-27 17:00:00,0.025092115134174458
2018-06-27 18:00:00,0.02720081931298607
2018-06-27 19:00:00,0.018201696426894075
2018-06-27 20:00:00,0.01064057238368656
2018-06-27 21:00:00,0.007350667175641628
2018-06-27 22:00:00,0.010025280488345343
2018-06-27 23:00:00,0.014999100433652589
2018-06-28 00:00:00,0.01785374500396936
2018-06-28 01:00:00,0.005049786220904078
2018-06-28 02:00:00,0.009719223739057445
2018-06-28 03:00:00,0.012672058552639715
2018-06-28 04:00:00,0.009501887238322938
2018-06-28 05:00:00,0.008651714575134483
2018-06-28 06:00:00,0.005016076606849645
2018-06-28 07:00:00,0.005850042317553371
2018-06-28 08:00:00,0.013065365294984846
2018-06-28 09:00:00,0.014027469237265614
2018-06-28 10:00:00,0.008878979290187095
2018-06-28 11:00:00,0.010319041823133625
2018-06-28 12:00:00,0.009391621200523424
2018-06-28 13:00:00,0.013942471350493786
2018-06-28 14:00:00,0.003564843242071183
2018-06-28 15:00:00,0.010994086677737148
2018-06-28 16:00:00,0.0018354042168458088
2018-06-28 17:00:00,0.00971296719506894
2018-06-28 18:00:00,0.0037077545155146164
2018-06-28 19:00:00,0.010216166657341987
2018-06-28 20:00:00,0.01268108796089475
2018-06-28 21:00:00,0.013354607795030974
2018-06-28 22:00:00,0.011914956802845602
2018-06-28 23:00:00,0.0240122920362893
2018-06-29 00:00:00,0.007836530705313914
2018-06-29 01:00:00,0.010808906099250186
2018-06-29 02:00:00,0.007894425870280863
2018-06-29 03:00:00,0.011027282768071902
2018-06-29 04:00:00,0.014276395806071852
2018-06-29 05:00:00,0.009449724236238442
2018-06-29 06:00:00,0.0233068051566419
2018-06-29 07:00:00,0.016457078263847378
2018-06-29 08:00:00,0.011801026143175441
2018-06-29 09:00:00,0.00682577410969718
2018-06-29 10:00:00,0.038307638160873174
2018-06-29 11:00:00,0.00843994873689494
2018-06-29 12:00:00,0.012495481663917441
2018-06-29 13:00:00,0.011336711805319578
2018-06-29 14:00:00,0.016097775824641624
2018-06-29 15:00:00,0.013649572121805778
2018-06-29 16:00:00,0.01423183425565933
2018-06-29 17:00:00,0.015504437659805923
2018-06-29 18:00:00,0.021753440333090162
2018-06-29 19:00:00,0.021551901558681072
2018-06-29 20:00:00,0.021453695640231148
2018-06-29 21:00:00,0.007031847200223757
2018-06-29 22:00:00,0.007282753343932243
2018-06-29 23:00:00,0.01257859136437672
2018-06-30 00:00:00,0.01580771861190999
2018-06-30 01:00:00,0.006224323493405128
2018-06-30 02:00:00,0.00612080599040279
2018-06-30 03:00:00,0.008066830905562924
2018-06-30 04:00:00,0.007998906124107811
2018-06-30 05:00:00,0.010197169335211713
2018-06-30 06:00:00,0.008128126705714465
2018-06-30 07:00:00,0.005855724366806865
2018-06-30 08:00:00,0.006247054722927346
2018-06-30 09:00:00,0.010840929283753015
2018-06-30 10:00:00,0.011343347030852016
2018-06-30 11:00:00,0.026258821085753413
2018-06-30 12:00:00,0.025435440946771408
2018-06-30 13:00:00,0.028996151395085323
2018-06-30 14:00:00,0.025315443703363676
2018-06-30 15:00:00,0.009286837010597406
2018-06-30 16:00:00,0.016550717207457953
2018-06-30 17:00:00,0.012164804021196216
2018-06-30 18:00:00,0.030719373796905744
2018-06-30 19:00:00,0.01206106564252228
2018-06-30 20:00:00,0.010394911541128692
2018-06-30 21:00:00,0.010575020803925899
2018-06-30 22:00:00,0.007392407671992935
2018-06-30 23:00:00,0.008999499510295439
2018-07-01 00:00:00,0.012372610707114474
2018-07-01 01:00:00,0.007869065576503064
2018-07-01 02:00:00,0.012265012714865435
2018-07-01 03:00:00,0.01613374471202148
2018-07-01 04:00:00,0.00822503265563995
2018-07-01 05:00:00,0.016158691077859208
2018-07-01 06:00:00,0.011372815093002754
2018-07-01 07:00:00,0.023354028993166853
2018-07-01 08:00:00,0.0240109950503564
2018-07-01 09:00:00,0.01534439532955835
2018-07-01 10:00:00,0.01336900410674691
2018-07-01 11:00:00,0.011484295568518309
2018-07-01 12:00:00,0.011378666093128745
2018-07-01 13:00:00,0.0077766748483259
2018-07-01 14:00:00,0.004394612076552519
2018-07-01 15:00:00,0.006444837649231772
2018-07-01 16:00:00,0.029482350345335293
2018-07-01 17:00:00,0.016572299816980055
2018-07-01 18:00:00,0.004635735657790911
2018-07-01 19:00:00,0.03167165447245936
2018-07-01 20:00:00,0.01505479611868902
2018-07-01 21:00:00,0.02227603657400193
2018-07-01 22:00:00,0.008400954993619444
2018-07-01 23:00:00,0.013427138328038492
2018-07-02 00:00:00,0.009086451783296205
2018-07-02 01:00:00,0.01796593126070261
2018-07-02 02:00:00,0.03964859966213559
2018-07-02 03:00:00,0.008851981893205714
2018-07-02 04:00:00,0.022308025829975146
2018-07-02 05:00:00,0.013522898645464533
2018-07-02 06:00:00,0.01327345647965412
2018-07-02 07:00:00,0.020271437758262116
2018-07-02 08:00:00,0.02009773279261226
2018-07-02 09:00:00,0.02002022173197533
2018-07-02 10:00:00,0.019965259033474438
2018-07-02 11:00:00,0.019919066213990175
2018-07-02 12:00:00,0.010988654334514774
2018-07-02 13:00:00,0.027345078878659328
2018-07-02 14:00:00,0.017611559702941492
2018-07-02 15:00:00,0.016022998962249076
2018-07-02 16:00:00,0.010596601185905545
2018-07-02 17:00:00,0.009225039181984099
2018-07-02 18:00:00,0.009598474832122398
2018-07-02 19:00:00,0.008624414860391507
2018-07-02 20:00:00,0.001502885300351511
2018-07-02 21:00:00,0.009559361935898734
2018-07-02 22:00:00,0.010689114223243857
2018-07-02 23:00:00,0.014520509536912264
2018-07-03 00:00:00,0.010191197853593754
2018-07-03 01:00:00,0.008421902474300967
2018-07-03 02:00:00,0.008983151836243356
2018-07-03 03:00:00,0.014018796980329052
2018-07-03 04:00:00,0.021517329636991184
2018-07-03 05:00:00,0.008939418037227425
2018-07-03 06:00:00,0.009570681947675156
2018-07-03 07:00:00,0.006087421602320756
2018-07-03 08:00:00,0.008585564144406175
2018-07-03 09:00:00,0.040681464197504395
2018-07-03 10:00:00,0.007466629161630221
2018-07-03 11:00:00,0.010072691237508506
2018-07-03 12:00:00,0.007952641573668118
2018-07-03 13:00:00,0.001357948566222009
2018-07-03 14:00:00,0.006835765077904878
2018-07-03 15:00:00,0.013610680854236149
2018-07-03 16:00:00,0.012802744548858795
2018-07-03 17:00:00,0.011807114738655783
2018-07-03 18:00:00,0.012842502261859158
2018-07-03 19:00:00,0.021641852362586513
2018-07-03 20:00:00,0.013086831978869319
2018-07-03 21:00:00,0.008579457123549189
2018-07-03 22:00:00,0.02093847585236934
2018-07-03 23:00:00,0.020013921848265108
2018-07-04 00:00:00,0.017879281376491727
2018-07-04 01:00:00,0.017723739094271735
2018-07-04 02:00:00,0.010624691412152498
2018-07-04 03:00:00,0.00877741002232889
2018-07-04 04:00:00,0.020096401445091363
2018-07-04 05:00:00,0.018353334838147866
2018-07-04 06:00:00,0.01277773879711557
2018-07-04 07:00:00,0.014063581212657963
2018-07-04 08:00:00,0.028505711243338484
2018-07-04 09:00:00,0.01355111272887884
2018-07-04 10:00:00,0.013196751063139393
2018-07-04 11:00:00,0.015300826358034163
2018-07-04 12:00:00,0.013710755316321042
2018-07-04 13:00:00,0.009704679988578853
2018-07-04 14:00:00,0.008706356460307325
2018-07-04 15:00:00,0.012185264250745096
2018-07-04 16:00:00,0.01987253165594387
2018-07-04 17:00:00,0.01970766251836886
2018-07-04 18:00:00,0.019656852973698062
2018-07-04 19:00:00,0.010591695626999768
2018-07-04 20:00:00,0.015986130203000052
2018-07-04 21:00:00,0.007959788990084832
2018-07-04 22:00:00,0.013652264219491752
2018-07-04 23:00:00,0.019928888387288894
2018-07-05 00:00:00,0.004874333004311137
2018-07-05 01:00:00,0.007169861107975507
2018-07-05 02:00:00,0.014476954866390689
2018-07-05 03:00:00,0.008076614003351973
2018-07-05 04:00:00,0.012871808325947772
2018-07-05 05:00:00,0.008451267407299325
2018-07-05 06:00:00,0.016113231254676202
2018-07-05 07:00:00,0.005131899561331999
2018-07-05 08:00:00,0.01908555596741274
2018-07-05 09:00:00,0.00879087651903828
2018-07-05 10:00:00,0.00945750370887959
2018-07-05 11:00:00,0.010621515361183054
2018-07-05 12:00:00,0.027422863750084875
2018-07-05 13:00:00,0.009397792133689183
2018-07-05 14:00:00,0.005597014918104633
2018-07-05 15:00:00,0.024514207158124936
2018-07-05 16:00:00,0.013790806596055966
2018-07-05 17:00:00,0.014195937610179303
2018-07-05 18:00:00,0.010280295965453922
2018-07-05 19:00:00,0.0251451622842265
2018-07-05 20:00:00,0.010108386080718347
2018-07-05 21:00:00,0.012301936992834136
2018-07-05 22:00:00,0.005036645433149004
2018-07-05 23:00:00,0.011590156978114871
2018-07-06 00:00:00,0.003047651810746549
2018-07-06 01:00:00,0.008059740368188103
2018-07-06 02:00:00,0.010059076727714316
2018-07-06 03:00:00,0.004909683563824306
2018-07-06 04:00:00,0.014043661612221158
2018-07-06 05:00:00,0.011088145215681284
2018-07-06 06:00:00,0.007281650711395203
2018-07-06 07:00:00,0.005192454753224143
2018-07-06 08:00:00,0.0142019787228624
2018-07-06 09:00:00,0.016683672043443478
2018-07-06 10:00:00,0.009398492254824546
2018-07-06 11:00:00,0.012552967457561176
2018-07-06 12:00:00,0.00875733922466503
2018-07-06 13:00:00,0.007249170480845491
2018-07-06 14:00:00,0.009807491675683134
2018-07-06 15:00:00,0.01294759237951556
2018-07-06 16:00:00,0.014439355189028776
2018-07-06 17:00:00,0.005635683976791079
2018-07-06 18:00:00,0.007175586870195671
2018-07-06 19:00:00,0.009114901143779986
2018-07-06 20:00:00,0.009464049401531739
2018-07-06 21:00:00,0.011812306051354603
2018-07-06 22:00:00,0.0131358592325338
2018-07-06 23:00:00,0.004286857035562462
2018-07-07 00:00:00,0.017218233124482965
2018-07-07 01:00:00,0.016457139526707368
2018-07-07 02:00:00,0.006746291461410944
2018-07-07 03:00:00,0.009326879479467663
2018-07-07 04:00:00,0.01190650289876306
2018-07-07 05:00:00,0.02063925184740955
2018-07-07 06:00:00,0.020468567762781872
2018-07-07 07:00:00,0.020398034320290047
2018-07-07 08:00:00,0.020349561561398048
2018-07-07 09:00:00,0.020308542537750208
2018-07-07 10:00:00,0.01065725305759222
2018-07-07 11:00:00,0.030549231615208994
2018-07-07 12:00:00,0.00830142270121667
2018-07-07 13:00:00,0.017259640572470827
2018-07-07 14:00:00,0.012771062892700217
2018-07-07 15:00:00,0.004331441464199179
2018-07-07 16:00:00,0.014179445397350242
2018-07-07 17:00:00,0.007898766009465619
2018-07-07 18:00:00,0.007183445329897015
2018-07-07 19:00:00,0.0111742766508658
2018-07-07 20:00:00,0.00580349452598595
2018-07-07 21:00:00,0.013356308983890439
2018-07-07 22:00:00,0.009423880598006919
2018-07-07 23:00:00,0.01729963256765293
2018-07-08 00:00:00,0.009865420738980085
2018-07-08 01:00:00,0.026347217959533542
2018-07-08 02:00:00,0.003842532192818173
2018-07-08 03:00:00,0.004303028184557105
2018-07-08 04:00:00,0.007019003212815013
2018-07-08 05:00:00,0.03295954693779574
2018-07-08 06:00:00,0.010723657437309917
2018-07-08 07:00:00,0.015514165251676428
2018-07-08 08:00:00,0.0036974582551797435
2018-07-08 09:00:00,0.018462019266471046
2018-07-08 10:00:00,0.00529486150894166
2018-07-08 11:00:00,0.010908556541442615
2018-07-08 12:00:00,0.01183307519966159
2018-07-08 13:00:00,0.012948225105651575
2018-07-08 14:00:00,0.004052130700537378
2018-07-08 15:00:00,0.012579260986627282
2018-07-08 16:00:00,0.007533653499378609
2018-07-08 17:00:00,0.012748460651111562
2018-07-08 18:00:00,0.01179759540348177
2018-07-08 19:00:00,0.006236077490470024
2018-07-08 20:00:00,0.012815573698200326
2018-07-08 21:00:00,0.0098808651379814
2018-07-08 22:00:00,0.006391787216791349
2018-07-08 23:00:00,0.00588864226750974
2018-07-09 00:00:00,0.005482095540407795
2018-07-09 01:00:00,0.004743959037262398
2018-07-09 02:00:00,0.020879061886979747
2018-07-09 03:00:00,0.009642259142233984
2018-07-09 04:00:00,0.011389054371961157
2018-07-09 05:00:00,0.009319878197744188
2018-07-09 06:00:00,0.012949709247003087
2018-07-09 07:00:00,0.018250260150872395
2018-07-09 08:00:00,0.006211611178772214
2018-07-09 09:00:00,0.006515581954617913
2018-07-09 10:00:00,0.010830525157846075
2018-07-09 11:00:00,0.011385508527994585
2018-07-09 12:00:00,0.00728956673464581
2018-07-09 13:00:00,0.015564244077304324
2018-07-09 14:00:00,0.020168171840188313
2018-07-09 15:00:00,0.019984108498800824
2018-07-09 16:00:00,0.019896694789757165
2018-07-09 17:00:00,0.009211487579856624
2018-07-09 18:00:00,0.03236561775703528
2018-07-09 19:00:00,0.020406161158121758
2018-07-09 20:00:00,0.010076068522236201
2018-07-09 21:00:00,0.01072882318480092
2018-07-09 22:00:00,0.008432832834599323
2018-07-09 23:00:00,0.019647048750530246
2018-07-10 00:00:00,0.018086442264496655
2018-07-10 01:00:00,0.030270957092137146
2018-07-10 02:00:00,0.007872017895865604
2018-07-10 03:00:00,0.012195328174975225
2018-07-10 04:00:00,0.01234307141754392
2018-07-10 05:00:00,0.010479607081774919
2018-07-10 06:00:00,0.01086500371637561
2018-07-10 07:00:00,0.008923361664285916
2018-07-10 08:00:00,0.009251585396408633
2018-07-10 09:00:00,0.006586417698510423
2018-07-10 10:00:00,0.005874573685304603
2018-07-10 11:00:00,0.006920268649833844
2018-07-10 12:00:00,0.023160712540250525
2018-07-10 13:00:00,0.015765711405306627
2018-07-10 14:00:00,0.010617775152646511
2018-07-10 15:00:00,0.011574611554142484
2018-07-10 16:00:00,0.0034368323554882702
2018-07-10 17:00:00,0.025954423247253045
2018-07-10 18:00:00,0.009022631749716277
2018-07-10 19:00:00,0.00831368338709049
2018-07-10 20:00:00,0.012237721183871007
2018-07-10 21:00:00,0.010031264550831141
2018-07-10 22:00:00,0.00886031326742002
2018-07-10 23:00:00,0.011843902825281435
2018-07-11 00:00:00,0.01953823970355318
2018-07-11 01:00:00,0.02600174843058329
2018-07-11 02:00:00,0.008903962355084461
2018-07-11 03:00:00,0.012328940769189056
2018-07-11 04:00:00,0.011363026577681803
2018-07-11 05:00:00,0.012720847771681231
2018-07-11 06:00:00,0.01603983725590251
2018-07-11 07:00:00,0.014972439339086057
2018-07-11 08:00:00,0.006714076424275489
2018-07-11 09:00:00,0.021148125386846423
2018-07-11 10:00:00,0.0044873222360171565
2018-07-11 11:00:00,0.0073294556737641845
2018-07-11 12:00:00,0.016946879351056775
2018-07-11 13:00:00,0.014660613708598225
2018-07-11 14:00:00,0.01178098007441998
2018-07-11 15:00:00,0.006065951702877159
2018-07-11 16:00:00,0.009706912316982548
2018-07-11 17:00:00,0.017845959329694894
2018-07-11 18:00:00,0.008449326902994202
2018-07-11 19:00:00,0.025258390563946315
2018-07-11 20:00:00,0.010131839471539289
2018-07-11 21:00:00,0.009979718814953813
2018-07-11 22:00:00,0.015484893613740825
2018-07-11 23:00:00,0.019339391062639058
2018-07-12 00:00:00,0.01196393083604603
2018-07-12 01:00:00,0.014646563270289051
2018-07-12 02:00:00,0.014524002310436612
2018-07-12 03:00:00,0.019858411539917777
2018-07-12 04:00:00,0.01969370464833501
2018-07-12 05:00:00,0.01961725377170607
2018-07-12 06:00:00,0.019561490866663932
2018-07-12 07:00:00,0.019513626552306325
2018-07-12 08:00:00,0.013164132664817103
2018-07-12 09:00:00,0.01237988120186379
2018-07-12 10:00:00,0.015463660246424503
2018-07-12 11:00:00,0.01394282681260095
2018-07-12 12:00:00,0.01353919715407514
2018-07-12 13:00:00,0.01137955107115402
2018-07-12 14:00:00,0.00777376089474379
2018-07-12 15:00:00,0.006144837077481928
2018-07-12 16:00:00,0.011372924952034498
2018-07-12 17:00:00,0.013498458917732737
2018-07-12 18:00:00,0.013969286043976379
2018-07-12 19:00:00,0.010519998176408701
2018-07-12 20:00:00,0.016619875695825542
2018-07-12 21:00:00,0.00495350419292605
2018-07-12 22:00:00,0.00987616057478258
2018-07-12 23:00:00,0.008837216211872586
2018-07-13 00:00:00,0.028248681419521644
2018-07-13 01:00:00,0.020197829285867316
2018-07-13 02:00:00,0.02247379693720806
2018-07-13 03:00:00,0.007177252101393749
2018-07-13 04:00:00,0.011391373508660757
2018-07-13 05:00:00,0.0039475978947317
2018-07-13 06:00:00,0.007456352192698596
2018-07-13 07:00:00,0.005149666405337292
2018-07-13 08:00:00,0.013024410566637046
2018-07-13 09:00:00,0.006054381874304409
2018-07-13 10:00:00,0.015188151741348924
2018-07-13 11:00:00,0.021913032123041243
2018-07-13 12:00:00,0.01328170363616091
2018-07-13 13:00:00,0.008696591509112235
2018-07-13 14:00:00,0.0072162518504433875
2018-07-13 15:00:00,0.0065346275907008835
2018-07-13 16:00:00,0.004775588506836388
2018-07-13 17:00:00,0.01925071305219822
2018-07-13 18:00:00,0.008779640225080262
2018-07-13 19:00:00,0.006467860800825782
2018-07-13 20:00:00,0.010873590677706452
2018-07-13 21:00:00,0.03427073205770279
2018-07-13 22:00:00,0.009404923404084598
2018-07-13 23:00:00,0.013667134833098683
2018-07-14 00:00:00,0.012781852681223446
2018-07-14 01:00:00,0.021093243602803242
2018-07-14 02:00:00,0.009111063042097207
2018-07-14 03:00:00,0.01060485785483557
2018-07-14 04:00:00,0.019665171927179984
2018-07-14 05:00:00,0.027433804499992154
2018-07-14 06:00:00,0.020888206224655315
2018-07-14 07:00:00,0.028925229948049584
2018-07-14 08:00:00,0.012837261470362875
2018-07-14 09:00:00,0.009187708507326527
2018-07-14 10:00:00,0.028270978630867093
2018-07-14 11:00:00,0.00919579962463495
2018-07-14 12:00:00,0.02095387632508145
2018-07-14 13:00:00,0.020782886311168026
2018-07-14 14:00:00,0.0206807598371139
2018-07-14 15:00:00,0.006423833013617756
2018-07-14 16:00:00,0.020460756883982318
2018-07-14 17:00:00,0.009623424984355701
2018-07-14 18:00:00,0.010572942836562045
2018-07-14 19:00:00,0.009201508973140916
2018-07-14 20:00:00,0.01229764358215995
2018-07-14 21:00:00,0.00606966679324748
2018-07-14 22:00:00,0.010227629060825182
2018-07-14 23:00:00,0.009998709647103782
2018-07-15 00:00:00,0.007240842686526375
2018-07-15 01:00:00,0.019697649322776692
2018-07-15 02:00:00,0.012858441624509982
2018-07-15 03:00:00,0.010041763772950034
2018-07-15 04:00:00,0.00878418300032922
2018-07-15 05:00:00,0.010732571342151784
2018-07-15 06:00:00,0.014626902416337894
2018-07-15 07:00:00,0.004545695281094998
2018-07-15 08:00:00,0.013098196212907332
2018-07-15 09:00:00,0.009767835765764121
2018-07-15 10:00:00,0.01441170690265659
2018-07-15 11:00:00,0.014914954696435414
2018-07-15 12:00:00,0.018126582715713668
2018-07-15 13:00:00,0.009080661452424086
2018-07-15 14:00:00,0.01559902381002362
2018-07-15 15:00:00,0.005112079222525288
2018-07-15 16:00:00,0.01605145379133974
2018-07-15 17:00:00,0.0032833597547925427
2018-07-15 18:00:00,0.012128092558319677
2018-07-15 19:00:00,0.010636672773599387
2018-07-15 20:00:00,0.0154600626725893
2018-07-15 21:00:00,0.01995612936869805
2018-07-15 22:00:00,0.00839348375935642
2018-07-15 23:00:00,0.00781316935402814
2018-07-16 00:00:00,0.03877166197192698
2018-07-16 01:00:00,0.015678755980717916
2018-07-16 02:00:00,0.015546023065348653
2018-07-16 03:00:00,0.0031733082460870692
2018-07-16 04:00:00,0.010661504678902839
2018-07-16 05:00:00,0.010128813258285789
2018-07-16 06:00:00,0.007217611599370205
2018-07-16 07:00:00,0.022234175320142425
2018-07-16 08:00:00,0.025489163200557777
2018-07-16 09:00:00,0.006587825003155887
2018-07-16 10:00:00,0.015782101519402496
2018-07-16 11:00:00,0.005973233335904767
2018-07-16 12:00:00,0.010926042240817908
2018-07-16 13:00:00,0.01107623981736562
2018-07-16 14:00:00,0.02256789916740936
2018-07-16 15:00:00,0.008492275213190724
2018-07-16 16:00:00,0.005198758391862473
2018-07-16 17:00:00,0.005926533240968429
2018-07-16 18:00:00,0.006378810035176868
2018-07-16 19:00:00,0.029947631586493023
2018-07-16 20:00:00,0.01272519773580124
2018-07-16 21:00:00,0.012872396901994118
2018-07-16 22:00:00,0.019248089617005363
2018-07-16 23:00:00,0.00964194855357586
2018-07-17 00:00:00,0.0115064682061385
2018-07-17 01:00:00,0.02147755837768534
2018-07-17 02:00:00,0.0213032715935674
2018-07-17 03:00:00,0.021199303985411415
2018-07-17 04:00:00,0.0211123985626401
2018-07-17 05:00:00,0.021032224340870036
2018-07-17 06:00:00,0.009797577954489005
2018-07-17 07:00:00,0.008983075356369285
2018-07-17 08:00:00,0.013075226826963719
2018-07-17 09:00:00,0.0501692186049546
2018-07-17 10:00:00,0.01636239456084591
2018-07-17 11:00:00,0.007682888172006703
2018-07-17 12:00:00,0.013447276437216354
2018-07-17 13:00:00,0.020416413237107817
2018-07-17 14:00:00,0.009943700583707306
2018-07-17 15:00:00,0.02528812062131049
2018-07-17 16:00:00,0.01349503583026442
2018-07-17 17:00:00,0.0059698283009507235
2018-07-17 18:00:00,0.027611905688246185
2018-07-17 19:00:00,0.01232321506905655
2018-07-17 20:00:00,0.011143753205478174
2018-07-17 21:00:00,0.005671748917186701
2018-07-17 22:00:00,0.004056079102511682
2018-07-17 23:00:00,0.008743319445270738
2018-07-18 00:00:00,0.012079794189455593
2018-07-18 01:00:00,0.008489876098160605
2018-07-18 02:00:00,0.009422994791720155
2018-07-18 03:00:00,0.009894791044618526
2018-07-18 04:00:00,0.008505427681192211
2018-07-18 05:00:00,0.007566725499840481
2018-07-18 06:00:00,0.007919719886851318
2018-07-18 07:00:00,0.011797246592104687
2018-07-18 08:00:00,0.012760239093318802
2018-07-18 09:00:00,0.007626027310435224
2018-07-18 10:00:00,0.009358711015595567
2018-07-18 11:00:00,0.011902955863455047
2018-07-18 12:00:00,0.010269606774441371
2018-07-18 13:00:00,0.010368661573003713
2018-07-18 14:00:00,0.009646539045956009
2018-07-18 15:00:00,0.014009191655884098
2018-07-18 16:00:00,0.008970345082880988
2018-07-18 17:00:00,0.010567539762919465
2018-07-18 18:00:00,0.008729915089817268
2018-07-18 19:00:00,0.012111411336703832
2018-07-18 20:00:00,0.01755807441596763
2018-07-18 21:00:00,0.016418184164051
2018-07-18 22:00:00,0.005439445025493986
2018-07-18 23:00:00,0.013742656902446753
2018-07-19 00:00:00,0.010104695251112884
2018-07-19 01:00:00,0.013645994269329042
2018-07-19 02:00:00,0.015464860079184482
2018-07-19 03:00:00,0.009636583770874403
2018-07-19 04:00:00,0.011390765918339292
2018-07-19 05:00:00,0.013279055199984527
2018-07-19 06:00:00,0.012061473211270426
2018-07-19 07:00:00,0.032380571134404
2018-07-19 08:00:00,0.0077984071276514695
2018-07-19 09:00:00,0.005753543084140258
2018-07-19 10:00:00,0.019139180172847138
2018-07-19 11:00:00,0.01899686843096331
2018-07-19 12:00:00,0.018945957967445283
2018-07-19 13:00:00,0.012337996302388668
2018-07-19 14:00:00,0.021941255176893975
2018-07-19 15:00:00,0.008100554711569704
2018-07-19 16:00:00,0.012330237194297837
2018-07-19 17:00:00,0.015482775237434127
2018-07-19 18:00:00,0.007101392529127158
2018-07-19 19:00:00,0.013056679401620627
2018-07-19 20:00:00,0.010108083918941184
2018-07-19 21:00:00,0.011034259698577987
2018-07-19 22:00:00,0.008993846129826552
2018-07-19 23:00:00,0.00889074883572377
2018-07-20 00:00:00,0.009142234948964656
2018-07-20 01:00:00,0.013169129031164385
2018-07-20 02:00:00,0.022582533667153126
2018-07-20 03:00:00,0.020726067871480614
2018-07-20 04:00:00,0.008696798532857262
2018-07-20 05:00:00,0.02390169779818526
2018-07-20 06:00:00,0.028402205885518995
2018-07-20 07:00:00,0.00928029307496462
2018-07-20 08:00:00,0.016989868576520843
2018-07-20 09:00:00,0.013985488096887929
2018-07-20 10:00:00,0.0034988028923827095
2018-07-20 11:00:00,0.017220746079834308
2018-07-20 12:00:00,0.01002541686634503
2018-07-20 13:00:00,0.007098254707177229
2018-07-20 14:00:00,0.01238998177909692
2018-07-20 15:00:00,0.013721838624010045
2018-07-20 16:00:00,0.012551336450300392
2018-07-20 17:00:00,0.011119917591169513
2018-07-20 18:00:00,0.011040320297143216
2018-07-20 19:00:00,0.0105476447893663
2018-07-20 20:00:00,0.02503700602808791
2018-07-20 21:00:00,0.007743885184059918
2018-07-20 22:00:00,0.014470928188128404
2018-07-20 23:00:00,0.037461800171146
2018-07-21 00:00:00,0.009212398250604244
2018-07-21 01:00:00,0.0074401865571882084
2018-07-21 02:00:00,0.008332244507480172
2018-07-21 03:00:00,0.006942035508442522
2018-07-21 04:00:00,0.004158018342828779
2018-07-21 05:00:00,0.021554775142890583
2018-07-21 06:00:00,0.008246990052386676
2018-07-21 07:00:00,0.006603628168428406
2018-07-21 08:00:00,0.007442880058981319
2018-07-21 09:00:00,0.013667225101531651
2018-07-21 10:00:00,0.009103910000375358
2018-07-21 11:00:00,0.004905759163653072
2018-07-21 12:00:00,0.01771858537118676
2018-07-21 13:00:00,0.007783262046693664
2018-07-21 14:00:00,0.010614218639960694
2018-07-21 15:00:00,0.01576070561275294
2018-07-21 16:00:00,0.010912462507137503
2018-07-21 17:00:00,0.008045502063475282
2018-07-21 18:00:00,0.00963001686991753
2018-07-21 19:00:00,0.009242755003960901
2018-07-21 20:00:00,0.01307002782083196
2018-07-21 21:00:00,0.0070593895595328195
2018-07-21 22:00:00,0.015510694700604321
2018-07-21 23:00:00,0.019067823089060618
2018-07-22 00:00:00,0.01890301378103085
2018-07-22 01:00:00,0.018823538126253023
2018-07-22 02:00:00,0.018764113260690215
2018-07-22 03:00:00,0.018712264474359586
2018-07-22 04:00:00,0.004705640170167471
2018-07-22 05:00:00,0.003946240331801336
2018-07-22 06:00:00,0.030486058436321378
2018-07-22 07:00:00,0.013911360920322286
2018-07-22 08:00:00,0.010888127333503129
2018-07-22 09:00:00,0.008983326096834787
2018-07-22 10:00:00,0.004093263973928837
2018-07-22 11:00:00,0.026218150242335838
2018-07-22 12:00:00,0.003981575990480044
2018-07-22 13:00:00,0.015675106666867233
2018-07-22 14:00:00,0.007670962453996283
2018-07-22 15:00:00,0.007750544912542997
2018-07-22 16:00:00,0.008620242225884261
2018-07-22 17:00:00,0.003142078377662336
2018-07-22 18:00:00,0.012172808021657893
2018-07-22 19:00:00,0.009503879299578319
2018-07-22 20:00:00,0.006160813270328575
2018-07-22 21:00:00,0.009832128643898683
2018-07-22 22:00:00,0.008513184956478455
2018-07-22 23:00:00,0.014821033267368946
2018-07-23 00:00:00,0.013647995489039375
2018-07-23 01:00:00,0.00945541899350617
2018-07-23 02:00:00,0.011150560274042808
2018-07-23 03:00:00,0.009873922004969954
2018-07-23 04:00:00,0.012370707183714318
2018-07-23 05:00:00,0.009138725913242463
2018-07-23 06:00:00,0.016872368182989206
2018-07-23 07:00:00,0.00812636607683101
2018-07-23 08:00:00,0.008297564902947845
2018-07-23 09:00:00,0.010734773608068912
2018-07-23 10:00:00,0.029678639295275422
2018-07-23 11:00:00,0.013096987349930938
2018-07-23 12:00:00,0.003773166113912442
2018-07-23 13:00:00,0.011778961930402539
2018-07-23 14:00:00,0.007287283323077597
2018-07-23 15:00:00,0.024075005493171313
2018-07-23 16:00:00,0.009022766657987102
2018-07-23 17:00:00,0.014079092190044806
2018-07-23 18:00:00,0.010099599921379675
2018-07-23 19:00:00,0.004359774508980694
2018-07-23 20:00:00,0.01724638843714034
2018-07-23 21:00:00,0.008504376466489745
2018-07-23 22:00:00,0.009165264082853857
2018-07-23 23:00:00,0.020871947961108705
2018-07-24 00:00:00,0.008890722253195496
2018-07-24 01:00:00,0.013752706427520708
2018-07-24 02:00:00,0.008608273288827203
2018-07-24 03:00:00,0.012303889771065692
2018-07-24 04:00:00,0.016446494271039613
2018-07-24 05:00:00,0.006579056032871208
2018-07-24 06:00:00,0.014260048075586514
2018-07-24 07:00:00,0.015486189095511905
2018-07-24 08:00:00,0.01839187231518952
2018-07-24 09:00:00,0.018340984207485072
2018-07-24 10:00:00,0.0183124082709859
2018-07-24 11:00:00,0.011710761935649962
2018-07-24 12:00:00,0.00924489907237875
2018-07-24 13:00:00,0.01337071612797362
2018-07-24 14:00:00,0.007584165861820963
2018-07-24 15:00:00,0.011210806044066974
2018-07-24 16:00:00,0.009686444264478889
2018-07-24 17:00:00,0.008139458564998724
2018-07-24 18:00:00,0.015950718151150234
2018-07-24 19:00:00,0.0027895964858770032
2018-07-24 20:00:00,0.010469282725393563
2018-07-24 21:00:00,0.011328079542417319
2018-07-24 22:00:00,0.008910177928487178
2018-07-24 23:00:00,0.012183202990962616
2018-07-25 00:00:00,0.022152239588863892
2018-07-25 01:00:00,0.006628045933118733
2018-07-25 02:00:00,0.01249255116148021
2018-07-25 03:00:00,0.01012593618310211
2018-07-25 04:00:00,0.014316677741850622
2018-07-25 05:00:00,0.0026781943786112847
2018-07-25 06:00:00,0.011335243513344246
2018-07-25 07:00:00,0.006029359128101125
2018-07-25 08:00:00,0.010945892563097711
2018-07-25 09:00:00,0.006406954508193772
2018-07-25 10:00:00,0.007871934378787658
2018-07-25 11:00:00,0.0086011026963225
2018-07-25 12:00:00,0.006401774411943819
2018-07-25 13:00:00,0.008014559149960016
2018-07-25 14:00:00,0.020826449584527614
2018-07-25 15:00:00,0.004839500510647747
2018-07-25 16:00:00,0.01022086432623696
2018-07-25 17:00:00,0.01634795186139073
2018-07-25 18:00:00,0.009083480146182288
2018-07-25 19:00:00,0.019730019290586463
2018-07-25 20:00:00,0.010328214775422208
2018-07-25 21:00:00,0.009880244286076022
2018-07-25 22:00:00,0.020658458552513508
2018-07-25 23:00:00,0.006096642967728515
2018-07-26 00:00:00,0.011994628719479476
2018-07-26 01:00:00,0.019016556124998106
2018-07-26 02:00:00,0.009950748047617612
2018-07-26 03:00:00,0.009488062754309214
2018-07-26 04:00:00,0.0196722335839146
2018-07-26 05:00:00,0.011082278885731532
2018-07-26 06:00:00,0.032587370717548
2018-07-26 07:00:00,0.01385257999309097
2018-07-26 08:00:00,0.009580625667883308
2018-07-26 09:00:00,0.009616173158431982
2018-07-26 10:00:00,0.017806216263188335
2018-07-26 11:00:00,0.010276118920454607
2018-07-26 12:00:00,0.0037607725728353142
2018-07-26 13:00:00,0.006002134483859167
2018-07-26 14:00:00,0.02038389282328095
2018-07-26 15:00:00,0.01836283873319999
2018-07-26 16:00:00,0.009323628971677324
2018-07-26 17:00:00,0.017545426286235153
2018-07-26 18:00:00,0.009304264231446114
2018-07-26 19:00:00,0.027690728199034984
2018-07-26 20:00:00,0.015350796185362267
2018-07-26 21:00:00,0.02025576220446635
2018-07-26 22:00:00,0.020264724872863734
2018-07-26 23:00:00,0.02022378726618578
2018-07-27 00:00:00,0.020171136085836892
2018-07-27 01:00:00,0.020113828190387702
2018-07-27 02:00:00,0.014596000446701184
2018-07-27 03:00:00,0.016487697046775104
2018-07-27 04:00:00,0.008205795180175869
2018-07-27 05:00:00,0.004872188789746167
2018-07-27 06:00:00,0.008376406558102808
2018-07-27 07:00:00,0.005933789095241356
2018-07-27 08:00:00,0.016071315045513384
2018-07-27 09:00:00,0.009741811180389578
2018-07-27 10:00:00,0.014024337352509344
2018-07-27 11:00:00,0.004977582225022253
2018-07-27 12:00:00,0.002562903784465068
2018-07-27 13:00:00,0.010837368256543507
2018-07-27 14:00:00,0.008800595187635025
2018-07-27 15:00:00,0.016177530865895844
2018-07-27 16:00:00,0.020164707403437003
2018-07-27 17:00:00,0.008627164375793984
2018-07-27 18:00:00,0.01287881899470724
2018-07-27 19:00:00,0.014191464572266414
2018-07-27 20:00:00,0.009158048624404343
2018-07-27 21:00:00,0.011123017260323885
2018-07-27 22:00:00,0.004576769976505525
2018-07-27 23:00:00,0.005535983403694462
2018-07-28 00:00:00,0.014957043143537144
2018-07-28 01:00:00,0.025649224480389407
2018-07-28 02:00:00,0.009015839489918662
2018-07-28 03:00:00,0.003418058149083722
2018-07-28 04:00:00,0.007944119374236894
2018-07-28 05:00:00,0.008703009468347924
2018-07-28 06:00:00,0.006747694127881212
2018-07-28 07:00:00,0.01223542550039794
2018-07-28 08:00:00,0.003013710205373324
2018-07-28 09:00:00,0.012110997237436302
2018-07-28 10:00:00,0.008227122415557715
2018-07-28 11:00:00,0.008896039445205043
2018-07-28 12:00:00,0.022172948567002918
2018-07-28 13:00:00,0.006692202129386738
2018-07-28 14:00:00,0.02661283228798701
2018-07-28 15:00:00,0.0141930019456007
2018-07-28 16:00:00,0.014237792805596379
2018-07-28 17:00:00,0.03080631814715161
2018-07-28 18:00:00,0.014892753197447305
2018-07-28 19:00:00,0.009369648876273227
2018-07-28 20:00:00,0.013109567769517582
2018-07-28 21:00:00,0.012833695781695124
2018-07-28 22:00:00,0.01714412186850671
2018-07-28 23:00:00,0.0028538167500059843
2018-07-29 00:00:00,0.013885519820656904
2018-07-29 01:00:00,0.008285835184990605
2018-07-29 02:00:00,0.013696857135584595
2018-07-29 03:00:00,0.01085694290295635
2018-07-29 04:00:00,0.00939956016456726
2018-07-29 05:00:00,0.028972044643425576
2018-07-29 06:00:00,0.0179651713357453
2018-07-29 07:00:00,0.018104486593262862
2018-07-29 08:00:00,0.018143136779732196
2018-07-29 09:00:00,0.011935906244388157
2018-07-29 10:00:00,0.010868451065676092
2018-07-29 11:00:00,0.015202893527134024
2018-07-29 12:00:00,0.008992554420212568
2018-07-29 13:00:00,0.004939415661061869
2018-07-29 14:00:00,0.014205237800430738
2018-07-29 15:00:00,0.006213427015554387
2018-07-29 16:00:00,0.008568510426356398
2018-07-29 17:00:00,0.00555215862255115
2018-07-29 18:00:00,0.004781836864823496
2018-07-29 19:00:00,0.00752959503260373
2018-07-29 20:00:00,0.012390687011149669
2018-07-29 21:00:00,0.0037514569008986623
2018-07-29 22:00:00,0.015591401336167217
2018-07-29 23:00:00,0.005386961437126638
2018-07-30 00:00:00,0.011045382147909268
2018-07-30 01:00:00,0.0060402320419012615
2018-07-30 02:00:00,0.008251494166787368
2018-07-30 03:00:00,0.005010267281112177
2018-07-30 04:00:00,0.014260449927455914
2018-07-30 05:00:00,0.006058216430201129
2018-07-30 06:00:00,0.028224061047466303
2018-07-30 07:00:00,0.01259235534697035
2018-07-30 08:00:00,0.017019746803245604
2018-07-30 09:00:00,0.013550326096546899
2018-07-30 10:00:00,0.012795575132702788
2018-07-30 11:00:00,0.005183406895300708
2018-07-30 12:00:00,0.00795205135371072
2018-07-30 13:00:00,0.013270733990786703
2018-07-30 14:00:00,0.010086948295519689
2018-07-30 15:00:00,0.028178591565267298
2018-07-30 16:00:00,0.005309454199840645
2018-07-30 17:00:00,0.01990818687512417
2018-07-30 18:00:00,0.012027693143059593
2018-07-30 19:00:00,0.03427350923580427
2018-07-30 20:00:00,0.018667380265749444
2018-07-30 21:00:00,0.00431467599166467
2018-07-30 22:00:00,0.011359728377380012
2018-07-30 23:00:00,0.010213740343631351
2018-07-31 00:00:00,0.011370264934550229
2018-07-31 01:00:00,0.0061410665264249285
2018-07-31 02:00:00,0.00687998150423633
2018-07-31 03:00:00,0.013319780067043792
2018-07-31 04:00:00,0.000788439296396912
2018-07-31 05:00:00,0.0030004617503836956
2018-07-31 06:00:00,0.00509887102124734
2018-07-31 07:00:00,0.012735297674257233
2018-07-31 08:00:00,0.009742639181961246
2018-07-31 09:00:00,0.016152128712386676
2018-07-31 10:00:00,0.013581773985055577
2018-07-31 11:00:00,0.007214707848785764
2018-07-31 12:00:00,0.01029191237440484
2018-07-31 13:00:00,0.00457676281592599
2018-07-31 14:00:00,0.01312276377053127
2018-07-31 15:00:00,0.005928229165232407
2018-07-31 16:00:00,0.010268202552373198
2018-07-31 17:00:00,0.012135319337182366
2018-07-31 18:00:00,0.006197138371471033
2018-07-31 19:00:00,0.014458069443133756
2018-07-31 20:00:00,0.014652542088794913
2018-07-31 21:00:00,0.01475301336641656
2018-07-31 22:00:00,0.014828925268939117
2018-07-31 23:00:00,0.014893619428139099
2018-08-01 00:00:00,0.02532704853243517
2018-08-01 01:00:00,0.008401099966711208
2018-08-01 02:00:00,0.01877853613258051
2018-08-01 03:00:00,0.008206845050302345
2018-08-01 04:00:00,0.013151294179863252
2018-08-01 05:00:00,0.010784070818434256
2018-08-01 06:00:00,0.004778680870680414
2018-08-01 07:00:00,0.0023367020795894864
2018-08-01 08:00:00,0.0038409468166918444
2018-08-01 09:00:00,0.028927786792752024
2018-08-01 10:00:00,0.016296700050257577
2018-08-01 11:00:00,0.007375946861479341
2018-08-01 12:00:00,0.02619166842482692
2018-08-01 13:00:00,0.018973880198793563
2018-08-01 14:00:00,0.009038714734662574
2018-08-01 15:00:00,0.010488845767728846
2018-08-01 16:00:00,0.013150271097732444
2018-08-01 17:00:00,0.01675893007411927
2018-08-01 18:00:00,0.013957995887013132
2018-08-01 19:00:00,0.0076462646508337765
2018-08-01 20:00:00,0.008437461979167468
2018-08-01 21:00:00,0.007648180291803983
2018-08-01 22:00:00,0.011798897328324844
2018-08-01 23:00:00,0.013105913928498497
2018-08-02 00:00:00,0.00743600432395406
2018-08-02 01:00:00,0.010450405005246395
2018-08-02 02:00:00,0.03537394798187052
2018-08-02 03:00:00,0.005853140815010197
2018-08-02 04:00:00,0.022126666101179714
2018-08-02 05:00:00,0.008765841136095662
2018-08-02 06:00:00,0.009874446253191041
2018-08-02 07:00:00,0.00783280408637714
2018-08-02 08:00:00,0.013019957088694174
2018-08-02 09:00:00,0.008328281322684566
2018-08-02 10:00:00,0.02673071393056656
2018-08-02 11:00:00,0.007956553921486267
2018-08-02 12:00:00,0.011917667275041139
2018-08-02 13:00:00,0.03478697990854906
2018-08-02 14:00:00,0.007596449277712397
2018-08-02 15:00:00,0.010256605607189042
2018-08-02 16:00:00,0.0184230122156751
2018-08-02 17:00:00,0.0006557534180025726
2018-08-02 18:00:00,0.010320622762959359
2018-08-02 19:00:00,0.009339194791772767
2018-08-02 20:00:00,0.005898536990415056
2018-08-02 21:00:00,0.018161226674643233
2018-08-02 22:00:00,0.006605448999105023
2018-08-02 23:00:00,0.005986865690640543
2018-08-03 00:00:00,0.02266719685055232
2018-08-03 01:00:00,0.023731591710271522
2018-08-03 02:00:00,0.008783646352118138
2018-08-03 03:00:00,0.013602590198795712
2018-08-03 04:00:00,0.013558290828218949
2018-08-03 05:00:00,0.013809936033744858
2018-08-03 06:00:00,0.013948818567454222
2018-08-03 07:00:00,0.012830942309262492
2018-08-03 08:00:00,0.01727014013900134
2018-08-03 09:00:00,0.010375817507767587
2018-08-03 10:00:00,0.014427444153989456
2018-08-03 11:00:00,0.019810747432544996
2018-08-03 12:00:00,0.00901859594950161
2018-08-03 13:00:00,0.010430378968734116
2018-08-03 14:00:00,0.013324567006368205
2018-08-03 15:00:00,0.0058734532634543615
2018-08-03 16:00:00,0.006088002705165188
2018-08-03 17:00:00,0.020205792865146902
2018-08-03 18:00:00,0.005898268247349566
2018-08-03 19:00:00,0.014652885099998804
2018-08-03 20:00:00,0.013624151990333809
2018-08-03 21:00:00,0.009427089823536676
2018-08-03 22:00:00,0.013213768824559049
2018-08-03 23:00:00,0.013717983066306597
2018-08-04 00:00:00,0.008569496568514499
2018-08-04 01:00:00,0.005957933346447633
2018-08-04 02:00:00,0.014862149837045313
2018-08-04 03:00:00,0.004295905945898267
2018-08-04 04:00:00,0.010733219315582925
2018-08-04 05:00:00,0.022264705182386543
2018-08-04 06:00:00,0.011829866078509964
2018-08-04 07:00:00,0.011276642442576278
2018-08-04 08:00:00,0.009202373733674387
2018-08-04 09:00:00,0.007366142627221031
2018-08-04 10:00:00,0.003093708910523866
2018-08-04 11:00:00,0.008633926700646364
2018-08-04 12:00:00,0.007334711753322686
2018-08-04 13:00:00,0.03127836430030858
2018-08-04 14:00:00,0.010551156922255275
2018-08-04 15:00:00,0.008948233681941151
2018-08-04 16:00:00,0.012578494079039064
2018-08-04 17:00:00,0.03207798418272552
2018-08-04 18:00:00,0.018859988537622937
2018-08-04 19:00:00,0.02328852717415263
2018-08-04 20:00:00,0.004461194638236423
2018-08-04 21:00:00,0.009011084100500428
2018-08-04 22:00:00,0.022269027361375378
2018-08-04 23:00:00,0.008316993463487033
2018-08-05 00:00:00,0.0049725035623446765
2018-08-05 01:00:00,0.011194743049890918
2018-08-05 02:00:00,0.007584313670539057
2018-08-05 03:00:00,0.010597507069864153
2018-08-05 04:00:00,0.007241421757680784
2018-08-05 05:00:00,0.018775977539453054
2018-08-05 06:00:00,0.030229337300704987
2018-08-05 07:00:00,0.012114060727353965
2018-08-05 08:00:00,0.005298224581456643
2018-08-05 09:00:00,0.01886590442645811
2018-08-05 10:00:00,0.0038628326633400514
2018-08-05 11:00:00,0.0052045642545269725
2018-08-05 12:00:00,0.008054027246851237
2018-08-05 13:00:00,0.015599736339921908
2018-08-05 14:00:00,0.015546687431670377
2018-08-05 15:00:00,0.013407264461860946
2018-08-05 16:00:00,0.009231364258263364
2018-08-05 17:00:00,0.011790018004840419
2018-08-05 18:00:00,0.011992988502428697
2018-08-05 19:00:00,0.012117300117343226
2018-08-05 20:00:00,0.012223137162105123
2018-08-05 21:00:00,0.012321769683155709
2018-08-05 22:00:00,0.018117826354879386
2018-08-05 23:00:00,0.010553917240575875
2018-08-06 00:00:00,0.007005207115559438
2018-08-06 01:00:00,0.006811176365410736
2018-08-06 02:00:00,0.004483616846289353
2018-08-06 03:00:00,0.010492227234101453
2018-08-06 04:00:00,0.02160480728177091
2018-08-06 05:00:00,0.00793715624630161
2018-08-06 06:00:00,0.007745653399911095
2018-08-06 07:00:00,0.0078080342847739685
2018-08-06 08:00:00,0.008546647910069472
2018-08-06 09:00:00,0.00696008824100966
2018-08-06 10:00:00,0.011397768770536958
2018-08-06 11:00:00,0.022231338189936875
2018-08-06 12:00:00,0.008252468165434769
2018-08-06 13:00:00,0.008689210575926158
2018-08-06 14:00:00,0.017718242600396682
2018-08-06 15:00:00,0.011313699789333333
2018-08-06 16:00:00,0.02068169854563613
2018-08-06 17:00:00,0.01154257943419762
2018-08-06 18:00:00,0.0034813868166465463
2018-08-06 19:00:00,0.01967739454641381
2018-08-06 20:00:00,0.022756352283620537
2018-08-06 21:00:00,0.017527925291043307
2018-08-06 22:00:00,0.007604101863166293
2018-08-06 23:00:00,0.03979106361479254
2018-08-07 00:00:00,0.006662809284590391
2018-08-07 01:00:00,0.00907740504918848
2018-08-07 02:00:00,0.007991306639196692
2018-08-07 03:00:00,0.017414072145644607
2018-08-07 04:00:00,0.01750727071847186
2018-08-07 05:00:00,0.00936498123713727
2018-08-07 06:00:00,0.008126694208430893
2018-08-07 07:00:00,0.010563001749900824
2018-08-07 08:00:00,0.009071221174474911
2018-08-07 09:00:00,0.010443831491117363
2018-08-07 10:00:00,0.012481659538609002
2018-08-07 11:00:00,0.028236120071790573
2018-08-07 12:00:00,0.03548746249056647
2018-08-07 13:00:00,0.018679307099334467
2018-08-07 14:00:00,0.005418060560482689
2018-08-07 15:00:00,0.009775095973699086
2018-08-07 16:00:00,0.022380702108094997
2018-08-07 17:00:00,0.008824316271061502
2018-08-07 18:00:00,0.003161088241698738
2018-08-07 19:00:00,0.005410596923545369
2018-08-07 20:00:00,0.013843402982126113
2018-08-07 21:00:00,0.017121305263519522
2018-08-07 22:00:00,0.01031130624719878
2018-08-07 23:00:00,0.012308266011030718
2018-08-08 00:00:00,0.031849429923589336
2018-08-08 01:00:00,0.011378489312970886
2018-08-08 02:00:00,0.011346339654696178
2018-08-08 03:00:00,0.01158106322446283
2018-08-08 04:00:00,0.011728845897914468
2018-08-08 05:00:00,0.00880228437272928
2018-08-08 06:00:00,0.015817914833878694
2018-08-08 07:00:00,0.009754328903878918
2018-08-08 08:00:00,0.010048135528546349
2018-08-08 09:00:00,0.01377118976690066
2018-08-08 10:00:00,0.01020081556528044
2018-08-08 11:00:00,0.011496618685869563
2018-08-08 12:00:00,0.015684786415975694
2018-08-08 13:00:00,0.013774034977315745
2018-08-08 14:00:00,0.010221552912871397
2018-08-08 15:00:00,0.036823730075147665
2018-08-08 16:00:00,0.00696350145400982
2018-08-08 17:00:00,0.01178149071634861
2018-08-08 18:00:00,0.025895563920350882
2018-08-08 19:00:00,0.014065511933156034
2018-08-08 20:00:00,0.013620856869967326
2018-08-08 21:00:00,0.0028324667946648483
2018-08-08 22:00:00,0.034467385249792086
2018-08-08 23:00:00,0.012458227087872906
2018-08-09 00:00:00,0.012708535174568292
2018-08-09 01:00:00,0.009325230885914559
2018-08-09 02:00:00,0.004408965407943255
2018-08-09 03:00:00,0.0063360077535337105
2018-08-09 04:00:00,0.005314277099278602
2018-08-09 05:00:00,0.01669949178798964
2018-08-09 06:00:00,0.015183704589998745
2018-08-09 07:00:00,0.010022875462836301
2018-08-09 08:00:00,0.0199504331255991
2018-08-09 09:00:00,0.015134918423560536
2018-08-09 10:00:00,0.016314097893433185
2018-08-09 11:00:00,0.004235251910477956
2018-08-09 12:00:00,0.013078152323532188
2018-08-09 13:00:00,0.00453852188280896
2018-08-09 14:00:00,0.013666772463889492
2018-08-09 15:00:00,0.005925171503141398
2018-08-09 16:00:00,0.0311711528459865
2018-08-09 17:00:00,0.010310553406302863
2018-08-09 18:00:00,0.0016996395452695604
2018-08-09 19:00:00,0.005877686382500925
2018-08-09 20:00:00,0.009773636100221455
2018-08-09 21:00:00,0.011255946142598103
2018-08-09 22:00:00,0.008939476737599884
2018-08-09 23:00:00,0.009392468509922498
2018-08-10 00:00:00,0.01130745968102713
2018-08-10 01:00:00,0.012209956430696407
2018-08-10 02:00:00,0.004666127302927092
2018-08-10 03:00:00,0.012685551635508418
2018-08-10 04:00:00,0.017412017633876762
2018-08-10 05:00:00,0.019568965594152082
2018-08-10 06:00:00,0.017594621009267623
2018-08-10 07:00:00,0.017333506497338943
2018-08-10 08:00:00,0.01785859443994295
2018-08-10 09:00:00,0.01044136666954382
2018-08-10 10:00:00,0.009697335698136144
2018-08-10 11:00:00,0.01968610720944807
2018-08-10 12:00:00,0.01205126991573757
2018-08-10 13:00:00,0.00970137461694758
2018-08-10 14:00:00,0.003277537873766422
2018-08-10 15:00:00,0.012522157352919928
2018-08-10 16:00:00,0.01273684009143971
2018-08-10 17:00:00,0.012874566369763439
2018-08-10 18:00:00,0.012994823246822485
2018-08-10 19:00:00,0.013108633413099315
2018-08-10 20:00:00,0.017813881863676353
2018-08-10 21:00:00,0.04735827851527158
2018-08-10 22:00:00,0.017160821647651273
2018-08-10 23:00:00,0.029008142012832732
2018-08-11 00:00:00,0.02190614943606068
2018-08-11 01:00:00,0.011383513775570264
2018-08-11 02:00:00,0.014868256680303097
2018-08-11 03:00:00,0.005698300210222752
2018-08-11 04:00:00,0.024554527358729247
2018-08-11 05:00:00,0.00630687216026202
2018-08-11 06:00:00,0.00445552065912184
2018-08-11 07:00:00,0.007092308566906106
2018-08-11 08:00:00,0.024258775456848816
2018-08-11 09:00:00,0.009771335796953894
2018-08-11 10:00:00,0.02741935677735815
2018-08-11 11:00:00,0.017125723066876018
2018-08-11 12:00:00,0.01910730793183
2018-08-11 13:00:00,0.007854955542890896
2018-08-11 14:00:00,0.016698656887759733
2018-08-11 15:00:00,0.012306697654099046
2018-08-11 16:00:00,0.02243134167379412
2018-08-11 17:00:00,0.007400312485950641
2018-08-11 18:00:00,0.012710381276551866
2018-08-11 19:00:00,0.010114299758460921
2018-08-11 20:00:00,0.01570290394151768
2018-08-11 21:00:00,0.006903491389814383
2018-08-11 22:00:00,0.026405782797780362
2018-08-11 23:00:00,0.012418099484815594
2018-08-12 00:00:00,0.015926406997651032
2018-08-12 01:00:00,0.009651261833171467
2018-08-12 02:00:00,0.028574479712412625
2018-08-12 03:00:00,0.009534614531805175
2018-08-12 04:00:00,0.0408636167748657
2018-08-12 05:00:00,0.03534507808758346
2018-08-12 06:00:00,0.00978218328105217
2018-08-12 07:00:00,0.023487719491230536
2018-08-12 08:00:00,0.03094989005041232
2018-08-12 09:00:00,0.015746643765124066
2018-08-12 10:00:00,0.031078859389911746
2018-08-12 11:00:00,0.01835440020947159
2018-08-12 12:00:00,0.02018772927864488
2018-08-12 13:00:00,0.009373633391819078
2018-08-12 14:00:00,0.006400691984444792
2018-08-12 15:00:00,0.00968467711926169
2018-08-12 16:00:00,0.022983420479282275
2018-08-12 17:00:00,0.029728234669533473
2018-08-12 18:00:00,0.004465139837886728
2018-08-12 19:00:00,0.035811021199462986
2018-08-12 20:00:00,0.028239013633372903
2018-08-12 21:00:00,0.009059236600070323
2018-08-12 22:00:00,0.04966306069792091
2018-08-12 23:00:00,0.015668956585792253
2018-08-13 00:00:00,0.021345558335726322
2018-08-13 01:00:00,0.02137594104298067
2018-08-13 02:00:00,0.02135137815844923
2018-08-13 03:00:00,0.010941529931431607
2018-08-13 04:00:00,0.00995423898564585
2018-08-13 05:00:00,0.007589738966381666
2018-08-13 06:00:00,0.026271329729330294
2018-08-13 07:00:00,0.026632359159780128
2018-08-13 08:00:00,0.009505869982674145
2018-08-13 09:00:00,0.018824940464131378
2018-08-13 10:00:00,0.012115466100615918
2018-08-13 11:00:00,0.010165628894699637
2018-08-13 12:00:00,0.020724020235794904
2018-08-13 13:00:00,0.015771441518230227
2018-08-13 14:00:00,0.027623671464688596
2018-08-13 15:00:00,0.025838746931182863
2018-08-13 16:00:00,0.007972456266669325
2018-08-13 17:00:00,0.013998354159457117
2018-08-13 18:00:00,0.012522253196174973
2018-08-13 19:00:00,0.01675971723562762
2018-08-13 20:00:00,0.014487561308476732
2018-08-13 21:00:00,0.014136848918426072
2018-08-13 22:00:00,0.04783447358066462
2018-08-13 23:00:00,0.015313353639766901
2018-08-14 00:00:00,0.009598442536891384
2018-08-14 01:00:00,0.020119044013121503
2018-08-14 02:00:00,0.022083437981817725
2018-08-14 03:00:00,0.013889232306237067
2018-08-14 04:00:00,0.015898219420266556
2018-08-14 05:00:00,0.03140846714875308
2018-08-14 06:00:00,0.03523808378046676
2018-08-14 07:00:00,0.030517228461105952
2018-08-14 08:00:00,0.020396924096753855
2018-08-14 09:00:00,0.01657341006375718
2018-08-14 10:00:00,0.011159390603498338
2018-08-14 11:00:00,0.013252565590948152
2018-08-14 12:00:00,0.025408909685585217
2018-08-14 13:00:00,0.01690929060547549
2018-08-14 14:00:00,0.004045941356481526
2018-08-14 15:00:00,0.034012157990551004
2018-08-14 16:00:00,0.006385706159008259
2018-08-14 17:00:00,0.012165929092419123
2018-08-14 18:00:00,0.014398703588589721
2018-08-14 19:00:00,0.008407125749789272
2018-08-14 20:00:00,0.008982897949207036
2018-08-14 21:00:00,0.031136394979854293
2018-08-14 22:00:00,0.012117127942592043
2018-08-14 23:00:00,0.020670636908704867
2018-08-15 00:00:00,0.016449691136664855
2018-08-15 01:00:00,0.028318337996182663
2018-08-15 02:00:00,0.01926976634305617
2018-08-15 03:00:00,0.0039004410090455618
2018-08-15 04:00:00,0.00880679857934678
2018-08-15 05:00:00,0.007869301156727715
2018-08-15 06:00:00,0.018041806458660388
2018-08-15 07:00:00,0.03583378183631789
2018-08-15 08:00:00,0.013251546440219546
2018-08-15 09:00:00,0.04568785532759782
2018-08-15 10:00:00,0.01651934822605314
2018-08-15 11:00:00,0.014356063161685287
2018-08-15 12:00:00,0.01200853653796591
2018-08-15 13:00:00,0.021670416343515343
2018-08-15 14:00:00,0.021781180769583974
2018-08-15 15:00:00,0.02180480735272377
2018-08-15 16:00:00,0.021805799548662252
2018-08-15 17:00:00,0.02179676724133876
2018-08-15 18:00:00,0.01064181801928292
2018-08-15 19:00:00,0.011905503228196888
2018-08-15 20:00:00,0.011814048315349565
2018-08-15 21:00:00,0.023125452585886767
2018-08-15 22:00:00,0.008034171450545925
2018-08-15 23:00:00,0.0263866961763103
2018-08-16 00:00:00,0.012036410656299894
2018-08-16 01:00:00,0.03142746114589171
2018-08-16 02:00:00,0.005074552041844134
2018-08-16 03:00:00,0.02857260597259673
2018-08-16 04:00:00,0.01438511463649228
2018-08-16 05:00:00,0.04407964318391281
2018-08-16 06:00:00,0.014844922129466115
2018-08-16 07:00:00,0.025297442650463776
2018-08-16 08:00:00,0.026508108232702728
2018-08-16 09:00:00,0.01022577765164895
2018-08-16 10:00:00,0.0065044193939041645
2018-08-16 11:00:00,0.005595343686513746
2018-08-16 12:00:00,0.011150729817228386
2018-08-16 13:00:00,0.015653428312784066
2018-08-16 14:00:00,0.019429542653294753
2018-08-16 15:00:00,0.024213779592151694
2018-08-16 16:00:00,0.006959889221528736
2018-08-16 17:00:00,0.02602318378280652
2018-08-16 18:00:00,0.012217885812787247
2018-08-16 19:00:00,0.024652628629681973
2018-08-16 20:00:00,0.017704132113817043
2018-08-16 21:00:00,0.01513892001800404
2018-08-16 22:00:00,0.0222541659222058
2018-08-16 23:00:00,0.03759255388909855
2018-08-17 00:00:00,0.00679370768292264
2018-08-17 01:00:00,0.03146155233548137
2018-08-17 02:00:00,0.018027087391586614
2018-08-17 03:00:00,0.02670320010240143
2018-08-17 04:00:00,0.01336285293226887
2018-08-17 05:00:00,0.005330253870272946
2018-08-17 06:00:00,0.013129995529455632
2018-08-17 07:00:00,0.008913590405962436
2018-08-17 08:00:00,0.012018448945550491
2018-08-17 09:00:00,0.02604444782438787
2018-08-17 10:00:00,0.05001473387221406
2018-08-17 11:00:00,0.018028753149062025
2018-08-17 12:00:00,0.05176343492144057
2018-08-17 13:00:00,0.01317873820469277
2018-08-17 14:00:00,0.0121014183949145
2018-08-17 15:00:00,0.012145444033944304
2018-08-17 16:00:00,0.01574177880692263
2018-08-17 17:00:00,0.01701924355201292
2018-08-17 18:00:00,0.017674160035800284
2018-08-17 19:00:00,0.032791701544463245
2018-08-17 20:00:00,0.01600007748158809
2018-08-17 21:00:00,0.015211817285522792
2018-08-17 22:00:00,0.022013410622381466
2018-08-17 23:00:00,0.022172973798809382
2018-08-18 00:00:00,0.0222429631816742
2018-08-18 01:00:00,0.00897067091570767
2018-08-18 02:00:00,0.010796926724872789
2018-08-18 03:00:00,0.01715950549262423
2018-08-18 04:00:00,0.024238173769630635
2018-08-18 05:00:00,0.017344861584784592
2018-08-18 06:00:00,0.012624055543847582
2018-08-18 07:00:00,0.01864565101792882
2018-08-18 08:00:00,0.021458467391891813
2018-08-18 09:00:00,0.014688139643232024
2018-08-18 10:00:00,0.04138446570271864
2018-08-18 11:00:00,0.010082499870678649
2018-08-18 12:00:00,0.009761881550948336
2018-08-18 13:00:00,0.010235954673242582
2018-08-18 14:00:00,0.03204836855403168
2018-08-18 15:00:00,0.01113597265640085
2018-08-18 16:00:00,0.007496465216529599
2018-08-18 17:00:00,0.03141937871267397
2018-08-18 18:00:00,0.017779000284652558
2018-08-18 19:00:00,0.012419744170933257
2018-08-18 20:00:00,0.01781501255541925
2018-08-18 21:00:00,0.014680170861017082
2018-08-18 22:00:00,0.01427220937661667
2018-08-18 23:00:00,0.011500797739843823
2018-08-19 00:00:00,0.00907530986181152
2018-08-19 01:00:00,0.017151721374494968
2018-08-19 02:00:00,0.00694832004423207
2018-08-19 03:00:00,0.006732891135390485
2018-08-19 04:00:00,0.009627547083014573
2018-08-19 05:00:00,0.025805089624534573
2018-08-19 06:00:00,0.02008598294977975
2018-08-19 07:00:00,0.005402483933890106
2018-08-19 08:00:00,0.013272610453520283
2018-08-19 09:00:00,0.01558078782930278
2018-08-19 10:00:00,0.009078747273712199
2018-08-19 11:00:00,0.015606429252554437
2018-08-19 12:00:00,0.003610368195419164
2018-08-19 13:00:00,0.009014311703859997
2018-08-19 14:00:00,0.013519319899645757
2018-08-19 15:00:00,0.026950129309857955
2018-08-19 16:00:00,0.009431420496046233
2018-08-19 17:00:00,0.010035568454433394
2018-08-19 18:00:00,0.04321509616917646
2018-08-19 19:00:00,0.011634884923447315
2018-08-19 20:00:00,0.01488888013538352
2018-08-19 21:00:00,0.02560832280080038
2018-08-19 22:00:00,0.02629154258148239
2018-08-19 23:00:00,0.01723047665523587
2018-08-20 00:00:00,0.016204242458154564
2018-08-20 01:00:00,0.07004284160699514
2018-08-20 02:00:00,0.03033797906863351
2018-08-20 03:00:00,0.04106156802574819
2018-08-20 04:00:00,0.03862260772017187
2018-08-20 05:00:00,0.06818756437950352
2018-08-20 06:00:00,0.01032294788984059
2018-08-20 07:00:00,0.03184853203949667
2018-08-20 08:00:00,0.05268037720231755
2018-08-20 09:00:00,0.010176591335353397
2018-08-20 10:00:00,0.00770140241012391
2018-08-20 11:00:00,0.019269519446861862
2018-08-20 12:00:00,0.019580196216740335
2018-08-20 13:00:00,0.01980955858862362
2018-08-20 14:00:00,0.020010921804847207
2018-08-20 15:00:00,0.020195071086949363
2018-08-20 16:00:00,0.028064931761615248
2018-08-20 17:00:00,0.0201372138834491
2018-08-20 18:00:00,0.024282425847978364
2018-08-20 19:00:00,0.019557530437492438
2018-08-20 20:00:00,0.022923689406628346
2018-08-20 21:00:00,0.03261567990058307
2018-08-20 22:00:00,0.008549183577718862
2018-08-20 23:00:00,0.04533907693564832
2018-08-21 00:00:00,0.07260667015509581
2018-08-21 01:00:00,0.014089251573830223
2018-08-21 02:00:00,0.013237213423544046
2018-08-21 03:00:00,0.01521833236523984
2018-08-21 04:00:00,0.026690793676405356
2018-08-21 05:00:00,0.01631422513871432
2018-08-21 06:00:00,0.015377540504722061
2018-08-21 07:00:00,0.013885864867019957
2018-08-21 08:00:00,0.021189550531620586
2018-08-21 09:00:00,0.005419134684840238
2018-08-21 10:00:00,0.016473858757624468
2018-08-21 11:00:00,0.0218933230520689
2018-08-21 12:00:00,0.008945803908059399
2018-08-21 13:00:00,0.016484474440440655
2018-08-21 14:00:00,0.013155213253687984
2018-08-21 15:00:00,0.01259310110470072
2018-08-21 16:00:00,0.03773088053957477
2018-08-21 17:00:00,0.01736064549405179
2018-08-21 18:00:00,0.03370854944727354
2018-08-21 19:00:00,0.013525231734684343
2018-08-21 20:00:00,0.00825212089026092
2018-08-21 21:00:00,0.029948305049082715
2018-08-21 22:00:00,0.019748805832951705
2018-08-21 23:00:00,0.012144267882401243
2018-08-22 00:00:00,0.013053286957481465
2018-08-22 01:00:00,0.00859303690678812
2018-08-22 02:00:00,0.03755531514586692
2018-08-22 03:00:00,0.02021084571068084
2018-08-22 04:00:00,0.008068624919437871
2018-08-22 05:00:00,0.016063426936491206
2018-08-22 06:00:00,0.014464572647734495
2018-08-22 07:00:00,0.009592552539925457
2018-08-22 08:00:00,0.014168932880910508
2018-08-22 09:00:00,0.027775490578245732
2018-08-22 10:00:00,0.013348220259761573
2018-08-22 11:00:00,0.015574447175531816
2018-08-22 12:00:00,0.03255065706378312
2018-08-22 13:00:00,0.05670692103022009
2018-08-22 14:00:00,0.014232919936904948
2018-08-22 15:00:00,0.030880844370703372
2018-08-22 16:00:00,0.009542600642681674
2018-08-22 17:00:00,0.01130497492584141
2018-08-22 18:00:00,0.017076630432070465
2018-08-22 19:00:00,0.07759465907781365
2018-08-22 20:00:00,0.01785605887978991
2018-08-22 21:00:00,0.017988564057007026
2018-08-22 22:00:00,0.018093027263679853
2018-08-22 23:00:00,0.003996142403948432
2018-08-23 00:00:00,0.020434698269827623
2018-08-23 01:00:00,0.008196063811792276
2018-08-23 02:00:00,0.034041946973984515
2018-08-23 03:00:00,0.017300706678138312
2018-08-23 04:00:00,0.020951997542719696
2018-08-23 05:00:00,0.01104272057527447
2018-08-23 06:00:00,0.022433951586578838
2018-08-23 07:00:00,0.014339521927120775
2018-08-23 08:00:00,0.021170983109337682
2018-08-23 09:00:00,0.01793273892334423
2018-08-23 10:00:00,0.02336124415327769
2018-08-23 11:00:00,0.028816034183392084
2018-08-23 12:00:00,0.010429083985856968
2018-08-23 13:00:00,0.009700321378759619
2018-08-23 14:00:00,0.015159192295439286
2018-08-23 15:00:00,0.011503144494382776
2018-08-23 16:00:00,0.015756401742036723
2018-08-23 17:00:00,0.02307222357713726
2018-08-23 18:00:00,0.007960736427325896
2018-08-23 19:00:00,0.0187799325631186
2018-08-23 20:00:00,0.020847420644091237
2018-08-23 21:00:00,0.026535357485118743
2018-08-23 22:00:00,0.029391517906911874
2018-08-23 23:00:00,0.010817336626448466
2018-08-24 00:00:00,0.019466322594121333
2018-08-24 01:00:00,0.029666603786652625
2018-08-24 02:00:00,0.03619206079685036
2018-08-24 03:00:00,0.014524822373356202
2018-08-24 04:00:00,0.03790093913778141
2018-08-24 05:00:00,0.016606810142859037
2018-08-24 06:00:00,0.018354222610862257
2018-08-24 07:00:00,0.011988203540905433
2018-08-24 08:00:00,0.01579944183776427
2018-08-24 09:00:00,0.010335409786213558
2018-08-24 10:00:00,0.05036837834133825
2018-08-24 11:00:00,0.009930821280799
2018-08-24 12:00:00,0.014416551317075893
2018-08-24 13:00:00,0.018645483301946587
2018-08-24 14:00:00,0.01414470148527601
2018-08-24 15:00:00,0.012021377727488411
2018-08-24 16:00:00,0.009503436724384216
2018-08-24 17:00:00,0.01947547244510562
2018-08-24 18:00:00,0.01732773044151388
2018-08-24 19:00:00,0.022345569591803418
2018-08-24 20:00:00,0.017428389986045248
2018-08-24 21:00:00,0.01841557204333038
2018-08-24 22:00:00,0.014041186424566478
2018-08-24 23:00:00,0.06110140257372415
2018-08-25 00:00:00,0.08121072360440187
2018-08-25 01:00:00,0.024661519172422305
2018-08-25 02:00:00,0.036815414550787594
2018-08-25 03:00:00,0.05685347243606045
2018-08-25 04:00:00,0.04072096349114636
2018-08-25 05:00:00,0.024123286360682006
2018-08-25 06:00:00,0.016540247974066783
2018-08-25 07:00:00,0.01924253541929862
2018-08-25 08:00:00,0.08943342297021928
2018-08-25 09:00:00,0.01640236522630688
2018-08-25 10:00:00,0.01678031462321326
2018-08-25 11:00:00,0.01708423158378729
2018-08-25 12:00:00,0.01736346108338208
2018-08-25 13:00:00,0.01762756735308924
2018-08-25 14:00:00,0.03362826011783837
2018-08-25 15:00:00,0.024629053870900145
2018-08-25 16:00:00,0.041770929736907485
2018-08-25 17:00:00,0.02671406250787005
2018-08-25 18:00:00,0.04503857682363068
2018-08-25 19:00:00,0.012425734302279631
2018-08-25 20:00:00,0.05567341879771976
2018-08-25 21:00:00,0.017962765279066793
2018-08-25 22:00:00,0.023933779956342147
2018-08-25 23:00:00,0.016070969267590614
2018-08-26 00:00:00,0.019895143909374587
2018-08-26 01:00:00,0.025426044672001893
2018-08-26 02:00:00,0.02664473318436837
2018-08-26 03:00:00,0.020053517609738912
2018-08-26 04:00:00,0.015261884891744541
2018-08-26 05:00:00,0.047880621105114894
2018-08-26 06:00:00,0.036301044423101884
2018-08-26 07:00:00,0.029345868541287262
2018-08-26 08:00:00,0.014823037679619172
2018-08-26 09:00:00,0.022401172527442722
2018-08-26 10:00:00,0.05234448237921365
2018-08-26 11:00:00,0.04512463417719961
2018-08-26 12:00:00,0.044083961554437036
2018-08-26 13:00:00,0.02728827046007644
2018-08-26 14:00:00,0.026365753261565837
2018-08-26 15:00:00,0.018409664206868098
2018-08-26 16:00:00,0.018474559594352218
2018-08-26 17:00:00,0.028101833185365115
2018-08-26 18:00:00,0.02408160374091829
2018-08-26 19:00:00,0.06229668616717245
2018-08-26 20:00:00,0.019964305250112297
2018-08-26 21:00:00,0.039421733948711936
2018-08-26 22:00:00,0.01824187458418757
2018-08-26 23:00:00,0.01943732722137853
2018-08-27 00:00:00,0.02475470501132464
2018-08-27 01:00:00,0.012167520371335998
2018-08-27 02:00:00,0.03419992536156134
2018-08-27 03:00:00,0.027700962250047555
2018-08-27 04:00:00,0.04677079907550883
2018-08-27 05:00:00,0.028389794036530344
2018-08-27 06:00:00,0.052700497063664184
2018-08-27 07:00:00,0.04491066122134911
2018-08-27 08:00:00,0.03769505524002318
2018-08-27 09:00:00,0.014560263640325904
2018-08-27 10:00:00,0.048953212311121326
2018-08-27 11:00:00,0.011357207497772337
2018-08-27 12:00:00,0.014935599683431958
2018-08-27 13:00:00,0.014402920842625259
2018-08-27 14:00:00,0.041281833144323814
2018-08-27 15:00:00,0.01620358842492607
2018-08-27 16:00:00,0.009264598970609312
2018-08-27 17:00:00,0.07736171840832176
2018-08-27 18:00:00,0.01811379124871897
2018-08-27 19:00:00,0.018502130938113724
2018-08-27 20:00:00,0.018806832873751865
2018-08-27 21:00:00,0.030148277274486313
2018-08-27 22:00:00,0.016205850172889592
2018-08-27 23:00:00,0.05595976861659584
2018-08-28 00:00:00,0.007950260217461837
2018-08-28 01:00:00,0.0636425644834019
2018-08-28 02:00:00,0.022517187684928268
2018-08-28 03:00:00,0.021814294938997246
2018-08-28 04:00:00,0.013766622147403245
2018-08-28 05:00:00,0.029750941326104806
2018-08-28 06:00:00,0.02975427852258321
2018-08-28 07:00:00,0.02285805281048522
2018-08-28 08:00:00,0.018011681783369583
2018-08-28 09:00:00,0.03769440208424191
2018-08-28 10:00:00,0.029646667283755385
2018-08-28 11:00:00,0.023868786813299455
2018-08-28 12:00:00,0.03538997904934406
2018-08-28 13:00:00,0.015721650082538507
2018-08-28 14:00:00,0.03966895568890126
2018-08-28 15:00:00,0.022614639750639383
2018-08-28 16:00:00,0.011350668936344446
2018-08-28 17:00:00,0.02148439692087912
2018-08-28 18:00:00,0.04428006696449353
2018-08-28 19:00:00,0.04389408871732292
2018-08-28 20:00:00,0.026065838985136373
2018-08-28 21:00:00,0.017550214410552878
2018-08-28 22:00:00,0.015183747935705042
2018-08-28 23:00:00,0.0684281595562654
2018-08-29 00:00:00,0.023222424453927356
2018-08-29 01:00:00,0.01517085547003392
2018-08-29 02:00:00,0.022973943403010177
2018-08-29 03:00:00,0.03253817589090405
2018-08-29 04:00:00,0.045033019169158604
2018-08-29 05:00:00,0.06856980319713933
2018-08-29 06:00:00,0.05581631767924369
2018-08-29 07:00:00,0.026754045971098126
2018-08-29 08:00:00,0.08878876847933902
2018-08-29 09:00:00,0.05820097996311882
2018-08-29 10:00:00,0.021155336697620337
2018-08-29 11:00:00,0.05774639930545259
2018-08-29 12:00:00,0.010757871416563928
2018-08-29 13:00:00,0.03922156358355776
2018-08-29 14:00:00,0.015599405358686005
2018-08-29 15:00:00,0.02569548634815864
2018-08-29 16:00:00,0.06775172301176008
2018-08-29 17:00:00,0.01678492843318964
2018-08-29 18:00:00,0.02329443772470491
2018-08-29 19:00:00,0.010982024973128652
2018-08-29 20:00:00,0.051361745594294544
2018-08-29 21:00:00,0.022674995345095456
2018-08-29 22:00:00,0.0558652330198995
2018-08-29 23:00:00,0.061959480000449825
2018-08-30 00:00:00,0.023787504676816534
2018-08-30 01:00:00,0.06085222217171211
2018-08-30 02:00:00,0.031157109049439455
2018-08-30 03:00:00,0.0961185857376558
2018-08-30 04:00:00,0.06142166683609236
2018-08-30 05:00:00,0.03435085501052781
2018-08-30 06:00:00,0.04278808406927972
2018-08-30 07:00:00,0.029462730493780773
2018-08-30 08:00:00,0.029693378363074566
2018-08-30 09:00:00,0.02983604497449182
2018-08-30 10:00:00,0.029950299792384057
2018-08-30 11:00:00,0.030048118454036946
2018-08-30 12:00:00,0.059737875595334916
2018-08-30 13:00:00,0.03419780921002132
2018-08-30 14:00:00,0.03854796494285137
2018-08-30 15:00:00,0.05870169172486902
2018-08-30 16:00:00,0.06509132648904331
2018-08-30 17:00:00,0.024811008952808897
2018-08-30 18:00:00,0.0397712843154318
2018-08-30 19:00:00,0.027139087233921735
2018-08-30 20:00:00,0.027212062423480003
2018-08-30 21:00:00,0.02584016983275179
2018-08-30 22:00:00,0.020727839783741694
2018-08-30 23:00:00,0.019098849281217075
2018-08-31 00:00:00,0.02781004264030885
2018-08-31 01:00:00,0.019231052060618935
2018-08-31 02:00:00,0.034865609819093334
2018-08-31 03:00:00,0.06819431389317085
2018-08-31 04:00:00,0.019968203767054424
2018-08-31 05:00:00,0.04143848241343716
2018-08-31 06:00:00,0.010546449234432462
2018-08-31 07:00:00,0.06016173427458329
2018-08-31 08:00:00,0.013770075898149136
2018-08-31 09:00:00,0.02837741031008805
2018-08-31 10:00:00,0.032945784612680745
2018-08-31 11:00:00,0.04696214339092351
2018-08-31 12:00:00,0.03747274540712167
2018-08-31 13:00:00,0.013274480813184488
2018-08-31 14:00:00,0.024946906977969016
2018-08-31 15:00:00,0.01728065201746282
2018-08-31 16:00:00,0.024531048233017952
2018-08-31 17:00:00,0.03260307017541831
2018-08-31 18:00:00,0.07782615371708361
2018-08-31 19:00:00,0.03444628038207644
2018-08-31 20:00:00,0.04002671607755544
2018-08-31 21:00:00,0.06795996571080754
2018-08-31 22:00:00,0.044158085121694286
2018-08-31 23:00:00,0.022082118267334343
2018-09-01 00:00:00,0.024343854842286197
2018-09-01 01:00:00,0.01433895858803392
2018-09-01 02:00:00,0.08106008677095486
2018-09-01 03:00:00,0.0917605887586296
2018-09-01 04:00:00,0.019694372164549962
2018-09-01 05:00:00,0.018623246086068936
2018-09-01 06:00:00,0.09766683725169603
2018-09-01 07:00:00,0.08653888758275084
2018-09-01 08:00:00,0.031101650212483668
2018-09-01 09:00:00,0.04503108357866475
2018-09-01 10:00:00,0.019200671500752716
2018-09-01 11:00:00,0.04422210987223176
2018-09-01 12:00:00,0.061529222831153876
2018-09-01 13:00:00,0.011333785529226573
2018-09-01 14:00:00,0.024052065637566795
2018-09-01 15:00:00,0.018115565262949822
2018-09-01 16:00:00,0.04259510472705489
2018-09-01 17:00:00,0.042577302124618986
2018-09-01 18:00:00,0.04246924692831269
2018-09-01 19:00:00,0.04262435316731114
2018-09-01 20:00:00,0.016960560272204564
2018-09-01 21:00:00,0.046594590101022966
2018-09-01 22:00:00,0.013842913962765373
2018-09-01 23:00:00,0.022932283442534698
2018-09-02 00:00:00,0.00928172359113428
2018-09-02 01:00:00,0.025024046659600677
2018-09-02 02:00:00,0.02123759952787543
2018-09-02 03:00:00,0.024507473653299958
2018-09-02 04:00:00,0.046534308096985215
2018-09-02 05:00:00,0.031487165450509114
2018-09-02 06:00:00,0.018388929145643166
2018-09-02 07:00:00,0.039242434423065395
2018-09-02 08:00:00,0.03163183079312829
2018-09-02 09:00:00,0.03052262445656113
2018-09-02 10:00:00,0.024796130575884978
2018-09-02 11:00:00,0.03839403300655086
2018-09-02 12:00:00,0.044350444501741505
2018-09-02 13:00:00,0.04923422765203842
2018-09-02 14:00:00,0.03501188032846803
2018-09-02 15:00:00,0.029611698608453724
2018-09-02 16:00:00,0.053868506615245025
2018-09-02 17:00:00,0.029949920364693135
2018-09-02 18:00:00,0.03086577729875389
2018-09-02 19:00:00,0.06477628858464284
2018-09-02 20:00:00,0.054185133207041
2018-09-02 21:00:00,0.05923777195376259
2018-09-02 22:00:00,0.05476854209041124
2018-09-02 23:00:00,0.051286367417909436
2018-09-03 00:00:00,0.031795832100397874
2018-09-03 01:00:00,0.010760711113542971
2018-09-03 02:00:00,0.026004114624647093
2018-09-03 03:00:00,0.03519473118891481
2018-09-03 04:00:00,0.03717416239633432
2018-09-03 05:00:00,0.01858860539126655
2018-09-03 06:00:00,0.03283017389103212
2018-09-03 07:00:00,0.021280487580677607
2018-09-03 08:00:00,0.04045513473189824
2018-09-03 09:00:00,0.02739485724679012
2018-09-03 10:00:00,0.03088795416966403
2018-09-03 11:00:00,0.02285876642851559
2018-09-03 12:00:00,0.0856043594977833
2018-09-03 13:00:00,0.030418710272835943
2018-09-03 14:00:00,0.033383974713327165
2018-09-03 15:00:00,0.04913626158114198
2018-09-03 16:00:00,0.11887895767866881
2018-09-03 17:00:00,0.03169136452321806
2018-09-03 18:00:00,0.07900391621430636
2018-09-03 19:00:00,0.050936059876917794
2018-09-03 20:00:00,0.11704819229141489
2018-09-03 21:00:00,0.02872679786253573
2018-09-03 22:00:00,0.03657535654579337
2018-09-03 23:00:00,0.010638913672183973
2018-09-04 00:00:00,0.01679190256060317
2018-09-04 01:00:00,0.07648678027345361
2018-09-04 02:00:00,0.07095652813094451
2018-09-04 03:00:00,0.06971832485704378
2018-09-04 04:00:00,0.021699820859194786
2018-09-04 05:00:00,0.05808690473097468
2018-09-04 06:00:00,0.057654559680711245
2018-09-04 07:00:00,0.05714886407822541
2018-09-04 08:00:00,0.05663003267574721
2018-09-04 09:00:00,0.05611002747386615
2018-09-04 10:00:00,0.05210039542417979
2018-09-04 11:00:00,0.008048684680884955
2018-09-04 12:00:00,0.04785134429082278
2018-09-04 13:00:00,0.07192206380122006
2018-09-04 14:00:00,0.03989190394139037
2018-09-04 15:00:00,0.011713852632855369
2018-09-04 16:00:00,0.04303266881953183
2018-09-04 17:00:00,0.0356647154394533
2018-09-04 18:00:00,0.009557727136683698
2018-09-04 19:00:00,0.024277196346892713
2018-09-04 20:00:00,0.03515630154080802
2018-09-04 21:00:00,0.042388945104830954
2018-09-04 22:00:00,0.051644852875479576
2018-09-04 23:00:00,0.03802948298248881
2018-09-05 00:00:00,0.04202375066436131
2018-09-05 01:00:00,0.022399944650317187
2018-09-05 02:00:00,0.02835601759539795
2018-09-05 03:00:00,0.017512397938246247
2018-09-05 04:00:00,0.02236586121432548
2018-09-05 05:00:00,0.02385383126792318
2018-09-05 06:00:00,0.02782882682654937
2018-09-05 07:00:00,0.031693640538990764
2018-09-05 08:00:00,0.03379841689527645
2018-09-05 09:00:00,0.04067582798624052
2018-09-05 10:00:00,0.06575392973263912
2018-09-05 11:00:00,0.048651089437970314
2018-09-05 12:00:00,0.08755706752128216
2018-09-05 13:00:00,0.044588936862237194
2018-09-05 14:00:00,0.04736683429153044
2018-09-05 15:00:00,0.07142840903706413
2018-09-05 16:00:00,0.0713977541625185
2018-09-05 17:00:00,0.059866884069023386
2018-09-05 18:00:00,0.03266356878614469
2018-09-05 19:00:00,0.03125545306451253
2018-09-05 20:00:00,0.06731853183362994
2018-09-05 21:00:00,0.04842666397782469
2018-09-05 22:00:00,0.031064200068066535
2018-09-05 23:00:00,0.0762810471013637
2018-09-06 00:00:00,0.033227662922176895
2018-09-06 01:00:00,0.05004716715697096
2018-09-06 02:00:00,0.03377820434151932
2018-09-06 03:00:00,0.03181074726436774
2018-09-06 04:00:00,0.014104393817982128
2018-09-06 05:00:00,0.06652301854753381
2018-09-06 06:00:00,0.04514798986176804
2018-09-06 07:00:00,0.028645732577958355
2018-09-06 08:00:00,0.10743795537774743
2018-09-06 09:00:00,0.019542517909544897
2018-09-06 10:00:00,0.023474548698678398
2018-09-06 11:00:00,0.0508107313301247
2018-09-06 12:00:00,0.03570262513501824
2018-09-06 13:00:00,0.029731903809503243
2018-09-06 14:00:00,0.06509769591855101
2018-09-06 15:00:00,0.0643870443267818
2018-09-06 16:00:00,0.06361360300259909
2018-09-06 17:00:00,0.021199457135148266
2018-09-06 18:00:00,0.03628728547152395
2018-09-06 19:00:00,0.08058195510204484
2018-09-06 20:00:00,0.02766022277180484
2018-09-06 21:00:00,0.020167024255883105
2018-09-06 22:00:00,0.03880231944260653
2018-09-06 23:00:00,0.014417139328947953
2018-09-07 00:00:00,0.02203379413204666
2018-09-07 01:00:00,0.03494291035460388
2018-09-07 02:00:00,0.04932498151414843
2018-09-07 03:00:00,0.08220333212956311
2018-09-07 04:00:00,0.09425560020826551
2018-09-07 05:00:00,0.02800830106033341
2018-09-07 06:00:00,0.05287358414870891
2018-09-07 07:00:00,0.0609256465454862
2018-09-07 08:00:00,0.016324037373007316
2018-09-07 09:00:00,0.05633178879125211
2018-09-07 10:00:00,0.02677558922450423
2018-09-07 11:00:00,0.028932211115208124
2018-09-07 12:00:00,0.06223757956300602
2018-09-07 13:00:00,0.022278600508890575
2018-09-07 14:00:00,0.04206638689166595
2018-09-07 15:00:00,0.04121548368839378
2018-09-07 16:00:00,0.026506019611089976
2018-09-07 17:00:00,0.018195440470455012
2018-09-07 18:00:00,0.02863607817151314
2018-09-07 19:00:00,0.07916994551883527
2018-09-07 20:00:00,0.049569232696726355
2018-09-07 21:00:00,0.10092779931085002
2018-09-07 22:00:00,0.031095770963193596
2018-09-07 23:00:00,0.04192979081003548
2018-09-08 00:00:00,0.026830999609896287
2018-09-08 01:00:00,0.027540002373654122
2018-09-08 02:00:00,0.0603012420983354
2018-09-08 03:00:00,0.029104338505683745
2018-09-08 04:00:00,0.05052682951852033
2018-09-08 05:00:00,0.03178812330636459
2018-09-08 06:00:00,0.03968690559800099
2018-09-08 07:00:00,0.024863926042236414
2018-09-08 08:00:00,0.03990256807477523
2018-09-08 09:00:00,0.043057919139635206
2018-09-08 10:00:00,0.01639812454485191
2018-09-08 11:00:00,0.03446473772441608
2018-09-08 12:00:00,0.03239476372393925
2018-09-08 13:00:00,0.08038369748432851
2018-09-08 14:00:00,0.05140589940478556
2018-09-08 15:00:00,0.1302376221615694
2018-09-08 16:00:00,0.03941075758871137
2018-09-08 17:00:00,0.06698232398035359
2018-09-08 18:00:00,0.04352559354512491
2018-09-08 19:00:00,0.0855146847466579
2018-09-08 20:00:00,0.03904385133734549
2018-09-08 21:00:00,0.04759066850892267
2018-09-08 22:00:00,0.03201424593640294
2018-09-08 23:00:00,0.01905794614895361
2018-09-09 00:00:00,0.05812323280227021
2018-09-09 01:00:00,0.04311341535711602
2018-09-09 02:00:00,0.011877493264213928
2018-09-09 03:00:00,0.07190589067218163
2018-09-09 04:00:00,0.07103556835678482
2018-09-09 05:00:00,0.07012709764461413
2018-09-09 06:00:00,0.06922427445737239
2018-09-09 07:00:00,0.06833537631946741
2018-09-09 08:00:00,0.03489898040585567
2018-09-09 09:00:00,0.07040175500529201
2018-09-09 10:00:00,0.029617666748965592
2018-09-09 11:00:00,0.06541816806983276
2018-09-09 12:00:00,0.04041423262187892
2018-09-09 13:00:00,0.048262035074902815
2018-09-09 14:00:00,0.040455876699658215
2018-09-09 15:00:00,0.049079007062323404
2018-09-09 16:00:00,0.05191524443551823
2018-09-09 17:00:00,0.05973005583283256
2018-09-09 18:00:00,0.03970466215370002
2018-09-09 19:00:00,0.04645886106804176
2018-09-09 20:00:00,0.06519759269230946
2018-09-09 21:00:00,0.005428794656669506
2018-09-09 22:00:00,0.024095564237803735
2018-09-09 23:00:00,0.016588323062086692
2018-09-10 00:00:00,0.060233194648948635
2018-09-10 01:00:00,0.0493481127397192
2018-09-10 02:00:00,0.030843706788219363
2018-09-10 03:00:00,0.04077149187959298
2018-09-10 04:00:00,0.0429736333025436
2018-09-10 05:00:00,0.03864594197533199
2018-09-10 06:00:00,0.027726112534421768
2018-09-10 07:00:00,0.029802626141854846
2018-09-10 08:00:00,0.044218242639319484
2018-09-10 09:00:00,0.05165038530333133
2018-09-10 10:00:00,0.01567741351891967
2018-09-10 11:00:00,0.06475186757616938
2018-09-10 12:00:00,0.021336949700019942
2018-09-10 13:00:00,0.06770570623300703
2018-09-10 14:00:00,0.040334690017563984
2018-09-10 15:00:00,0.04318311374277506
2018-09-10 16:00:00,0.03653744286458441
2018-09-10 17:00:00,0.05014036690831611
2018-09-10 18:00:00,0.021706267225021888
2018-09-10 19:00:00,0.003254744109043379
2018-09-10 20:00:00,0.055504360353538625
2018-09-10 21:00:00,0.014228657235552772
2018-09-10 22:00:00,0.032013527184126755
2018-09-10 23:00:00,0.03856178336660148
2018-09-11 00:00:00,0.02700613409278102
2018-09-11 01:00:00,0.1224668550829945
2018-09-11 02:00:00,0.07833599821539187
2018-09-11 03:00:00,0.050814288491178736
2018-09-11 04:00:00,0.04772113049900599
2018-09-11 05:00:00,0.040396429649810585
2018-09-11 06:00:00,0.10263329020689924
2018-09-11 07:00:00,0.02034776673208394
2018-09-11 08:00:00,0.027526207753664385
2018-09-11 09:00:00,0.021376569390170182
2018-09-11 10:00:00,0.036781332712643916
2018-09-11 11:00:00,0.06932148196441942
2018-09-11 12:00:00,0.0761424681015648
2018-09-11 13:00:00,0.07505833544049402
2018-09-11 14:00:00,0.07400193915262825
2018-09-11 15:00:00,0.03469233452321271
2018-09-11 16:00:00,0.04422428850758005
2018-09-11 17:00:00,0.009251521580890888
2018-09-11 18:00:00,0.19466587853149483
2018-09-11 19:00:00,0.02690106167600968
2018-09-11 20:00:00,0.05592335172446216
2018-09-11 21:00:00,0.03550719619048615
2018-09-11 22:00:00,0.08324781843171797
2018-09-11 23:00:00,0.02929331158026021
2018-09-12 00:00:00,0.01474632240141627
2018-09-12 01:00:00,0.03474407262315255
2018-09-12 02:00:00,0.04948792729102409
2018-09-12 03:00:00,0.04766591947716895
2018-09-12 04:00:00,0.02888932641358496
2018-09-12 05:00:00,0.006755451623640061
2018-09-12 06:00:00,0.04303010383552835
2018-09-12 07:00:00,0.08399006956334888
2018-09-12 08:00:00,0.019371711427225425
2018-09-12 09:00:00,0.018516953428322113
2018-09-12 10:00:00,0.028670776040278553
2018-09-12 11:00:00,0.058201663133539104
2018-09-12 12:00:00,0.03596981715565943
2018-09-12 13:00:00,0.033021159666220136
2018-09-12 14:00:00,0.03601379694951288
2018-09-12 15:00:00,0.013037493732827424
2018-09-12 16:00:00,0.10550143452967829
2018-09-12 17:00:00,0.03888940469205218
2018-09-12 18:00:00,0.022067053130355136
2018-09-12 19:00:00,0.013766952889566319
2018-09-12 20:00:00,0.03219703472902604
2018-09-12 21:00:00,0.059381423508270345
2018-09-12 22:00:00,0.1016512299461555
2018-09-12 23:00:00,0.02377829536589757
2018-09-13 00:00:00,0.023207102612220032
2018-09-13 01:00:00,0.048662402221555705
2018-09-13 02:00:00,0.042734924575123324
2018-09-13 03:00:00,0.04087345357248243
2018-09-13 04:00:00,0.05852046790079118
2018-09-13 05:00:00,0.05897388758931198
2018-09-13 06:00:00,0.020816527951465606
2018-09-13 07:00:00,0.04061349935777154
2018-09-13 08:00:00,0.02839171736207231
2018-09-13 09:00:00,0.06035180511767744
2018-09-13 10:00:00,0.038367919306877905
2018-09-13 11:00:00,0.029049375642710557
2018-09-13 12:00:00,0.03492311456662483
2018-09-13 13:00:00,0.04677331562999168
2018-09-13 14:00:00,0.03791449397914283
2018-09-13 15:00:00,0.0794995267436967
2018-09-13 16:00:00,0.018899012206053337
2018-09-13 17:00:00,0.021113905970747738
2018-09-13 18:00:00,0.04454197114145335
2018-09-13 19:00:00,0.017236217247566417
2018-09-13 20:00:00,0.05976590667672834
2018-09-13 21:00:00,0.040053351155523394
2018-09-13 22:00:00,0.036168877155294585
2018-09-13 23:00:00,0.028298545088550897
2018-09-14 00:00:00,0.040983888227824714
2018-09-14 01:00:00,0.07401156419142779
2018-09-14 02:00:00,0.07308746213600652
2018-09-14 03:00:00,0.07222674380960906
2018-09-14 04:00:00,0.07139251447397173
2018-09-14 05:00:00,0.07057708735561351
2018-09-14 06:00:00,0.042179393868080214
2018-09-14 07:00:00,0.02883950963615544
2018-09-14 08:00:00,0.024804837112877665
2018-09-14 09:00:00,0.035866000637958584
2018-09-14 10:00:00,0.04502583943623073
2018-09-14 11:00:00,0.03880111925689006
2018-09-14 12:00:00,0.03482603576882408
2018-09-14 13:00:00,0.032697107825295134
2018-09-14 14:00:00,0.02636302104777217
2018-09-14 15:00:00,0.046497405398041945
2018-09-14 16:00:00,0.044666940885235124
2018-09-14 17:00:00,0.04230152239217581
2018-09-14 18:00:00,0.018369196278234304
2018-09-14 19:00:00,0.03449171506910263
2018-09-14 20:00:00,0.027405698968205144
2018-09-14 21:00:00,0.012278617667446387
2018-09-14 22:00:00,0.03778519340780339
2018-09-14 23:00:00,0.02973897596804602
2018-09-15 00:00:00,0.02783099064856926
2018-09-15 01:00:00,0.028032208435730902
2018-09-15 02:00:00,0.004451828406301837
2018-09-15 03:00:00,0.02082356194022581
2018-09-15 04:00:00,0.0453262541300168
2018-09-15 05:00:00,0.04701256356819112
2018-09-15 06:00:00,0.0766699591543362
2018-09-15 07:00:00,0.009523596374665384
2018-09-15 08:00:00,0.03165336546581005
2018-09-15 09:00:00,0.04138047041802315
2018-09-15 10:00:00,0.04094911159324701
2018-09-15 11:00:00,0.02397906523318999
2018-09-15 12:00:00,0.05765704345305544
2018-09-15 13:00:00,0.03705924917169386
2018-09-15 14:00:00,0.019986836196253473
2018-09-15 15:00:00,0.045431478867544936
2018-09-15 16:00:00,0.03919847439994323
2018-09-15 17:00:00,0.04374846890718405
2018-09-15 18:00:00,0.031370697765400496
2018-09-15 19:00:00,0.10519779727430574
2018-09-15 20:00:00,0.024531824176487586
2018-09-15 21:00:00,0.03569852034909099
2018-09-15 22:00:00,0.02535438614416235
2018-09-15 23:00:00,0.02244294778229134
2018-09-16 00:00:00,0.03511320732065897
2018-09-16 01:00:00,0.04732126511436776
2018-09-16 02:00:00,0.01609892692891519
2018-09-16 03:00:00,0.030513658003858097
2018-09-16 04:00:00,0.024118197326722785
2018-09-16 05:00:00,0.026456841818399416
2018-09-16 06:00:00,0.04942850858700426
2018-09-16 07:00:00,0.05490520646692562
2018-09-16 08:00:00,0.04770121794513569
2018-09-16 09:00:00,0.028316121490481367
2018-09-16 10:00:00,0.051521604724108355
2018-09-16 11:00:00,0.05137683249653179
2018-09-16 12:00:00,0.051271541228960514
2018-09-16 13:00:00,0.03089785540089234
2018-09-16 14:00:00,0.028534565861559922
2018-09-16 15:00:00,0.047946428060475665
2018-09-16 16:00:00,0.026857331553915318
2018-09-16 17:00:00,0.031151136875659888
2018-09-16 18:00:00,0.011877646667333019
2018-09-16 19:00:00,0.01164342653904671
2018-09-16 20:00:00,0.020943788960359946
2018-09-16 21:00:00,0.028326580981934475
2018-09-16 22:00:00,0.027239444319107364
2018-09-16 23:00:00,0.013836410222815045
2018-09-17 00:00:00,0.005660667734719811
2018-09-17 01:00:00,0.031332347538748875
2018-09-17 02:00:00,0.03293904948905179
2018-09-17 03:00:00,0.018113083749490676
2018-09-17 04:00:00,0.014337816357087935
2018-09-17 05:00:00,0.02176010847472711
2018-09-17 06:00:00,0.021995695226528243
2018-09-17 07:00:00,0.04171966180794396
2018-09-17 08:00:00,0.012165033711549525
2018-09-17 09:00:00,0.04248448827564832
2018-09-17 10:00:00,0.03488929686999928
2018-09-17 11:00:00,0.040703589512663306
2018-09-17 12:00:00,0.021354076544329678
2018-09-17 13:00:00,0.02220898014430336
2018-09-17 14:00:00,0.022480354797915703
2018-09-17 15:00:00,0.014050293491768258
2018-09-17 16:00:00,0.0377296390424889
2018-09-17 17:00:00,0.05428757206476307
2018-09-17 18:00:00,0.006934230872629528
2018-09-17 19:00:00,0.03956700422134913
2018-09-17 20:00:00,0.047828176995583636
2018-09-17 21:00:00,0.02372860099671342
2018-09-17 22:00:00,0.03780721721022248
2018-09-17 23:00:00,0.025135951248063778
2018-09-18 00:00:00,0.020054018180804715
2018-09-18 01:00:00,0.0275247878008309
2018-09-18 02:00:00,0.02035014507829476
2018-09-18 03:00:00,0.0981572873068939
2018-09-18 04:00:00,0.045639163352705965
2018-09-18 05:00:00,0.04271972310872243
2018-09-18 06:00:00,0.05592603186694984
2018-09-18 07:00:00,0.027777686707343954
2018-09-18 08:00:00,0.02976560179926501
2018-09-18 09:00:00,0.03369625471128818
2018-09-18 10:00:00,0.05752410341995355
2018-09-18 11:00:00,0.04110322330764575
2018-09-18 12:00:00,0.05993168766654939
2018-09-18 13:00:00,0.05738886081715532
2018-09-18 14:00:00,0.03576156535626305
2018-09-18 15:00:00,0.03655412949661998
2018-09-18 16:00:00,0.024187476418164634
2018-09-18 17:00:00,0.03822881694225013
2018-09-18 18:00:00,0.05066628312305456
2018-09-18 19:00:00,0.01933323839358469
2018-09-18 20:00:00,0.03726974193075634
2018-09-18 21:00:00,0.020677728311792678
2018-09-18 22:00:00,0.04826418231037015
2018-09-18 23:00:00,0.04724147225196324
2018-09-19 00:00:00,0.047172076368767475
2018-09-19 01:00:00,0.04713891080655222
2018-09-19 02:00:00,0.047106128559884136
2018-09-19 03:00:00,0.04706679361264969
2018-09-19 04:00:00,0.03699352960903003
2018-09-19 05:00:00,0.04601044035706395
2018-09-19 06:00:00,0.04349111570128442
2018-09-19 07:00:00,0.035501562143580585
2018-09-19 08:00:00,0.032102484179480646
2018-09-19 09:00:00,0.018973300372427882
2018-09-19 10:00:00,0.030102314411960544
2018-09-19 11:00:00,0.025439402789635187
2018-09-19 12:00:00,0.044817498553294664
2018-09-19 13:00:00,0.0317088262898094
2018-09-19 14:00:00,0.03863938493699281
2018-09-19 15:00:00,0.026699881919001193
2018-09-19 16:00:00,0.03598204887406593
2018-09-19 17:00:00,0.04331064058182217
2018-09-19 18:00:00,0.03639704410943551
2018-09-19 19:00:00,0.03376170416570864
2018-09-19 20:00:00,0.02015949960184018
2018-09-19 21:00:00,0.038483523282033805
2018-09-19 22:00:00,0.032629668880333085
2018-09-19 23:00:00,0.025022583277843184
2018-09-20 00:00:00,0.023714310928694894
2018-09-20 01:00:00,0.008990430891479674
2018-09-20 02:00:00,0.023053872218414807
2018-09-20 03:00:00,0.030762042206635455
2018-09-20 04:00:00,0.03949401548605167
2018-09-20 05:00:00,0.007879624502285167
2018-09-20 06:00:00,0.02790330447000116
2018-09-20 07:00:00,0.02676301341935776
2018-09-20 08:00:00,0.022607585360562114
2018-09-20 09:00:00,0.012337917351460649
2018-09-20 10:00:00,0.04316474476653085
2018-09-20 11:00:00,0.048021200478585366
2018-09-20 12:00:00,0.024769117121223854
2018-09-20 13:00:00,0.026441596797346933
2018-09-20 14:00:00,0.02166300415694068
2018-09-20 15:00:00,0.02710853546338886
2018-09-20 16:00:00,0.028261194952207455
2018-09-20 17:00:00,0.04520813978670475
2018-09-20 18:00:00,0.032493596604660495
2018-09-20 19:00:00,0.03402529140972906
2018-09-20 20:00:00,0.02002072689064282
2018-09-20 21:00:00,0.016927030757997338
2018-09-20 22:00:00,0.03496656092262814
2018-09-20 23:00:00,0.023158594831672822
2018-09-21 00:00:00,0.024096209247450415
2018-09-21 01:00:00,0.03301828252959231
2018-09-21 02:00:00,0.033587300962888055
2018-09-21 03:00:00,0.03476365075053151
2018-09-21 04:00:00,0.03593711809733643
2018-09-21 05:00:00,0.02041489690202891
2018-09-21 06:00:00,0.02627118103703372
2018-09-21 07:00:00,0.007261633539040079
2018-09-21 08:00:00,0.024968280776305175
2018-09-21 09:00:00,0.024857967268402663
2018-09-21 10:00:00,0.02483236998451065
2018-09-21 11:00:00,0.030547228469466284
2018-09-21 12:00:00,0.023633763724164588
2018-09-21 13:00:00,0.02304016875725222
2018-09-21 14:00:00,0.018791209185369726
2018-09-21 15:00:00,0.025274788706850074
2018-09-21 16:00:00,0.03836057831300754
2018-09-21 17:00:00,0.027580961670318784
2018-09-21 18:00:00,0.04198349588215157
2018-09-21 19:00:00,0.03873661278905631
2018-09-21 20:00:00,0.034800341908141304
2018-09-21 21:00:00,0.01909293482302541
2018-09-21 22:00:00,0.03524696157855159
2018-09-21 23:00:00,0.025169890131054872
2018-09-22 00:00:00,0.025313610169848382
2018-09-22 01:00:00,0.012482765650024598
2018-09-22 02:00:00,0.02499983084681052
2018-09-22 03:00:00,0.01603165472123584
2018-09-22 04:00:00,0.025828725576964914
2018-09-22 05:00:00,0.026485432475304927
2018-09-22 06:00:00,0.02531131055230445
2018-09-22 07:00:00,0.02315474369779309
2018-09-22 08:00:00,0.019910193516877797
2018-09-22 09:00:00,0.026507606182189346
2018-09-22 10:00:00,0.05570570765594843
2018-09-22 11:00:00,0.03127086127074836
2018-09-22 12:00:00,0.019831978487558785
2018-09-22 13:00:00,0.008461542952352475
2018-09-22 14:00:00,0.030167042534698492
2018-09-22 15:00:00,0.016540567623058673
2018-09-22 16:00:00,0.03915770666143917
2018-09-22 17:00:00,0.027227778896323485
2018-09-22 18:00:00,0.026319786445212677
2018-09-22 19:00:00,0.03083976094793111
2018-09-22 20:00:00,0.03540420049859472
2018-09-22 21:00:00,0.02427420647731814
2018-09-22 22:00:00,0.05581882511962413
2018-09-22 23:00:00,0.027051306496792247
2018-09-23 00:00:00,0.01849313869892344
2018-09-23 01:00:00,0.03135123674479821
2018-09-23 02:00:00,0.03673089605841477
2018-09-23 03:00:00,0.03495226978672651
2018-09-23 04:00:00,0.023293955895573443
2018-09-23 05:00:00,0.011330733951605285
2018-09-23 06:00:00,0.02125169504437222
2018-09-23 07:00:00,0.023310324769145265
2018-09-23 08:00:00,0.014405646573364019
2018-09-23 09:00:00,0.0311041090947759
2018-09-23 10:00:00,0.021211100209905995
2018-09-23 11:00:00,0.016072423989525443
2018-09-23 12:00:00,0.03483790023577993
2018-09-23 13:00:00,0.025167720760587237
2018-09-23 14:00:00,0.033526298962019155
2018-09-23 15:00:00,0.037468266815829536
2018-09-23 16:00:00,0.03277789539890079
2018-09-23 17:00:00,0.02720814435445758
2018-09-23 18:00:00,0.01957431707634135
2018-09-23 19:00:00,0.027635405559573493
2018-09-23 20:00:00,0.037082667406302346
2018-09-23 21:00:00,0.016937286754554894
2018-09-23 22:00:00,0.016262402016608286
2018-09-23 23:00:00,0.01571528327061987
2018-09-24 00:00:00,0.01531605307777553
2018-09-24 01:00:00,0.015060051427049467
2018-09-24 02:00:00,0.025760562429552304
2018-09-24 03:00:00,0.02793666251720312
2018-09-24 04:00:00,0.028702546887468875
2018-09-24 05:00:00,0.029426794325793284
2018-09-24 06:00:00,0.01855304085471736
2018-09-24 07:00:00,0.03287238835401085
2018-09-24 08:00:00,0.03855312505510233
2018-09-24 09:00:00,0.028542085197067323
2018-09-24 10:00:00,0.027305107612490543
2018-09-24 11:00:00,0.027540305045829418
2018-09-24 12:00:00,0.022963096688863347
2018-09-24 13:00:00,0.020812422591836112
2018-09-24 14:00:00,0.03301123856150401
2018-09-24 15:00:00,0.021268950266010864
2018-09-24 16:00:00,0.03028244224007402
2018-09-24 17:00:00,0.022136174261771432
2018-09-24 18:00:00,0.010957836325208147
2018-09-24 19:00:00,0.03452890494882166
2018-09-24 20:00:00,0.016510742649094693
2018-09-24 21:00:00,0.0326873359646294
2018-09-24 22:00:00,0.018033502904361422
2018-09-24 23:00:00,0.017349501829490143
2018-09-25 00:00:00,0.018379913375768504
2018-09-25 01:00:00,0.02045455533988757
2018-09-25 02:00:00,0.01995625991421478
2018-09-25 03:00:00,0.012083202725767073
2018-09-25 04:00:00,0.03341924244216347
2018-09-25 05:00:00,0.02858992110812333
2018-09-25 06:00:00,0.022269865327043312
2018-09-25 07:00:00,0.024689363886159135
2018-09-25 08:00:00,0.010644057822433925
2018-09-25 09:00:00,0.020746936124879187
2018-09-25 10:00:00,0.023054859345325442
2018-09-25 11:00:00,0.024938650678821072
2018-09-25 12:00:00,0.025285751808399103
2018-09-25 13:00:00,0.01911077056199222
2018-09-25 14:00:00,0.026449037629383183
2018-09-25 15:00:00,0.004697579638881227
2018-09-25 16:00:00,0.01944420020870364
2018-09-25 17:00:00,0.026026044220242222
2018-09-25 18:00:00,0.028977152219202683
2018-09-25 19:00:00,0.027590806579890874
2018-09-25 20:00:00,0.018785350450065127
2018-09-25 21:00:00,0.021026890801137985
2018-09-25 22:00:00,0.02573846995329404
2018-09-25 23:00:00,0.029762037001145554
2018-09-26 00:00:00,0.025272403910582487
2018-09-26 01:00:00,0.01603878368655104
2018-09-26 02:00:00,0.015526342267096874
2018-09-26 03:00:00,0.016576390374604323
2018-09-26 04:00:00,0.01799211493685024
2018-09-26 05:00:00,0.023466455307185385
2018-09-26 06:00:00,0.022515535703989512
2018-09-26 07:00:00,0.02129909707879333
2018-09-26 08:00:00,0.02012678076254249
2018-09-26 09:00:00,0.013094807407886024
2018-09-26 10:00:00,0.01986243292640518
2018-09-26 11:00:00,0.01813751368903012
2018-09-26 12:00:00,0.01350373961543397
2018-09-26 13:00:00,0.008007495599623781
2018-09-26 14:00:00,0.03704119615145766
2018-09-26 15:00:00,0.022172814262287736
2018-09-26 16:00:00,0.02122270767348153
2018-09-26 17:00:00,0.015080007988329872
2018-09-26 18:00:00,0.01860107467017442
2018-09-26 19:00:00,0.022480785849188417
2018-09-26 20:00:00,0.026728306388301894
2018-09-26 21:00:00,0.01799328656669571
2018-09-26 22:00:00,0.004732170142871132
2018-09-26 23:00:00,0.014598793736802576
2018-09-27 00:00:00,0.023755203023947975
2018-09-27 01:00:00,0.025348067185689688
2018-09-27 02:00:00,0.023856283500947168
2018-09-27 03:00:00,0.01737116854186293
2018-09-27 04:00:00,0.007234985669493998
2018-09-27 05:00:00,0.023197367760156556
2018-09-27 06:00:00,0.017685863009538488
2018-09-27 07:00:00,0.018159314730625726
2018-09-27 08:00:00,0.01922591258410458
2018-09-27 09:00:00,0.017860499564621653
2018-09-27 10:00:00,0.027539052914727646
2018-09-27 11:00:00,0.0139019078467998
2018-09-27 12:00:00,0.014939699012665128
2018-09-27 13:00:00,0.013560364215038812
2018-09-27 14:00:00,0.007937644948013765
2018-09-27 15:00:00,0.017121018980653845
2018-09-27 16:00:00,0.017497751778000836
2018-09-27 17:00:00,0.022361531397113252
2018-09-27 18:00:00,0.027468302802316255
2018-09-27 19:00:00,0.031846321516078885
2018-09-27 20:00:00,0.03500012065553386
2018-09-27 21:00:00,0.009975457038953287
2018-09-27 22:00:00,0.0228647968616844
2018-09-27 23:00:00,0.01887574675270937
2018-09-28 00:00:00,0.020190957126583295
2018-09-28 01:00:00,0.026419017495188882
2018-09-28 02:00:00,0.011474478284073275
2018-09-28 03:00:00,0.01842556208456216
2018-09-28 04:00:00,0.017918366620867508
2018-09-28 05:00:00,0.005097284895618936
2018-09-28 06:00:00,0.02276068235913955
2018-09-28 07:00:00,0.014271425526391381
2018-09-28 08:00:00,0.0288981787385136
2018-09-28 09:00:00,0.023158702346171376
2018-09-28 10:00:00,0.01049185117368932
2018-09-28 11:00:00,0.015285462545831805
2018-09-28 12:00:00,0.02036744546948404
2018-09-28 13:00:00,0.015484464587864366
2018-09-28 14:00:00,0.015410560795231839
2018-09-28 15:00:00,0.01296827449240631
2018-09-28 16:00:00,0.019840420970132912
2018-09-28 17:00:00,0.004698147838672597
2018-09-28 18:00:00,0.00853676419904647
2018-09-28 19:00:00,0.014068289984797318
2018-09-28 20:00:00,0.013066630069841172
2018-09-28 21:00:00,0.01207781545521427
2018-09-28 22:00:00,0.011143395569180732
2018-09-28 23:00:00,0.010273703607910589
2018-09-29 00:00:00,0.008779869495036828
2018-09-29 01:00:00,0.010585022134929402
2018-09-29 02:00:00,0.012509259657853074
2018-09-29 03:00:00,0.010174002916032935
2018-09-29 04:00:00,0.009588720635007094
2018-09-29 05:00:00,0.01172364235306308
2018-09-29 06:00:00,0.017072600368179855
2018-09-29 07:00:00,0.00991234625816907
2018-09-29 08:00:00,0.01060017389492747
2018-09-29 09:00:00,0.009011188495620073
2018-09-29 10:00:00,0.017625029532382645
2018-09-29 11:00:00,0.019391393939166616
2018-09-29 12:00:00,0.010141547054119912
2018-09-29 13:00:00,0.011323965180533743
2018-09-29 14:00:00,0.0027338073673434955
2018-09-29 15:00:00,0.010214534552982203
2018-09-29 16:00:00,0.006467950730784983
2018-09-29 17:00:00,0.011085670214788993
2018-09-29 18:00:00,0.010499922032889668
2018-09-29 19:00:00,0.012729290286371492
2018-09-29 20:00:00,0.02006808435850621
2018-09-29 21:00:00,0.011098426919439672
2018-09-29 22:00:00,0.015886063060818988
2018-09-29 23:00:00,0.016644885669994478
2018-09-30 00:00:00,0.019944377830843435
2018-09-30 01:00:00,0.019892283795016084
2018-09-30 02:00:00,0.011196485829986159
2018-09-30 03:00:00,0.011869190554035774
2018-09-30 04:00:00,0.00934736387337966
2018-09-30 05:00:00,0.020508337757166567
2018-09-30 06:00:00,0.015625074143353682
2018-09-30 07:00:00,0.016242033461349156
2018-09-30 08:00:00,0.010577846239495649
2018-09-30 09:00:00,0.016214021594718367
2018-09-30 10:00:00,0.018998792117220522
2018-09-30 11:00:00,0.023915261513009142
2018-09-30 12:00:00,0.016886354719772678
2018-09-30 13:00:00,0.06915695310258192
2018-09-30 14:00:00,0.007598964416484643
2018-09-30 15:00:00,0.01237108156614203
2018-09-30 16:00:00,0.02139976552213001
2018-09-30 17:00:00,0.023930679808675963
2018-09-30 18:00:00,0.021691638622425038
2018-09-30 19:00:00,0.017526632517913126
2018-09-30 20:00:00,0.015220063829633866
2018-09-30 21:00:00,0.013709997873119079
2018-09-30 22:00:00,0.011064542278553786
2018-09-30 23:00:00,0.011913460296205417
2018-10-01 00:00:00,0.01720969279402341
2018-10-01 01:00:00,0.0057002956156812085
2018-10-01 02:00:00,0.013316194542410294
2018-10-01 03:00:00,0.011859477290437397
2018-10-01 04:00:00,0.00974087811946308
2018-10-01 05:00:00,0.009923209050986953
2018-10-01 06:00:00,0.010178507981706003
2018-10-01 07:00:00,0.01371543473263336
2018-10-01 08:00:00,0.024227699042845958
2018-10-01 09:00:00,0.011489368243624168
2018-10-01 10:00:00,0.019299130627509566
2018-10-01 11:00:00,0.012869408760435136
2018-10-01 12:00:00,0.017837344457875742
2018-10-01 13:00:00,0.014466834894978452
2018-10-01 14:00:00,0.010537149960101359
2018-10-01 15:00:00,0.019520499464326456
2018-10-01 16:00:00,0.01744056506034274
2018-10-01 17:00:00,0.02136681376164593
2018-10-01 18:00:00,0.019272389048922884
2018-10-01 19:00:00,0.01938281444136244
2018-10-01 20:00:00,0.012256466257642044
2018-10-01 21:00:00,0.014180630354848308
2018-10-01 22:00:00,0.010541029208733607
2018-10-01 23:00:00,0.022724910526427448
2018-10-02 00:00:00,0.016083726773711494
2018-10-02 01:00:00,0.012679386948454746
2018-10-02 02:00:00,0.012684304984096008
2018-10-02 03:00:00,0.005642214757755313
2018-10-02 04:00:00,0.010645683072987779
2018-10-02 05:00:00,0.01777266742746116
2018-10-02 06:00:00,0.006292641237592311
2018-10-02 07:00:00,0.01705554856338438
2018-10-02 08:00:00,0.014076965135547478
2018-10-02 09:00:00,0.009787228447591027
2018-10-02 10:00:00,0.011872094213564865
2018-10-02 11:00:00,0.012893422294627366
2018-10-02 12:00:00,0.019263592816511882
2018-10-02 13:00:00,0.014712561799882383
2018-10-02 14:00:00,0.00888714693795944
2018-10-02 15:00:00,0.01917435244787052
2018-10-02 16:00:00,0.013329544075688428
2018-10-02 17:00:00,0.1010725177340896
2018-10-02 18:00:00,0.06836436920292262
2018-10-02 19:00:00,0.011525073316547715
2018-10-02 20:00:00,0.018555360897492296
2018-10-02 21:00:00,0.006182847123741887
2018-10-02 22:00:00,0.017014374627920364
2018-10-02 23:00:00,0.009346144662413474
2018-10-03 00:00:00,0.004538745613308577
2018-10-03 01:00:00,0.0044790611962723485
2018-10-03 02:00:00,0.007811555160643428
2018-10-03 03:00:00,0.021758883556835057
2018-10-03 04:00:00,0.012790492135367482
2018-10-03 05:00:00,0.008420829101247647
2018-10-03 06:00:00,0.011533763947354725
2018-10-03 07:00:00,0.012991747573643478
2018-10-03 08:00:00,0.011903995353329984
2018-10-03 09:00:00,0.024446177062810305
2018-10-03 10:00:00,0.004674733213464671
2018-10-03 11:00:00,0.012025422315517105
2018-10-03 12:00:00,0.01956502268892099
2018-10-03 13:00:00,0.001772208947932252
2018-10-03 14:00:00,0.008015095792922585
2018-10-03 15:00:00,0.00909446021571774
2018-10-03 16:00:00,0.004311050246534896
2018-10-03 17:00:00,0.017478333115124183
2018-10-03 18:00:00,0.017442184654908172
2018-10-03 19:00:00,0.017471349697251965
2018-10-03 20:00:00,0.01751431741642369
2018-10-03 21:00:00,0.01756065003239477
2018-10-03 22:00:00,0.012232522663386126
2018-10-03 23:00:00,0.012179628337074302
2018-10-04 00:00:00,0.01745477859938996
2018-10-04 01:00:00,0.011261735686626487
2018-10-04 02:00:00,0.010245936041941019
2018-10-04 03:00:00,0.017567461624682795
2018-10-04 04:00:00,0.015332617488990704
2018-10-04 05:00:00,0.010592767968067645
2018-10-04 06:00:00,0.011417856490029629
2018-10-04 07:00:00,0.025399794701878947
2018-10-04 08:00:00,0.00468559297764416
2018-10-04 09:00:00,0.007387497766106774
2018-10-04 10:00:00,0.01049054474037488
2018-10-04 11:00:00,0.010477552766505785
2018-10-04 12:00:00,0.026684646540009984
2018-10-04 13:00:00,0.02144628646988674
2018-10-04 14:00:00,0.008076307390205616
2018-10-04 15:00:00,0.007210356095227308
2018-10-04 16:00:00,0.009532266936543514
2018-10-04 17:00:00,0.012317461335282704
2018-10-04 18:00:00,0.00817300878280103
2018-10-04 19:00:00,0.03467879601908606
2018-10-04 20:00:00,0.013737036721679119
2018-10-04 21:00:00,0.01029996047645802
2018-10-04 22:00:00,0.00677505936421821
2018-10-04 23:00:00,0.009783262247718865
2018-10-05 00:00:00,0.007965287575859958
2018-10-05 01:00:00,0.019987750349910783
2018-10-05 02:00:00,0.007104636451648721
2018-10-05 03:00:00,0.006358552391385914
2018-10-05 04:00:00,0.013328269234802988
2018-10-05 05:00:00,0.018196589563887443
2018-10-05 06:00:00,0.009232944569824781
2018-10-05 07:00:00,0.024591007194335927
2018-10-05 08:00:00,0.010954235847536263
2018-10-05 09:00:00,0.018008430237725463
2018-10-05 10:00:00,0.011035350492203694
2018-10-05 11:00:00,0.031104810684816134
2018-10-05 12:00:00,0.01575336333638519
2018-10-05 13:00:00,0.01695092088930478
2018-10-05 14:00:00,0.016910902112913476
2018-10-05 15:00:00,0.0133356462964021
2018-10-05 16:00:00,0.010608417667111982
2018-10-05 17:00:00,0.034568539319702114
2018-10-05 18:00:00,0.012211719882088513
2018-10-05 19:00:00,0.010475918465286012
2018-10-05 20:00:00,0.016111389296087762
2018-10-05 21:00:00,0.015186352521407766
2018-10-05 22:00:00,0.012542174446088633
2018-10-05 23:00:00,0.01083305631660763
2018-10-06 00:00:00,0.005682164897076855
2018-10-06 01:00:00,0.025658408888730635
2018-10-06 02:00:00,0.025866346693510213
2018-10-06 03:00:00,0.025662401912543317
2018-10-06 04:00:00,0.02551113205328847
2018-10-06 05:00:00,0.014793361160214576
2018-10-06 06:00:00,0.006974964125048639
2018-10-06 07:00:00,0.00878252263270073
2018-10-06 08:00:00,0.011403862285331343
2018-10-06 09:00:00,0.011571684407879148
2018-10-06 10:00:00,0.010450711311461565
2018-10-06 11:00:00,0.015146613741779495
2018-10-06 12:00:00,0.015614180739409523
2018-10-06 13:00:00,0.004014831618989179
2018-10-06 14:00:00,0.00857418126793496
2018-10-06 15:00:00,0.0028635903579434315
2018-10-06 16:00:00,0.01839098278824855
2018-10-06 17:00:00,0.009779120996833014
2018-10-06 18:00:00,0.011470513486706796
2018-10-06 19:00:00,0.01776790261808816
2018-10-06 20:00:00,0.007807336978657381
2018-10-06 21:00:00,0.008543609797673934
2018-10-06 22:00:00,0.02231777746500262
2018-10-06 23:00:00,0.01002568610917216
2018-10-07 00:00:00,0.005614342479103567
2018-10-07 01:00:00,0.009306097712748242
2018-10-07 02:00:00,0.009229498291090002
2018-10-07 03:00:00,0.01039123043011184
2018-10-07 04:00:00,0.015996769422723232
2018-10-07 05:00:00,0.014194196151856743
2018-10-07 06:00:00,0.008402900895432592
2018-10-07 07:00:00,0.009689158166306444
2018-10-07 08:00:00,0.012478875906209325
2018-10-07 09:00:00,0.016513262508220036
2018-10-07 10:00:00,0.014115902844683217
2018-10-07 11:00:00,0.00851238518375912
2018-10-07 12:00:00,0.01220272716092559
2018-10-07 13:00:00,0.005353656902783785
2018-10-07 14:00:00,0.014255705300139492
2018-10-07 15:00:00,0.04429634054240005
2018-10-07 16:00:00,0.018064269520109484
2018-10-07 17:00:00,0.012241015024869656
2018-10-07 18:00:00,0.01098285648162075
2018-10-07 19:00:00,0.014988757569511893
2018-10-07 20:00:00,0.008699792554352215
2018-10-07 21:00:00,0.009528051025193588
2018-10-07 22:00:00,0.010856074312098282
2018-10-07 23:00:00,0.010508265377917495
2018-10-08 00:00:00,0.013668769772229495
2018-10-08 01:00:00,0.011524321986509642
2018-10-08 02:00:00,0.010368804438122534
2018-10-08 03:00:00,0.00953018133115478
2018-10-08 04:00:00,0.012889203282560536
2018-10-08 05:00:00,0.0233285134425241
2018-10-08 06:00:00,0.008394743526410961
2018-10-08 07:00:00,0.011552360775355907
2018-10-08 08:00:00,0.012643014919713412
2018-10-08 09:00:00,0.004063887805254932
2018-10-08 10:00:00,0.013742328802325865
2018-10-08 11:00:00,0.008799636734886917
2018-10-08 12:00:00,0.016377440837561413
2018-10-08 13:00:00,0.013412610254570873
2018-10-08 14:00:00,0.004284056560194724
2018-10-08 15:00:00,0.022835184519655112
2018-10-08 16:00:00,0.02275572856117267
2018-10-08 17:00:00,0.022666591121970517
2018-10-08 18:00:00,0.022575315906770674
2018-10-08 19:00:00,0.022483146845148433
2018-10-08 20:00:00,0.014935271719733965
2018-10-08 21:00:00,0.007860171230136699
2018-10-08 22:00:00,0.0093776464380668
2018-10-08 23:00:00,0.016646232561988474
2018-10-09 00:00:00,0.013714284914691025
2018-10-09 01:00:00,0.00800634060095775
2018-10-09 02:00:00,0.006438017711392059
2018-10-09 03:00:00,0.0046850169765647555
2018-10-09 04:00:00,0.007658480196706942
2018-10-09 05:00:00,0.007510548335443618
2018-10-09 06:00:00,0.004640679123019395
2018-10-09 07:00:00,0.012047427143867383
2018-10-09 08:00:00,0.012661187566786124
2018-10-09 09:00:00,0.017560066917580885
2018-10-09 10:00:00,0.013470958381470778
2018-10-09 11:00:00,0.016481700025608823
2018-10-09 12:00:00,0.008687337302404206
2018-10-09 13:00:00,0.011390860708086618
2018-10-09 14:00:00,0.010404067065921868
2018-10-09 15:00:00,0.009004232228251668
2018-10-09 16:00:00,0.017106445578749248
2018-10-09 17:00:00,0.008951920720056319
2018-10-09 18:00:00,0.003029343742251886
2018-10-09 19:00:00,0.013013702533206082
2018-10-09 20:00:00,0.01407729936640067
2018-10-09 21:00:00,0.008739147749832902
2018-10-09 22:00:00,0.008111426810793831
2018-10-09 23:00:00,0.007627207309003363
2018-10-10 00:00:00,0.013224695240691729
2018-10-10 01:00:00,0.010701398059307045
2018-10-10 02:00:00,0.00490852797166266
2018-10-10 03:00:00,0.008628863028494228
2018-10-10 04:00:00,0.008318473928773686
2018-10-10 05:00:00,0.009592719797852638
2018-10-10 06:00:00,0.02119244753727114
2018-10-10 07:00:00,0.006195901755644922
2018-10-10 08:00:00,0.007660652586897148
2018-10-10 09:00:00,0.02698651379163964
2018-10-10 10:00:00,0.014507222839336083
2018-10-10 11:00:00,0.015310844476613976
2018-10-10 12:00:00,0.05134374587842773
2018-10-10 13:00:00,0.007404665739260787
2018-10-10 14:00:00,0.0116624267029564
2018-10-10 15:00:00,0.00868751936518175
2018-10-10 16:00:00,0.015607007812820942
2018-10-10 17:00:00,0.015607869296402373
2018-10-10 18:00:00,0.00856349288365768
2018-10-10 19:00:00,0.0071672059532162935
2018-10-10 20:00:00,0.01593873704216746
2018-10-10 21:00:00,0.006960304974976068
2018-10-10 22:00:00,0.006609002156231298
2018-10-10 23:00:00,0.009472906088088331
2018-10-11 00:00:00,0.01986600832564521
2018-10-11 01:00:00,0.019846900988949496
2018-10-11 02:00:00,0.01981370807615693
2018-10-11 03:00:00,0.014490156907989622
2018-10-11 04:00:00,0.013557899709826194
2018-10-11 05:00:00,0.011715120307963301
2018-10-11 06:00:00,0.008945340678309313
2018-10-11 07:00:00,0.00867596039613072
2018-10-11 08:00:00,0.003262000856395227
2018-10-11 09:00:00,0.009906465602214086
2018-10-11 10:00:00,0.005242254455017781
2018-10-11 11:00:00,0.012683778561621402
2018-10-11 12:00:00,0.012101405471311777
2018-10-11 13:00:00,0.013563601935662537
2018-10-11 14:00:00,0.004903374630066563
2018-10-11 15:00:00,0.006015736711406647
2018-10-11 16:00:00,0.02891087188278745
2018-10-11 17:00:00,0.01214614214361812
2018-10-11 18:00:00,0.011850164424208068
2018-10-11 19:00:00,0.00804270370475822
2018-10-11 20:00:00,0.007083411208084664
2018-10-11 21:00:00,0.006736810113789211
2018-10-11 22:00:00,0.010268751005217827
2018-10-11 23:00:00,0.013110498282676585
2018-10-12 00:00:00,0.010546422090031586
2018-10-12 01:00:00,0.008708460362255057
2018-10-12 02:00:00,0.008595818703615294
2018-10-12 03:00:00,0.012789001562456721
2018-10-12 04:00:00,0.01788936982111617
2018-10-12 05:00:00,0.010944816598016266
2018-10-12 06:00:00,0.008006566654025127
2018-10-12 07:00:00,0.008717896892054263
2018-10-12 08:00:00,0.008364015122213308
2018-10-12 09:00:00,0.014670216267292079
2018-10-12 10:00:00,0.010473326863136791
2018-10-12 11:00:00,0.009190602541341748
2018-10-12 12:00:00,0.006930595352557461
2018-10-12 13:00:00,0.024766077325325337
2018-10-12 14:00:00,0.06553026979150783
2018-10-12 15:00:00,0.00478242889796618
2018-10-12 16:00:00,0.010997186570984627
2018-10-12 17:00:00,0.010914648962998635
2018-10-12 18:00:00,0.00854478228183732
2018-10-12 19:00:00,0.007101440351027849
2018-10-12 20:00:00,0.021188442887493802
2018-10-12 21:00:00,0.009531851001487008
2018-10-12 22:00:00,0.008488994013943665
2018-10-12 23:00:00,0.005615375475128855
2018-10-13 00:00:00,0.009615606435097039
2018-10-13 01:00:00,0.007946921620080871
2018-10-13 02:00:00,0.0037982834565843918
2018-10-13 03:00:00,0.018780861332850514
2018-10-13 04:00:00,0.01282197000633324
2018-10-13 05:00:00,0.004677067066053067
2018-10-13 06:00:00,0.011491186681364115
2018-10-13 07:00:00,0.009678960120176211
2018-10-13 08:00:00,0.018676844514448458
2018-10-13 09:00:00,0.009625002044092222
2018-10-13 10:00:00,0.010986528595467707
2018-10-13 11:00:00,0.009218907174611352
2018-10-13 12:00:00,0.01575404180922938
2018-10-13 13:00:00,0.018828906011942093
2018-10-13 14:00:00,0.01879079953341237
2018-10-13 15:00:00,0.01877288068348862
2018-10-13 16:00:00,0.018758760095640602
2018-10-13 17:00:00,0.01874489912547035
2018-10-13 18:00:00,0.02779444871616941
2018-10-13 19:00:00,0.011434957585279591
2018-10-13 20:00:00,0.01659463040073021
2018-10-13 21:00:00,0.007278323211534894
2018-10-13 22:00:00,0.008741985589355478
2018-10-13 23:00:00,0.008802033038253844
2018-10-14 00:00:00,0.009125219462645164
2018-10-14 01:00:00,0.054040243907414416
2018-10-14 02:00:00,0.007137028105356421
2018-10-14 03:00:00,0.006564886194874542
2018-10-14 04:00:00,0.008789368030169612
2018-10-14 05:00:00,0.015534711023881157
2018-10-14 06:00:00,0.006145937156844261
2018-10-14 07:00:00,0.006624868866150395
2018-10-14 08:00:00,0.005965455659076435
2018-10-14 09:00:00,0.004962305873858952
2018-10-14 10:00:00,0.012786286169262348
2018-10-14 11:00:00,0.007807818123532041
2018-10-14 12:00:00,0.004808884722423234
2018-10-14 13:00:00,0.012425076362752627
2018-10-14 14:00:00,0.008983342407246526
2018-10-14 15:00:00,0.005936488377946356
2018-10-14 16:00:00,0.01412324729161054
2018-10-14 17:00:00,0.010116774030468218
2018-10-14 18:00:00,0.015441724226689879
2018-10-14 19:00:00,0.016944017902437367
2018-10-14 20:00:00,0.015515863222426296
2018-10-14 21:00:00,0.014460851676394496
2018-10-14 22:00:00,0.004496231490954404
2018-10-14 23:00:00,0.012150857720553547
2018-10-15 00:00:00,0.010925122062882457
2018-10-15 01:00:00,0.008273041407037222
2018-10-15 02:00:00,0.009622456290507803
2018-10-15 03:00:00,0.020375420545140636
2018-10-15 04:00:00,0.0056900407461999885
2018-10-15 05:00:00,0.010977801246652095
2018-10-15 06:00:00,0.015903449287835422
2018-10-15 07:00:00,0.023092691442063558
2018-10-15 08:00:00,0.013707204882666585
2018-10-15 09:00:00,0.005351119028830168
2018-10-15 10:00:00,0.011385970583134153
2018-10-15 11:00:00,0.012545840808648793
2018-10-15 12:00:00,0.0118432924810383
2018-10-15 13:00:00,0.005514126016841431
2018-10-15 14:00:00,0.009855564446158371
2018-10-15 15:00:00,0.015627413570461803
2018-10-15 16:00:00,0.007261484584886102
2018-10-15 17:00:00,0.0067586275014977154
2018-10-15 18:00:00,0.007730075149430735
2018-10-15 19:00:00,0.007760237786083898
2018-10-15 20:00:00,0.006178446421981754
2018-10-15 21:00:00,0.007391442229594612
2018-10-15 22:00:00,0.01823018903995389
2018-10-15 23:00:00,0.018167742740507014
2018-10-16 00:00:00,0.018142461928675187
2018-10-16 01:00:00,0.007135542638064105
2018-10-16 02:00:00,0.01598909917175408
2018-10-16 03:00:00,0.017650792926060033
2018-10-16 04:00:00,0.014150936852542099
2018-10-16 05:00:00,0.0024201699630076413
2018-10-16 06:00:00,0.020215222379531276
2018-10-16 07:00:00,0.011842441911211157
2018-10-16 08:00:00,0.009061951846789902
2018-10-16 09:00:00,0.009028205969407309
2018-10-16 10:00:00,0.01681963106787413
2018-10-16 11:00:00,0.007971742809870182
2018-10-16 12:00:00,0.006681751517045723
2018-10-16 13:00:00,0.006954200459871412
2018-10-16 14:00:00,0.0030410443389373297
2018-10-16 15:00:00,0.005611725596979311
2018-10-16 16:00:00,0.00882992616452188
2018-10-16 17:00:00,0.014923619391309055
2018-10-16 18:00:00,0.007038121687249946
2018-10-16 19:00:00,0.007751505731779659
2018-10-16 20:00:00,0.0051417778307847085
2018-10-16 21:00:00,0.006656101796678195
2018-10-16 22:00:00,0.01003577732989603
2018-10-16 23:00:00,0.0036565909158844767
2018-10-17 00:00:00,0.012492165403351465
2018-10-17 01:00:00,0.009874124265073963
2018-10-17 02:00:00,0.03885476544189307
2018-10-17 03:00:00,0.02067183371122808
2018-10-17 04:00:00,0.0062063807445376104
2018-10-17 05:00:00,0.014535807831340631
2018-10-17 06:00:00,0.003223869208231977
2018-10-17 07:00:00,0.006287568405439752
2018-10-17 08:00:00,0.006477483804687092
2018-10-17 09:00:00,0.005761177615610413
2018-10-17 10:00:00,0.029224147839173226
2018-10-17 11:00:00,0.009358295367775063
2018-10-17 12:00:00,0.0219298184595706
2018-10-17 13:00:00,0.005259790878124576
2018-10-17 14:00:00,0.022192900264777576
2018-10-17 15:00:00,0.009175395005321831
2018-10-17 16:00:00,0.008006029010530722
2018-10-17 17:00:00,0.006924260206595802
2018-10-17 18:00:00,0.009658823023955683
2018-10-17 19:00:00,0.016936527362215514
2018-10-17 20:00:00,0.01026106591903954
2018-10-17 21:00:00,0.005708311684583408
2018-10-17 22:00:00,0.0035022886331111214
2018-10-17 23:00:00,0.005841294716460506
2018-10-18 00:00:00,0.007958957267239126
2018-10-18 01:00:00,0.019083829356013556
2018-10-18 02:00:00,0.005815548786637649
2018-10-18 03:00:00,0.028911461902922347
2018-10-18 04:00:00,0.009805762904522458
2018-10-18 05:00:00,0.0007697287722906278
2018-10-18 06:00:00,0.011799354010764828
2018-10-18 07:00:00,0.015458235174438032
2018-10-18 08:00:00,0.007031875741660326
2018-10-18 09:00:00,0.005602332889890987
2018-10-18 10:00:00,0.014569829763305715
2018-10-18 11:00:00,0.01862786693058119
2018-10-18 12:00:00,0.01852917737939308
2018-10-18 13:00:00,0.01848114231124386
2018-10-18 14:00:00,0.01844512968389275
2018-10-18 15:00:00,0.01841307626531533
2018-10-18 16:00:00,0.015567210671021355
2018-10-18 17:00:00,0.007239948624343532
2018-10-18 18:00:00,0.002239611700853535
2018-10-18 19:00:00,0.0036192085272082277
2018-10-18 20:00:00,0.011425862804454274
2018-10-18 21:00:00,0.010769123774991859
2018-10-18 22:00:00,0.005926466020377561
2018-10-18 23:00:00,0.01029319350603046
2018-10-19 00:00:00,0.005309721066071991
2018-10-19 01:00:00,0.010628116315570021
2018-10-19 02:00:00,0.030695026066278084
2018-10-19 03:00:00,0.0068976886431551705
2018-10-19 04:00:00,0.011570744581616688
2018-10-19 05:00:00,0.008824586108297207
2018-10-19 06:00:00,0.004832311772356469
2018-10-19 07:00:00,0.011740907453875677
2018-10-19 08:00:00,0.007132137325270401
2018-10-19 09:00:00,0.013584255789065873
2018-10-19 10:00:00,0.009773997297350264
2018-10-19 11:00:00,0.00897367353743464
2018-10-19 12:00:00,0.011513667601176674
2018-10-19 13:00:00,0.010994601702278138
2018-10-19 14:00:00,0.0072609962207896995
2018-10-19 15:00:00,0.01113218161180952
2018-10-19 16:00:00,0.009049175659526133
2018-10-19 17:00:00,0.01507186224144072
2018-10-19 18:00:00,0.012485733506044984
2018-10-19 19:00:00,0.012218577335381424
2018-10-19 20:00:00,0.006459082450779704
2018-10-19 21:00:00,0.010899760930280115
2018-10-19 22:00:00,0.011722565837642474
2018-10-19 23:00:00,0.00640362360058686
2018-10-20 00:00:00,0.011851422854148289
2018-10-20 01:00:00,0.015210797106874499
2018-10-20 02:00:00,0.012440339936099993
2018-10-20 03:00:00,0.00911085300262381
2018-10-20 04:00:00,0.007423304422322299
2018-10-20 05:00:00,0.008853095358578067
2018-10-20 06:00:00,0.013602973450403198
2018-10-20 07:00:00,0.008929111814937428
2018-10-20 08:00:00,0.010083056125157079
2018-10-20 09:00:00,0.007697090862602181
2018-10-20 10:00:00,0.0036987279318843077
2018-10-20 11:00:00,0.01586773866397083
2018-10-20 12:00:00,0.01568234801582767
2018-10-20 13:00:00,0.011960635864648687
2018-10-20 14:00:00,0.012686368658472539
2018-10-20 15:00:00,0.01607593300382973
2018-10-20 16:00:00,0.01256257864228538
2018-10-20 17:00:00,0.009714450737960638
2018-10-20 18:00:00,0.01263358720495251
2018-10-20 19:00:00,0.008783544629805285
2018-10-20 20:00:00,0.01542143614516173
2018-10-20 21:00:00,0.01539126015008201
2018-10-20 22:00:00,0.015420865218222637
2018-10-20 23:00:00,0.00577634581589747
2018-10-21 00:00:00,0.01006223563758567
2018-10-21 01:00:00,0.009006176673855296
2018-10-21 02:00:00,0.007372532251087603
2018-10-21 03:00:00,0.021544220352890678
2018-10-21 04:00:00,0.009817518152333346
2018-10-21 05:00:00,0.008539436782805138
2018-10-21 06:00:00,0.006092829054626723
2018-10-21 07:00:00,0.005404333479242879
2018-10-21 08:00:00,0.008298635360534766
2018-10-21 09:00:00,0.009673168963620764
2018-10-21 10:00:00,0.004882029087519477
2018-10-21 11:00:00,0.01075460766991306
2018-10-21 12:00:00,0.00914229557955454
2018-10-21 13:00:00,0.007649111199313034
2018-10-21 14:00:00,0.030058627459990644
2018-10-21 15:00:00,0.010508905340857036
2018-10-21 16:00:00,0.006941133941115747
2018-10-21 17:00:00,0.006702418525849599
2018-10-21 18:00:00,0.009553063659640648
2018-10-21 19:00:00,0.010485672317061488
2018-10-21 20:00:00,0.0053783254017752405
2018-10-21 21:00:00,0.016025247038134
2018-10-21 22:00:00,0.005827112845282328
2018-10-21 23:00:00,0.014850998522723952
2018-10-22 00:00:00,0.010746755540440328
2018-10-22 01:00:00,0.004499431950619584
2018-10-22 02:00:00,0.012372087601927876
2018-10-22 03:00:00,0.00648507364393671
2018-10-22 04:00:00,0.013582366176544737
2018-10-22 05:00:00,0.013294315961874636
2018-10-22 06:00:00,0.01393819131484931
2018-10-22 07:00:00,0.008339602734755234
2018-10-22 08:00:00,0.011420968782222717
2018-10-22 09:00:00,0.027627381200444813
2018-10-22 10:00:00,0.0037183776001438952
2018-10-22 11:00:00,0.005241060348602756
2018-10-22 12:00:00,0.007853361375174549
2018-10-22 13:00:00,0.013964984886475719
2018-10-22 14:00:00,0.007135386159848493
2018-10-22 15:00:00,0.0029595274348882413
2018-10-22 16:00:00,0.0033987186786876462
2018-10-22 17:00:00,0.011597070697567862
2018-10-22 18:00:00,0.01614038940393762
2018-10-22 19:00:00,0.0037300360512953347
2018-10-22 20:00:00,0.021455039818530107
2018-10-22 21:00:00,0.00775317348856013
2018-10-22 22:00:00,0.014176046620092767
2018-10-22 23:00:00,0.014251716899317968
2018-10-23 00:00:00,0.018190662915826883
2018-10-23 01:00:00,0.010637296274932241
2018-10-23 02:00:00,0.009014776338710305
2018-10-23 03:00:00,0.02220718155477753
2018-10-23 04:00:00,0.005905031333699675
2018-10-23 05:00:00,0.009741954130803105
2018-10-23 06:00:00,0.0076594342979516535
2018-10-23 07:00:00,0.008666599738083564
2018-10-23 08:00:00,0.035263144401270465
2018-10-23 09:00:00,0.014158524802225616
2018-10-23 10:00:00,0.014156628025930564
2018-10-23 11:00:00,0.01420950512911075
2018-10-23 12:00:00,0.01427375269980165
2018-10-23 13:00:00,0.014340345873308872
2018-10-23 14:00:00,0.008113395782548374
2018-10-23 15:00:00,0.00878129332034617
2018-10-23 16:00:00,0.003815501987230297
2018-10-23 17:00:00,0.009079638415248437
2018-10-23 18:00:00,0.005966593925854495
2018-10-23 19:00:00,0.029384953098001185
2018-10-23 20:00:00,0.005632839926887532
2018-10-23 21:00:00,0.006315979918238406
2018-10-23 22:00:00,0.011103817725428247
2018-10-23 23:00:00,0.009316576079122911
2018-10-24 00:00:00,0.022225416127960605
2018-10-24 01:00:00,0.011123104151982659
2018-10-24 02:00:00,0.007060167628669054
2018-10-24 03:00:00,0.00476563981020954
2018-10-24 04:00:00,0.004156393293191035
2018-10-24 05:00:00,0.009834029328255505
2018-10-24 06:00:00,0.00741736315767739
2018-10-24 07:00:00,0.010382294158785473
2018-10-24 08:00:00,0.005116302545775797
2018-10-24 09:00:00,0.026708806567056504
2018-10-24 10:00:00,0.008912562883612174
2018-10-24 11:00:00,0.01036019277464569
2018-10-24 12:00:00,0.009549721892140085
2018-10-24 13:00:00,0.007407980466829181
2018-10-24 14:00:00,0.009687509298652657
2018-10-24 15:00:00,0.008578190263296695
2018-10-24 16:00:00,0.018975431607411327
2018-10-24 17:00:00,0.009324602388279974
2018-10-24 18:00:00,0.005655728831213755
2018-10-24 19:00:00,0.00397707873951948
2018-10-24 20:00:00,0.014961627798946648
2018-10-24 21:00:00,0.009928801941921389
2018-10-24 22:00:00,0.0039546339139536
2018-10-24 23:00:00,0.010521622490153553
2018-10-25 00:00:00,0.020140874795739713
2018-10-25 01:00:00,0.008439925096548468
2018-10-25 02:00:00,0.014641576811009896
2018-10-25 03:00:00,0.01199989072369277
2018-10-25 04:00:00,0.003505660470381253
2018-10-25 05:00:00,0.010640700478564958
2018-10-25 06:00:00,0.011130762067135768
2018-10-25 07:00:00,0.005954274023581545
2018-10-25 08:00:00,0.012131822924888335
2018-10-25 09:00:00,0.006234371233917248
2018-10-25 10:00:00,0.00307973092074044
2018-10-25 11:00:00,0.016591995478494
2018-10-25 12:00:00,0.005583659471165866
2018-10-25 13:00:00,0.005021891806713811
2018-10-25 14:00:00,0.005400322852962962
2018-10-25 15:00:00,0.005598989685196849
2018-10-25 16:00:00,0.001964331980172144
2018-10-25 17:00:00,0.005291565176978517
2018-10-25 18:00:00,0.017787856368268
2018-10-25 19:00:00,0.017659145239237912
2018-10-25 20:00:00,0.017588268070721752
2018-10-25 21:00:00,0.007625225237260394
2018-10-25 22:00:00,0.013960265148336488
2018-10-25 23:00:00,0.013351345095717091
2018-10-26 00:00:00,0.004792131471817409
2018-10-26 01:00:00,0.00855870686244788
2018-10-26 02:00:00,0.007982224720071656
2018-10-26 03:00:00,0.00596176722724048
2018-10-26 04:00:00,0.008295559369042544
2018-10-26 05:00:00,0.009851723786842508
2018-10-26 06:00:00,0.014325973879519855
2018-10-26 07:00:00,0.008881723385148975
2018-10-26 08:00:00,0.005910597345017931
2018-10-26 09:00:00,0.008854018466642999
2018-10-26 10:00:00,0.012062619756890571
2018-10-26 11:00:00,0.019664124788476577
2018-10-26 12:00:00,0.019885574670393057
2018-10-26 13:00:00,0.007490446705575468
2018-10-26 14:00:00,0.0030470794338681062
2018-10-26 15:00:00,0.02997435641012783
2018-10-26 16:00:00,0.005429462845059719
2018-10-26 17:00:00,0.005749763763417772
2018-10-26 18:00:00,0.0067843381948658205
2018-10-26 19:00:00,0.008533971731128817
2018-10-26 20:00:00,0.0118657325050454
2018-10-26 21:00:00,0.0061665282185334415
2018-10-26 22:00:00,0.010761283781504651
2018-10-26 23:00:00,0.01811934387607127
2018-10-27 00:00:00,0.008221757885737868
2018-10-27 01:00:00,0.009624975247509042
2018-10-27 02:00:00,0.005560762298795935
2018-10-27 03:00:00,0.026142056921114112
2018-10-27 04:00:00,0.010079181145996959
2018-10-27 05:00:00,0.008483204952229184
2018-10-27 06:00:00,0.012710078844068249
2018-10-27 07:00:00,0.008159063035857004
2018-10-27 08:00:00,0.018066902982642997
2018-10-27 09:00:00,0.01130385128937209
2018-10-27 10:00:00,0.010816826440691265
2018-10-27 11:00:00,0.005187914555589534
2018-10-27 12:00:00,0.009550663747718494
2018-10-27 13:00:00,0.007366106509453074
2018-10-27 14:00:00,0.008229078626723535
2018-10-27 15:00:00,0.020186503415176246
2018-10-27 16:00:00,0.016654421836131403
2018-10-27 17:00:00,0.0059957294373638136
2018-10-27 18:00:00,0.01245854060311076
2018-10-27 19:00:00,0.016437250981762956
2018-10-27 20:00:00,0.020094762584966747
2018-10-27 21:00:00,0.01638414689369209
2018-10-27 22:00:00,0.007495620939777824
2018-10-27 23:00:00,0.005361500770722233
2018-10-28 00:00:00,0.007294248852342212
2018-10-28 01:00:00,0.012341715197127777
2018-10-28 02:00:00,0.008713834151482764
2018-10-28 03:00:00,0.009481887096173472
2018-10-28 04:00:00,0.013469101191567674
2018-10-28 05:00:00,0.0105301623367948
2018-10-28 06:00:00,0.0034309202087250816
2018-10-28 07:00:00,0.01695830340213853
2018-10-28 08:00:00,0.016839139269409477
2018-10-28 09:00:00,0.01677883904590721
2018-10-28 10:00:00,0.01673389980535834
2018-10-28 11:00:00,0.016695133805896382
2018-10-28 12:00:00,0.011874924545774272
2018-10-28 13:00:00,0.008357562208439747
2018-10-28 14:00:00,0.003676273193274778
2018-10-28 15:00:00,0.00989531370505009
2018-10-28 16:00:00,0.008049335293770991
2018-10-28 17:00:00,0.009241144654854155
2018-10-28 18:00:00,0.010417850643690859
2018-10-28 19:00:00,0.014317437830652197
2018-10-28 20:00:00,0.009500140862773178
2018-10-28 21:00:00,0.009435512031944673
2018-10-28 22:00:00,0.005528030782078242
2018-10-28 23:00:00,0.014403097135705246
2018-10-29 00:00:00,0.009283299000682825
2018-10-29 01:00:00,0.003484573190656105
2018-10-29 02:00:00,0.010407894394997284
2018-10-29 03:00:00,0.010669310447744933
2018-10-29 04:00:00,0.00592984341134901
2018-10-29 05:00:00,0.0094761200732674
2018-10-29 06:00:00,0.018357289178816644
2018-10-29 07:00:00,0.011487908141442325
2018-10-29 08:00:00,0.005856345596308605
2018-10-29 09:00:00,0.017167136823692565
2018-10-29 10:00:00,0.0023755491836455612
2018-10-29 11:00:00,0.010619296322533592
2018-10-29 12:00:00,0.01864097807616764
2018-10-29 13:00:00,0.017610279507309336
2018-10-29 14:00:00,0.002698173043503846
2018-10-29 15:00:00,0.008409567466034404
2018-10-29 16:00:00,0.012523455781389567
2018-10-29 17:00:00,0.01759381431179119
2018-10-29 18:00:00,0.010159547216216492
2018-10-29 19:00:00,0.00981257429952065
2018-10-29 20:00:00,0.004907649731042131
2018-10-29 21:00:00,0.009000006612029113
2018-10-29 22:00:00,0.005983530358942367
2018-10-29 23:00:00,0.007257395201482771
2018-10-30 00:00:00,0.021124282648607183
2018-10-30 01:00:00,0.003985981697208021
2018-10-30 02:00:00,0.0048214999345201305
2018-10-30 03:00:00,0.0285750791148438
2018-10-30 04:00:00,0.012102705140525513
2018-10-30 05:00:00,0.004851671712790601
2018-10-30 06:00:00,0.00571754948751858
2018-10-30 07:00:00,0.012898153957190723
2018-10-30 08:00:00,0.007566040971598019
2018-10-30 09:00:00,0.004446927314158652
2018-10-30 10:00:00,0.004470205558913785
2018-10-30 11:00:00,0.010813827379950949
2018-10-30 12:00:00,0.012074129252618923
2018-10-30 13:00:00,0.008735560160426507
2018-10-30 14:00:00,0.010346021046997786
2018-10-30 15:00:00,0.005973529304190246
2018-10-30 16:00:00,0.015729643433291172
2018-10-30 17:00:00,0.015621019804272706
2018-10-30 18:00:00,0.015584290349488543
2018-10-30 19:00:00,0.021890498747238363
2018-10-30 20:00:00,0.009736297443286619
2018-10-30 21:00:00,0.018259196320470922
2018-10-30 22:00:00,0.016606065773709308
2018-10-30 23:00:00,0.0049957728012421385
2018-10-31 00:00:00,0.00793443563575304
2018-10-31 01:00:00,0.018611656559032456
2018-10-31 02:00:00,0.007110270447718669
2018-10-31 03:00:00,0.014645383295897133
2018-10-31 04:00:00,0.007679492628533093
2018-10-31 05:00:00,0.002715289618897124
2018-10-31 06:00:00,0.005517171005847479
2018-10-31 07:00:00,0.007008369858867001
2018-10-31 08:00:00,0.008991074832877147
2018-10-31 09:00:00,0.013492617898662091
2018-10-31 10:00:00,0.0031857943167387624
2018-10-31 11:00:00,0.008353892332815893
2018-10-31 12:00:00,0.009452139515177059
2018-10-31 13:00:00,0.01617592886358772
2018-10-31 14:00:00,0.005482249619246464
2018-10-31 15:00:00,0.025621390007978292
2018-10-31 16:00:00,0.005652822702527227
2018-10-31 17:00:00,0.006299833719303823
2018-10-31 18:00:00,0.022441747093001518
2018-10-31 19:00:00,0.010211335111297026
2018-10-31 20:00:00,0.007699529199698189
2018-10-31 21:00:00,0.007444065774819823
2018-10-31 22:00:00,0.004561038467748272
2018-10-31 23:00:00,0.012097126199801576
2018-11-01 00:00:00,0.01454037187323397
2018-11-01 01:00:00,0.009743588547589535
2018-11-01 02:00:00,0.0067862621069046
2018-11-01 03:00:00,0.0033693267562073435
2018-11-01 04:00:00,0.005987768209016054
2018-11-01 05:00:00,0.008231233344271414
2018-11-01 06:00:00,0.005217673787621556
2018-11-01 07:00:00,0.0103090818700393
2018-11-01 08:00:00,0.019330693087054613
2018-11-01 09:00:00,0.009941455942057784
2018-11-01 10:00:00,0.006034074451290359
2018-11-01 11:00:00,0.013544254625999515
2018-11-01 12:00:00,0.008641705577456305
2018-11-01 13:00:00,0.00591089068519454
2018-11-01 14:00:00,0.008541773743193587
2018-11-01 15:00:00,0.00314923133957345
2018-11-01 16:00:00,0.020761842396163264
2018-11-01 17:00:00,0.0063859574027708985
2018-11-01 18:00:00,0.011865761180911621
2018-11-01 19:00:00,0.016364083464560773
2018-11-01 20:00:00,0.014347595907778982
2018-11-01 21:00:00,0.010388451704748683
2018-11-01 22:00:00,0.006394673026124983
2018-11-01 23:00:00,0.008069992449525509
2018-11-02 00:00:00,0.008096893751123192
2018-11-02 01:00:00,0.018414726404140113
2018-11-02 02:00:00,0.0038704037513239923
2018-11-02 03:00:00,0.006677414081712577
2018-11-02 04:00:00,0.007269806741829341
2018-11-02 05:00:00,0.01774395745966638
2018-11-02 06:00:00,0.017634583801439015
2018-11-02 07:00:00,0.017573635663732115
2018-11-02 08:00:00,0.017524894125548515
2018-11-02 09:00:00,0.017480624372630798
2018-11-02 10:00:00,0.00831057043852098
2018-11-02 11:00:00,0.005689010340895077
2018-11-02 12:00:00,0.003439612689114234
2018-11-02 13:00:00,0.010439569382594467
2018-11-02 14:00:00,0.009056917028441136
2018-11-02 15:00:00,0.02406994250125243
2018-11-02 16:00:00,0.013755849473678274
2018-11-02 17:00:00,0.004461845352683438
2018-11-02 18:00:00,0.021234252742825803
2018-11-02 19:00:00,0.00424129390941992
2018-11-02 20:00:00,0.004546610231275324
2018-11-02 21:00:00,0.004193372756803776
2018-11-02 22:00:00,0.006770991790496641
2018-11-02 23:00:00,0.008102158631949533
2018-11-03 00:00:00,0.006641255860196819
2018-11-03 01:00:00,0.01072331747931075
2018-11-03 02:00:00,0.015260200453333768
2018-11-03 03:00:00,0.010187358729912877
2018-11-03 04:00:00,0.011872326354287746
2018-11-03 05:00:00,0.00894967002581448
2018-11-03 06:00:00,0.020968120470179888
2018-11-03 07:00:00,0.011932783390758168
2018-11-03 08:00:00,0.005583397548693978
2018-11-03 09:00:00,0.006900728013226061
2018-11-03 10:00:00,0.004517411007744852
2018-11-03 11:00:00,0.0083311805493666
2018-11-03 12:00:00,0.0076369720528778546
2018-11-03 13:00:00,0.009135366646002858
2018-11-03 14:00:00,0.007315239469925242
2018-11-03 15:00:00,0.009268854985591933
2018-11-03 16:00:00,0.008937220664247217
2018-11-03 17:00:00,0.0037728603407770045
2018-11-03 18:00:00,0.005141450329983087
2018-11-03 19:00:00,0.01997004361227763
2018-11-03 20:00:00,0.00913789926064473
2018-11-03 21:00:00,0.00685312259528871
2018-11-03 22:00:00,0.010644590388307396
2018-11-03 23:00:00,0.007789300822803088
2018-11-04 00:00:00,0.0044397886841946385
2018-11-04 01:00:00,0.005944767585072518
2018-11-04 02:00:00,0.008783842750471142
2018-11-04 03:00:00,0.005740488933307536
2018-11-04 04:00:00,0.003809545679558083
2018-11-04 05:00:00,0.01704817350954163
2018-11-04 06:00:00,0.010199013315016776
2018-11-04 07:00:00,0.003915354331272521
2018-11-04 08:00:00,0.006466756211774618
2018-11-04 09:00:00,0.008951783918711455
2018-11-04 10:00:00,0.01778448377109876
2018-11-04 11:00:00,0.00829267770239127
2018-11-04 12:00:00,0.01020028194722345
2018-11-04 13:00:00,0.016734088039433635
2018-11-04 14:00:00,0.017438246234087896
2018-11-04 15:00:00,0.01734208792068932
2018-11-04 16:00:00,0.017287949675117802
2018-11-04 17:00:00,0.007003762788516547
2018-11-04 18:00:00,0.009718167185139983
2018-11-04 19:00:00,0.006193937672115011
2018-11-04 20:00:00,0.007997699846688978
2018-11-04 21:00:00,0.011800973936200722
2018-11-04 22:00:00,0.011996654938256274
2018-11-04 23:00:00,0.00939855177584314
2018-11-05 00:00:00,0.00950737588066301
2018-11-05 01:00:00,0.007204014349997299
2018-11-05 02:00:00,0.004169802097859234
2018-11-05 03:00:00,0.004836055821686659
2018-11-05 04:00:00,0.04376765374072117
2018-11-05 05:00:00,0.012358613765618361
2018-11-05 06:00:00,0.009382150861592118
2018-11-05 07:00:00,0.0036320880151377863
2018-11-05 08:00:00,0.007367277854705614
2018-11-05 09:00:00,0.0069606991234143325
2018-11-05 10:00:00,0.008687664872268751
2018-11-05 11:00:00,0.0050934956651631155
2018-11-05 12:00:00,0.009974583161678553
2018-11-05 13:00:00,0.005060320652196117
2018-11-05 14:00:00,0.007197737320472558
2018-11-05 15:00:00,0.006989648733907199
2018-11-05 16:00:00,0.004387874136667658
2018-11-05 17:00:00,0.03197745079333249
2018-11-05 18:00:00,0.006738143660523692
2018-11-05 19:00:00,0.003348583376601008
2018-11-05 20:00:00,0.010862324080761954
2018-11-05 21:00:00,0.009961157627945715
2018-11-05 22:00:00,0.0034870721897330057
2018-11-05 23:00:00,0.007649538298010887
2018-11-06 00:00:00,0.005222150516980667
2018-11-06 01:00:00,0.005390907524996371
2018-11-06 02:00:00,0.007352913398183881
2018-11-06 03:00:00,0.010759973601192338
2018-11-06 04:00:00,0.009487399042612055
2018-11-06 05:00:00,0.014368405141155406
2018-11-06 06:00:00,0.007128482157954178
2018-11-06 07:00:00,0.006599940702960292
2018-11-06 08:00:00,0.0047910479456056984
2018-11-06 09:00:00,0.01114935344954021
2018-11-06 10:00:00,0.007851928411560733
2018-11-06 11:00:00,0.009721261117923305
2018-11-06 12:00:00,0.016074667967506916
2018-11-06 13:00:00,0.00673506415120313
2018-11-06 14:00:00,0.012555075303945363
2018-11-06 15:00:00,0.006033287420607129
2018-11-06 16:00:00,0.010534759552430106
2018-11-06 17:00:00,0.017149633574022428
2018-11-06 18:00:00,0.006811249968568457
2018-11-06 19:00:00,0.0030256169340363414
2018-11-06 20:00:00,0.00691770683093973
2018-11-06 21:00:00,0.010295611467180466
2018-11-06 22:00:00,0.00992422841122762
2018-11-06 23:00:00,0.011664016325309431
2018-11-07 00:00:00,0.014955750695658286
2018-11-07 01:00:00,0.010174964001863176
2018-11-07 02:00:00,0.012197879001255496
2018-11-07 03:00:00,0.01691144486924796
2018-11-07 04:00:00,0.016832872686622175
2018-11-07 05:00:00,0.016788314365938802
2018-11-07 06:00:00,0.016752284980941563
2018-11-07 07:00:00,0.01671922461826457
2018-11-07 08:00:00,0.004302668375890217
2018-11-07 09:00:00,0.004876754887410159
2018-11-07 10:00:00,0.004733569807561126
2018-11-07 11:00:00,0.004947081739105211
2018-11-07 12:00:00,0.011768413091324122
2018-11-07 13:00:00,0.015992096843222357
2018-11-07 14:00:00,0.008916434434633955
2018-11-07 15:00:00,0.010936185775567452
2018-11-07 16:00:00,0.007359498420138835
2018-11-07 17:00:00,0.008955774371433937
2018-11-07 18:00:00,0.012552647810226709
2018-11-07 19:00:00,0.025466588524124763
2018-11-07 20:00:00,0.01501988694547242
2018-11-07 21:00:00,0.02175416196600578
2018-11-07 22:00:00,0.021192063697138063
2018-11-07 23:00:00,0.012072880007504736
2018-11-08 00:00:00,0.014339188339648925
2018-11-08 01:00:00,0.013823630389422869
2018-11-08 02:00:00,0.02102165755416362
2018-11-08 03:00:00,0.021191179281817112
2018-11-08 04:00:00,0.006890509054768354
2018-11-08 05:00:00,0.004985066679953109
2018-11-08 06:00:00,0.004598426394548265
2018-11-08 07:00:00,0.004032487393256075
2018-11-08 08:00:00,0.012770051727271626
2018-11-08 09:00:00,0.005975665499282921
2018-11-08 10:00:00,0.003319277400972499
2018-11-08 11:00:00,0.009320614143214735
2018-11-08 12:00:00,0.011459882578277304
2018-11-08 13:00:00,0.003256401155740045
2018-11-08 14:00:00,0.005562491789610729
2018-11-08 15:00:00,0.008282674841310072
2018-11-08 16:00:00,0.011245310353081942
2018-11-08 17:00:00,0.013785936280069033
2018-11-08 18:00:00,0.007495107280714072
2018-11-08 19:00:00,0.005299946987154211
2018-11-08 20:00:00,0.01616682640746192
2018-11-08 21:00:00,0.0016678182338615856
2018-11-08 22:00:00,0.011582197335379834
2018-11-08 23:00:00,0.017528833690571184
2018-11-09 00:00:00,0.012233082687548073
2018-11-09 01:00:00,0.00998301011984488
2018-11-09 02:00:00,0.005161725950977546
2018-11-09 03:00:00,0.007863016320566414
2018-11-09 04:00:00,0.018808142989826956
2018-11-09 05:00:00,0.00454967020315666
2018-11-09 06:00:00,0.00434811015223146
2018-11-09 07:00:00,0.004728800406808596
2018-11-09 08:00:00,0.008812112395837346
2018-11-09 09:00:00,0.007606670251520179
2018-11-09 10:00:00,0.004734495874717729
2018-11-09 11:00:00,0.007288324602018523
2018-11-09 12:00:00,0.016515217821091666
2018-11-09 13:00:00,0.01640843504249135
2018-11-09 14:00:00,0.016347083131540357
2018-11-09 15:00:00,0.005824629328098229
2018-11-09 16:00:00,0.005973619668572112
2018-11-09 17:00:00,0.01405773042000299
2018-11-09 18:00:00,0.010700834194701506
2018-11-09 19:00:00,0.008845088816801135
2018-11-09 20:00:00,0.0072094939167925585
2018-11-09 21:00:00,0.009992775591451586
2018-11-09 22:00:00,0.006833914999531656
2018-11-09 23:00:00,0.015285781854812032
2018-11-10 00:00:00,0.005149072616443077
2018-11-10 01:00:00,0.006198439860922914
2018-11-10 02:00:00,0.008313889071460677
2018-11-10 03:00:00,0.009182264432051945
2018-11-10 04:00:00,0.013141537124189197
2018-11-10 05:00:00,0.007189953151002091
2018-11-10 06:00:00,0.0029808752932696603
2018-11-10 07:00:00,0.004288677729788222
2018-11-10 08:00:00,0.0056902604271784705
2018-11-10 09:00:00,0.008024995816593276
2018-11-10 10:00:00,0.006438894008814871
2018-11-10 11:00:00,0.0042622953952527
2018-11-10 12:00:00,0.00929124943804848
2018-11-10 13:00:00,0.008035695057178046
2018-11-10 14:00:00,0.005039404803000473
2018-11-10 15:00:00,0.009798124266108179
2018-11-10 16:00:00,0.01147078502299274
2018-11-10 17:00:00,0.007794808935128028
2018-11-10 18:00:00,0.006262737216347106
2018-11-10 19:00:00,0.01098286333161999
2018-11-10 20:00:00,0.005965022396500432
2018-11-10 21:00:00,0.006553908770811619
2018-11-10 22:00:00,0.012477382783732028
2018-11-10 23:00:00,0.009497328358556236
2018-11-11 00:00:00,0.0021700831932442185
2018-11-11 01:00:00,0.0024308484232477483
2018-11-11 02:00:00,0.0036471598486263264
2018-11-11 03:00:00,0.0025347924363231787
2018-11-11 04:00:00,0.011776140946425309
2018-11-11 05:00:00,0.006947837173878757
2018-11-11 06:00:00,0.006438028892889897
2018-11-11 07:00:00,0.006242803862322862
2018-11-11 08:00:00,0.008520218759048686
2018-11-11 09:00:00,0.008156359016972288
2018-11-11 10:00:00,0.005407645761066502
2018-11-11 11:00:00,0.009927743469245635
2018-11-11 12:00:00,0.010240409977047877
2018-11-11 13:00:00,0.0030251229241878117
2018-11-11 14:00:00,0.0003133199612851747
2018-11-11 15:00:00,0.014821901130941
2018-11-11 16:00:00,0.016630180083482996
2018-11-11 17:00:00,0.008637316619511774
2018-11-11 18:00:00,0.025123489492998648
2018-11-11 19:00:00,0.0026400291650072855
2018-11-11 20:00:00,0.010203766530265427
2018-11-11 21:00:00,0.013070138610167452
2018-11-11 22:00:00,0.007039857693724242
2018-11-11 23:00:00,0.00862365677372248
2018-11-12 00:00:00,0.004707011462254283
2018-11-12 01:00:00,0.014922447250275495
2018-11-12 02:00:00,0.014860437033567485
2018-11-12 03:00:00,0.014830421425936114
2018-11-12 04:00:00,0.014808559244264231
2018-11-12 05:00:00,0.014789618775361522
2018-11-12 06:00:00,0.00720831207098526
2018-11-12 07:00:00,0.004797047518717493
2018-11-12 08:00:00,0.010641186309227545
2018-11-12 09:00:00,0.00254900846646546
2018-11-12 10:00:00,0.02005081755219126
2018-11-12 11:00:00,0.01163149748950885
2018-11-12 12:00:00,0.01192266882977632
2018-11-12 13:00:00,0.010154673914472154
2018-11-12 14:00:00,0.008431462319284499
2018-11-12 15:00:00,0.02176613908014595
2018-11-12 16:00:00,0.00385587062416859
2018-11-12 17:00:00,0.011554057015834618
2018-11-12 18:00:00,0.009125743184156892
2018-11-12 19:00:00,0.01018296080778459
2018-11-12 20:00:00,0.008808960847033621
2018-11-12 21:00:00,0.011611855020787916
2018-11-12 22:00:00,0.0021805202093769
2018-11-12 23:00:00,0.005840430208638953
2018-11-13 00:00:00,0.01599136152185105
2018-11-13 01:00:00,0.01012650254905
2018-11-13 02:00:00,0.004737183455642673
2018-11-13 03:00:00,0.013978192634443757
2018-11-13 04:00:00,0.008403055259807819
2018-11-13 05:00:00,0.009034264593192322
2018-11-13 06:00:00,0.019229522619210595
2018-11-13 07:00:00,0.005533741241720983
2018-11-13 08:00:00,0.009825303402213346
2018-11-13 09:00:00,0.009158935141834216
2018-11-13 10:00:00,0.017051726466465113
2018-11-13 11:00:00,0.007222231721702225
2018-11-13 12:00:00,0.009276234430395864
2018-11-13 13:00:00,0.004701326940013878
2018-11-13 14:00:00,0.007775915325941778
2018-11-13 15:00:00,0.009371123674148177
2018-11-13 16:00:00,0.0014523753337074008
2018-11-13 17:00:00,0.01448274991369499
2018-11-13 18:00:00,0.0020809270289565084
2018-11-13 19:00:00,0.006102368714804158
2018-11-13 20:00:00,0.027600435643126708
2018-11-13 21:00:00,0.021416710107774427
2018-11-13 22:00:00,0.005131240328304376
2018-11-13 23:00:00,0.02423418778463368
2018-11-14 00:00:00,0.019437668759663927
2018-11-14 01:00:00,0.00425059372786792
2018-11-14 02:00:00,0.004622484492511539
2018-11-14 03:00:00,0.005836947818078192
2018-11-14 04:00:00,0.007937902621064726
2018-11-14 05:00:00,0.00889655044290569
2018-11-14 06:00:00,0.015076382390808956
2018-11-14 07:00:00,0.005367230811125397
2018-11-14 08:00:00,0.00880344016178629
2018-11-14 09:00:00,0.004271337325288866
2018-11-14 10:00:00,0.014931383573021014
2018-11-14 11:00:00,0.014818848130912611
2018-11-14 12:00:00,0.014775976916598514
2018-11-14 13:00:00,0.013990296618652275
2018-11-14 14:00:00,0.007976713325229246
2018-11-14 15:00:00,0.012038426736224735
2018-11-14 16:00:00,0.013761976044025423
2018-11-14 17:00:00,0.006004791288425721
2018-11-14 18:00:00,0.0058711354634904045
2018-11-14 19:00:00,0.0026237666440551482
2018-11-14 20:00:00,0.017573022237669562
2018-11-14 21:00:00,0.015609959996883657
2018-11-14 22:00:00,0.016012812696635598
2018-11-14 23:00:00,0.009085250174504903
2018-11-15 00:00:00,0.008768818873285598
2018-11-15 01:00:00,0.011519822337695189
2018-11-15 02:00:00,0.00646870880176379
2018-11-15 03:00:00,0.010485899711631571
2018-11-15 04:00:00,0.012031430400478844
2018-11-15 05:00:00,0.009489646698820853
2018-11-15 06:00:00,0.00724630164911558
2018-11-15 07:00:00,0.008346527790189356
2018-11-15 08:00:00,0.00817910930884979
2018-11-15 09:00:00,0.012674910981931018
2018-11-15 10:00:00,0.007984856050235831
2018-11-15 11:00:00,0.014355097010723687
2018-11-15 12:00:00,0.0064102291273127575
2018-11-15 13:00:00,0.009751455203447418
2018-11-15 14:00:00,0.00433605595941504
2018-11-15 15:00:00,0.0165823598332813
2018-11-15 16:00:00,0.006875065216929044
2018-11-15 17:00:00,0.0031852433660008333
2018-11-15 18:00:00,0.01987591369175423
2018-11-15 19:00:00,0.0045723001987682055
2018-11-15 20:00:00,0.023734147256058304
2018-11-15 21:00:00,0.004283128612247704
2018-11-15 22:00:00,0.008589910646280936
2018-11-15 23:00:00,0.019748064977800385
2018-11-16 00:00:00,0.025635174940829862
2018-11-16 01:00:00,0.010027534284578981
2018-11-16 02:00:00,0.0324549236296789
2018-11-16 03:00:00,0.008087550645301157
2018-11-16 04:00:00,0.02634658494808108
2018-11-16 05:00:00,0.01787838617294222
2018-11-16 06:00:00,0.007605659738774466
2018-11-16 07:00:00,0.008910359017592434
2018-11-16 08:00:00,0.004777926479877078
2018-11-16 09:00:00,0.00510947005654001
2018-11-16 10:00:00,0.01249218388121367
2018-11-16 11:00:00,0.010453250430876526
2018-11-16 12:00:00,0.01375633020021632
2018-11-16 13:00:00,0.01477516849224011
2018-11-16 14:00:00,0.010110036881446077
2018-11-16 15:00:00,0.008659618386022538
2018-11-16 16:00:00,0.006586637008337459
2018-11-16 17:00:00,0.007891078857115808
2018-11-16 18:00:00,0.0018786356046063951
2018-11-16 19:00:00,0.006380516618218679
2018-11-16 20:00:00,0.006960822567450263
2018-11-16 21:00:00,0.004490573988859628
2018-11-16 22:00:00,0.014470175944199278
2018-11-16 23:00:00,0.016287196209230165
2018-11-17 00:00:00,0.016190662795864674
2018-11-17 01:00:00,0.016140122300084585
2018-11-17 02:00:00,0.016101302694005754
2018-11-17 03:00:00,0.016066737700815636
2018-11-17 04:00:00,0.008377122386766595
2018-11-17 05:00:00,0.004380867234884761
2018-11-17 06:00:00,0.0034703170726340417
2018-11-17 07:00:00,0.0059295908379057094
2018-11-17 08:00:00,0.005373308894012776
2018-11-17 09:00:00,0.004914285390972842
2018-11-17 10:00:00,0.007353511396540892
2018-11-17 11:00:00,0.0033894113530873794
2018-11-17 12:00:00,0.006016031857441614
2018-11-17 13:00:00,0.004252923170218685
2018-11-17 14:00:00,0.009367404805481065
2018-11-17 15:00:00,0.019002713549957802
2018-11-17 16:00:00,0.006419295171744064
2018-11-17 17:00:00,0.01080367899052819
2018-11-17 18:00:00,0.007638851383801574
2018-11-17 19:00:00,0.004666997666651214
2018-11-17 20:00:00,0.004232828039762995
2018-11-17 21:00:00,0.0046861980565677955
2018-11-17 22:00:00,0.009603740046676705
2018-11-17 23:00:00,0.006279156499210395
2018-11-18 00:00:00,0.01563257179328704
2018-11-18 01:00:00,0.008497732121105467
2018-11-18 02:00:00,0.004680925994737885
2018-11-18 03:00:00,0.009580737329228425
2018-11-18 04:00:00,0.005620457070501892
2018-11-18 05:00:00,0.013402292136914646
2018-11-18 06:00:00,0.018746960423783144
2018-11-18 07:00:00,0.010579764794800476
2018-11-18 08:00:00,0.006434339301222558
2018-11-18 09:00:00,0.005201254813391193
2018-11-18 10:00:00,0.008510072582183465
2018-11-18 11:00:00,0.009441070351303506
2018-11-18 12:00:00,0.012858072634049327
2018-11-18 13:00:00,0.009682922599357952
2018-11-18 14:00:00,0.008495837671241575
2018-11-18 15:00:00,0.004869670205858816
2018-11-18 16:00:00,0.003599752104565936
2018-11-18 17:00:00,0.005549699373390305
2018-11-18 18:00:00,0.010727611697299019
2018-11-18 19:00:00,0.012964762309912344
2018-11-18 20:00:00,0.006621914504486051
2018-11-18 21:00:00,0.010313777767373413
2018-11-18 22:00:00,0.012635708772524798
2018-11-18 23:00:00,0.00813761909436732
2018-11-19 00:00:00,0.008840125171369062
2018-11-19 01:00:00,0.0024803143759578143
2018-11-19 02:00:00,0.00760786619496301
2018-11-19 03:00:00,0.01136776517631827
2018-11-19 04:00:00,0.009397140742140032
2018-11-19 05:00:00,0.008616435842997362
2018-11-19 06:00:00,0.003660711503101466
2018-11-19 07:00:00,0.013099381790355814
2018-11-19 08:00:00,0.01481257867302688
2018-11-19 09:00:00,0.01478466022837795
2018-11-19 10:00:00,0.014763845782833832
2018-11-19 11:00:00,0.00875702326028997
2018-11-19 12:00:00,0.004010821429713768
2018-11-19 13:00:00,0.009278620807871321
2018-11-19 14:00:00,0.005403424462013291
2018-11-19 15:00:00,0.012857221493892021
2018-11-19 16:00:00,0.007332575011311281
2018-11-19 17:00:00,0.010388244767104902
2018-11-19 18:00:00,0.011138229057331497
2018-11-19 19:00:00,0.010298599680681095
2018-11-19 20:00:00,0.008986803315001657
2018-11-19 21:00:00,0.00397169069402896
2018-11-19 22:00:00,0.019599358699134345
2018-11-19 23:00:00,0.007097679021748956
2018-11-20 00:00:00,0.007479494433941694
2018-11-20 01:00:00,0.011861174552569463
2018-11-20 02:00:00,0.007641664879621356
2018-11-20 03:00:00,0.0065052230884310655
2018-11-20 04:00:00,0.0069572706245141155
2018-11-20 05:00:00,0.006359128629966138
2018-11-20 06:00:00,0.008334008135823516
2018-11-20 07:00:00,0.004865962921116365
2018-11-20 08:00:00,0.006097229739798788
2018-11-20 09:00:00,0.006368401004251883
2018-11-20 10:00:00,0.008689408853764798
2018-11-20 11:00:00,0.014232009365914969
2018-11-20 12:00:00,0.009545927576485671
2018-11-20 13:00:00,0.0088745616065658
2018-11-20 14:00:00,0.0019744136023593043
2018-11-20 15:00:00,0.009621624280616102
2018-11-20 16:00:00,0.034401518058222516
2018-11-20 17:00:00,0.009025412109006675
2018-11-20 18:00:00,0.014090159612475256
2018-11-20 19:00:00,0.0018892180162791404
2018-11-20 20:00:00,0.018612949678490906
2018-11-20 21:00:00,0.019445718384362938
2018-11-20 22:00:00,0.00418177263136319
2018-11-20 23:00:00,0.01106506537094381
2018-11-21 00:00:00,0.011683686481566364
2018-11-21 01:00:00,0.004614739318467796
2018-11-21 02:00:00,0.006401309989765261
2018-11-21 03:00:00,0.04359690094971781
2018-11-21 04:00:00,0.014046383587547345
2018-11-21 05:00:00,0.009030493345878536
2018-11-21 06:00:00,0.019821334427716223
2018-11-21 07:00:00,0.006157066790565714
2018-11-21 08:00:00,0.008770538284279716
2018-11-21 09:00:00,0.005006769054237637
2018-11-21 10:00:00,0.017728542489560087
2018-11-21 11:00:00,0.015708289531425588
2018-11-21 12:00:00,0.0199278223441145
2018-11-21 13:00:00,0.014638120726429851
2018-11-21 14:00:00,0.009069041012528324
2018-11-21 15:00:00,0.028986081900996646
2018-11-21 16:00:00,0.01049130530083716
2018-11-21 17:00:00,0.014413573261098328
2018-11-21 18:00:00,0.00770170897780945
2018-11-21 19:00:00,0.006982167752919137
2018-11-21 20:00:00,0.02301077945184357
2018-11-21 21:00:00,0.015749757509512095
2018-11-21 22:00:00,0.01576855223539302
2018-11-21 23:00:00,0.01575523175543181
2018-11-22 00:00:00,0.015733270863272458
2018-11-22 01:00:00,0.015707435605535985
2018-11-22 02:00:00,0.015968928437149112
2018-11-22 03:00:00,0.013148505322738282
2018-11-22 04:00:00,0.0029658795360369694
2018-11-22 05:00:00,0.0068398825200026575
2018-11-22 06:00:00,0.00914962235081541
2018-11-22 07:00:00,0.008743631436165678
2018-11-22 08:00:00,0.007625675512636287
2018-11-22 09:00:00,0.005778373497826758
2018-11-22 10:00:00,0.01066261520130231
2018-11-22 11:00:00,0.0030270045804007156
2018-11-22 12:00:00,0.00833761838970234
2018-11-22 13:00:00,0.004029430240311235
2018-11-22 14:00:00,0.002796596118580125
2018-11-22 15:00:00,0.009070449555724119
2018-11-22 16:00:00,0.008199156500709764
2018-11-22 17:00:00,0.004454281332556432
2018-11-22 18:00:00,0.008398758775623407
2018-11-22 19:00:00,0.016299596084510044
2018-11-22 20:00:00,0.015074483403898277
2018-11-22 21:00:00,0.027846015943076615
2018-11-22 22:00:00,0.006184405463835993
2018-11-22 23:00:00,0.006470751132337164
2018-11-23 00:00:00,0.012197300111807521
2018-11-23 01:00:00,0.010290074159905236
2018-11-23 02:00:00,0.01178071449067063
2018-11-23 03:00:00,0.014385210144741504
2018-11-23 04:00:00,0.016780253324592605
2018-11-23 05:00:00,0.014650564885571276
2018-11-23 06:00:00,0.013562881929659598
2018-11-23 07:00:00,0.0014799787476326093
2018-11-23 08:00:00,0.03072547930134312
2018-11-23 09:00:00,0.020379152142939404
2018-11-23 10:00:00,0.008102897353446874
2018-11-23 11:00:00,0.03089035296378026
2018-11-23 12:00:00,0.003784340219820163
2018-11-23 13:00:00,0.007118533063946521
2018-11-23 14:00:00,0.005588995736684734
2018-11-23 15:00:00,0.010352809349337733
2018-11-23 16:00:00,0.005464432442509341
2018-11-23 17:00:00,0.007522920132794888
2018-11-23 18:00:00,0.009960544963232103
2018-11-23 19:00:00,0.006159405267935468
2018-11-23 20:00:00,0.0033123180972979495
2018-11-23 21:00:00,0.008462389936797817
2018-11-23 22:00:00,0.009321487826820145
2018-11-23 23:00:00,0.00958005611850854
2018-11-24 00:00:00,0.006644837044092603
2018-11-24 01:00:00,0.010887400464580994
2018-11-24 02:00:00,0.006683195733946337
2018-11-24 03:00:00,0.00914931213859865
2018-11-24 04:00:00,0.007805833961238951
2018-11-24 05:00:00,0.010908619054639168
2018-11-24 06:00:00,0.012351287791659215
2018-11-24 07:00:00,0.012480569386510081
2018-11-24 08:00:00,0.012540492310094771
2018-11-24 09:00:00,0.0035964229158129543
2018-11-24 10:00:00,0.01075570876480485
2018-11-24 11:00:00,0.024779235588719473
2018-11-24 12:00:00,0.0079310968741645
2018-11-24 13:00:00,0.003038546594791563
2018-11-24 14:00:00,0.011595734451587677
2018-11-24 15:00:00,0.0425216290243851
2018-11-24 16:00:00,0.01077547709435405
2018-11-24 17:00:00,0.0030791057942360462
2018-11-24 18:00:00,0.0015423950691510703
2018-11-24 19:00:00,0.003705564273436483
2018-11-24 20:00:00,0.008603690616025823
2018-11-24 21:00:00,0.006274619193698088
2018-11-24 22:00:00,0.015293435424365648
2018-11-24 23:00:00,0.007886107147326061
2018-11-25 00:00:00,0.012311587053899634
2018-11-25 01:00:00,0.015182940011615204
2018-11-25 02:00:00,0.004814310538235995
2018-11-25 03:00:00,0.007458273590945725
2018-11-25 04:00:00,0.010913572910140237
2018-11-25 05:00:00,0.00840528765330948
2018-11-25 06:00:00,0.007273875911695191
2018-11-25 07:00:00,0.006782791599628339
2018-11-25 08:00:00,0.00581481474785917
2018-11-25 09:00:00,0.012544093011822405
2018-11-25 10:00:00,0.011189041077398704
2018-11-25 11:00:00,0.003991563978511659
2018-11-25 12:00:00,0.007348312128988216
2018-11-25 13:00:00,0.017727597653052308
2018-11-25 14:00:00,0.006850735325755107
2018-11-25 15:00:00,0.009118652222225899
2018-11-25 16:00:00,0.009728665745472103
2018-11-25 17:00:00,0.003984485976931536
2018-11-25 18:00:00,0.005793763665262432
2018-11-25 19:00:00,0.013159243424165383
2018-11-25 20:00:00,0.009023748625581956
2018-11-25 21:00:00,0.012092022785615513
2018-11-25 22:00:00,0.014422899493418974
2018-11-25 23:00:00,0.005124862112932077
2018-11-26 00:00:00,0.005276927198307422
2018-11-26 01:00:00,0.010989251846172757
2018-11-26 02:00:00,0.00504400900755228
2018-11-26 03:00:00,0.011964065533801038
2018-11-26 04:00:00,0.006558794955345093
2018-11-26 05:00:00,0.004389378837873138
2018-11-26 06:00:00,0.0031776069167603577
2018-11-26 07:00:00,0.0051596167832093495
2018-11-26 08:00:00,0.003591053220642299
2018-11-26 09:00:00,0.010406584797856389
2018-11-26 10:00:00,0.005575949330951036
2018-11-26 11:00:00,0.012548636044312056
2018-11-26 12:00:00,0.009237113053655516
2018-11-26 13:00:00,0.013552123553573778
2018-11-26 14:00:00,0.0036441752532284893
2018-11-26 15:00:00,0.004780823990766573
2018-11-26 16:00:00,0.00888515300386026
2018-11-26 17:00:00,0.0017817795131837917
2018-11-26 18:00:00,0.2643177288863886
2018-11-26 19:00:00,0.008374695540309996
2018-11-26 20:00:00,0.008547613105248751
2018-11-26 21:00:00,0.008668834163205128
2018-11-26 22:00:00,0.008776604817924945
2018-11-26 23:00:00,0.008878835072283342
2018-11-27 00:00:00,0.012500099955953716
2018-11-27 01:00:00,0.005418997830648715
2018-11-27 02:00:00,0.010261102951183754
2018-11-27 03:00:00,0.012592150112890228
2018-11-27 04:00:00,0.00867836204587574
2018-11-27 05:00:00,0.006660581056642792
2018-11-27 06:00:00,0.004751996203784849
2018-11-27 07:00:00,0.01247430220351421
2018-11-27 08:00:00,0.010063374952562168
2018-11-27 09:00:00,0.013520314401990727
2018-11-27 10:00:00,0.0076188214350161355
2018-11-27 11:00:00,0.005301704460000609
2018-11-27 12:00:00,0.01655172123085443
2018-11-27 13:00:00,0.01318095651053081
2018-11-27 14:00:00,0.007280329981829432
2018-11-27 15:00:00,0.007385433182871993
2018-11-27 16:00:00,0.006565296361736491
2018-11-27 17:00:00,0.006987487025979573
2018-11-27 18:00:00,0.00846338598220408
2018-11-27 19:00:00,0.01398082910381219
2018-11-27 20:00:00,0.005004597861348304
2018-11-27 21:00:00,0.009909188544064734
2018-11-27 22:00:00,0.0069084401932666805
2018-11-27 23:00:00,0.008409138184421669
2018-11-28 00:00:00,0.00430860728878461
2018-11-28 01:00:00,0.005792697017101526
2018-11-28 02:00:00,0.007848008508328834
2018-11-28 03:00:00,0.007065952181455502
2018-11-28 04:00:00,0.009781477136776032
2018-11-28 05:00:00,0.010176632479807409
2018-11-28 06:00:00,0.013302640508840165
2018-11-28 07:00:00,0.017610346800387047
2018-11-28 08:00:00,0.009781033203449346
2018-11-28 09:00:00,0.003207133061043166
2018-11-28 10:00:00,0.007573311650867926
2018-11-28 11:00:00,0.011929712402511053
2018-11-28 12:00:00,0.010970342490053799
2018-11-28 13:00:00,0.03798842524391228
2018-11-28 14:00:00,0.009642759256196069
2018-11-28 15:00:00,0.007689610007517524
2018-11-28 16:00:00,0.00825712970336459
2018-11-28 17:00:00,0.015594601246573062
2018-11-28 18:00:00,0.004623506947869002
2018-11-28 19:00:00,0.0313466499732135
2018-11-28 20:00:00,0.0065662014823800055
2018-11-28 21:00:00,0.016141946513179697
2018-11-28 22:00:00,0.0027477202743836047
2018-11-28 23:00:00,0.002490630194710361
2018-11-29 00:00:00,0.01575566277739909
2018-11-29 01:00:00,0.012608960247224632
2018-11-29 02:00:00,0.009702661921732962
2018-11-29 03:00:00,0.006828795538077421
2018-11-29 04:00:00,0.009682635883711072
2018-11-29 05:00:00,0.009855898415745329
2018-11-29 06:00:00,0.009969259310985667
2018-11-29 07:00:00,0.0036833666357473454
2018-11-29 08:00:00,0.0061644709774963625
2018-11-29 09:00:00,0.007805968104710304
2018-11-29 10:00:00,0.007031969011913006
2018-11-29 11:00:00,0.007584542479479882
2018-11-29 12:00:00,0.011029169205753104
2018-11-29 13:00:00,0.001594288532697933
2018-11-29 14:00:00,0.01672592442613431
2018-11-29 15:00:00,0.005737335908039831
2018-11-29 16:00:00,0.006960228160573526
2018-11-29 17:00:00,0.0071900858852414085
2018-11-29 18:00:00,0.03659847226547831
2018-11-29 19:00:00,0.007085583734820556
2018-11-29 20:00:00,0.009396930545634091
2018-11-29 21:00:00,0.010610513721169428
2018-11-29 22:00:00,0.003480586862166142
2018-11-29 23:00:00,0.008941593100300507
2018-11-30 00:00:00,0.021665618632685745
2018-11-30 01:00:00,0.011588921462130268
2018-11-30 02:00:00,0.0021804459483100278
2018-11-30 03:00:00,0.02155045025015438
2018-11-30 04:00:00,0.00600814428732397
2018-11-30 05:00:00,0.009242152819397482
2018-11-30 06:00:00,0.00990705976346898
2018-11-30 07:00:00,0.007305643506231887
2018-11-30 08:00:00,0.010046579072132713
2018-11-30 09:00:00,0.02469611434395676
2018-11-30 10:00:00,0.004863697012507075
2018-11-30 11:00:00,0.0035732363307744586
2018-11-30 12:00:00,0.0070649442634459205
2018-11-30 13:00:00,0.005059463576282928
2018-11-30 14:00:00,0.010011600084093656
2018-11-30 15:00:00,0.013432274578030132
2018-11-30 16:00:00,0.0029395216940540625
2018-11-30 17:00:00,0.008050258730705457
2018-11-30 18:00:00,0.011205884092535461
2018-11-30 19:00:00,0.005357363816545026
2018-11-30 20:00:00,0.01930780867877316
2018-11-30 21:00:00,0.008407004814459343
2018-11-30 22:00:00,0.009460766767685118
2018-11-30 23:00:00,0.007479470030227591
2018-12-01 00:00:00,0.006575379552649709
2018-12-01 01:00:00,0.0036055753281305503
2018-12-01 02:00:00,0.014623923740250861
2018-12-01 03:00:00,0.004967746433665848
2018-12-01 04:00:00,0.005885118638305436
2018-12-01 05:00:00,0.022204297388521248
2018-12-01 06:00:00,0.00870063630817411
2018-12-01 07:00:00,0.010325806821986201
2018-12-01 08:00:00,0.00877901317529064
2018-12-01 09:00:00,0.006597563277556454
2018-12-01 10:00:00,0.013173939531888132
2018-12-01 11:00:00,0.01765241091785769
2018-12-01 12:00:00,0.012766789776375034
2018-12-01 13:00:00,0.01903949147934228
2018-12-01 14:00:00,0.010020441711263872
2018-12-01 15:00:00,0.0032382815862475158
2018-12-01 16:00:00,0.00641790976753163
2018-12-01 17:00:00,0.008818602868317423
2018-12-01 18:00:00,0.009057887190576463
2018-12-01 19:00:00,0.009229022090632966
2018-12-01 20:00:00,0.009378513208612554
2018-12-01 21:00:00,0.00951647854570741
2018-12-01 22:00:00,0.02317571669982014
2018-12-01 23:00:00,0.013748741063683956
2018-12-02 00:00:00,0.007999805860079099
2018-12-02 01:00:00,0.006359548138482567
2018-12-02 02:00:00,0.011345843197974874
2018-12-02 03:00:00,0.009665697856212662
2018-12-02 04:00:00,0.005734520760777464
2018-12-02 05:00:00,0.0029080699661813885
2018-12-02 06:00:00,0.04011483738304938
2018-12-02 07:00:00,0.017412182315352354
2018-12-02 08:00:00,0.0025912226371633093
2018-12-02 09:00:00,0.01048179610249893
2018-12-02 10:00:00,0.004755645452648128
2018-12-02 11:00:00,0.006830869617342949
2018-12-02 12:00:00,0.016791967836796273
2018-12-02 13:00:00,0.01301185129294461
2018-12-02 14:00:00,0.02329596200313975
2018-12-02 15:00:00,0.0007542957269635398
2018-12-02 16:00:00,0.017100588626003273
2018-12-02 17:00:00,0.013343013691662494
2018-12-02 18:00:00,0.022705851789203736
2018-12-02 19:00:00,0.010337928929630797
2018-12-02 20:00:00,0.007564256717718336
2018-12-02 21:00:00,0.019123619881959313
2018-12-02 22:00:00,0.010714264545815063
2018-12-02 23:00:00,0.01536420781226754
2018-12-03 00:00:00,0.00911645982502563
2018-12-03 01:00:00,0.00908206122300392
2018-12-03 02:00:00,0.010273267489567415
2018-12-03 03:00:00,0.010321049821224908
2018-12-03 04:00:00,0.008729473341161564
2018-12-03 05:00:00,0.006472495184364788
2018-12-03 06:00:00,0.014904746373069636
2018-12-03 07:00:00,0.006228350521307172
2018-12-03 08:00:00,0.005204893716297109
2018-12-03 09:00:00,0.011107993871100617
2018-12-03 10:00:00,0.013574965319516762
2018-12-03 11:00:00,0.021560695213897425
2018-12-03 12:00:00,0.006298240781441309
2018-12-03 13:00:00,0.005329352898776407
2018-12-03 14:00:00,0.00941593369570146
2018-12-03 15:00:00,0.004269057655365593
2018-12-03 16:00:00,0.006976154559846921
2018-12-03 17:00:00,0.01980280542364915
2018-12-03 18:00:00,0.013712678292222183
2018-12-03 19:00:00,0.015734526099744895
2018-12-03 20:00:00,0.007368432297628664
2018-12-03 21:00:00,0.010035815716014813
2018-12-03 22:00:00,0.007717954230942638
2018-12-03 23:00:00,0.005377178390036223
2018-12-04 00:00:00,0.00819190309326185
2018-12-04 01:00:00,0.002694255976572191
2018-12-04 02:00:00,0.007229967236286165
2018-12-04 03:00:00,0.007496151563945547
2018-12-04 04:00:00,0.007690353692881917
2018-12-04 05:00:00,0.009020019594350937
2018-12-04 06:00:00,0.007729963034630744
2018-12-04 07:00:00,0.008359544383111508
2018-12-04 08:00:00,0.00907038588603569
2018-12-04 09:00:00,0.01119245259976881
2018-12-04 10:00:00,0.008250892099861346
2018-12-04 11:00:00,0.007047817021421638
2018-12-04 12:00:00,0.0058165274113476245
2018-12-04 13:00:00,0.009246335882083675
2018-12-04 14:00:00,0.013504291841810024
2018-12-04 15:00:00,0.013308948657294938
2018-12-04 16:00:00,0.015881151706839246
2018-12-04 17:00:00,0.010778176220470588
2018-12-04 18:00:00,0.011425826757049576
2018-12-04 19:00:00,0.004634753796740315
2018-12-04 20:00:00,0.006430085290607809
2018-12-04 21:00:00,0.014785710502554365
2018-12-04 22:00:00,0.01744140190373591
2018-12-04 23:00:00,0.009505867990656003
2018-12-05 00:00:00,0.010373326828090232
2018-12-05 01:00:00,0.010907838262653336
2018-12-05 02:00:00,0.010744142502927101
2018-12-05 03:00:00,0.007187603603401116
2018-12-05 04:00:00,0.010421158446131205
2018-12-05 05:00:00,0.005868591413948329
2018-12-05 06:00:00,0.003989656192582733
2018-12-05 07:00:00,0.0066585466052175865
2018-12-05 08:00:00,0.011707721743930075
2018-12-05 09:00:00,0.007951652219725604
2018-12-05 10:00:00,0.005469518865532204
2018-12-05 11:00:00,0.007380718371844124
2018-12-05 12:00:00,0.007902502389959454
2018-12-05 13:00:00,0.011349951549075029
2018-12-05 14:00:00,0.02590754499833634
2018-12-05 15:00:00,0.006158736780462797
2018-12-05 16:00:00,0.002049731923068975
2018-12-05 17:00:00,0.017489055705738964
2018-12-05 18:00:00,0.02443679467842837
2018-12-05 19:00:00,0.00588174451831628
2018-12-05 20:00:00,0.006982473742502865
2018-12-05 21:00:00,0.0028438959374980166
2018-12-05 22:00:00,0.010237386429040301
2018-12-05 23:00:00,0.00785061056256372
2018-12-06 00:00:00,0.003366906620564564
2018-12-06 01:00:00,0.006227795136836701
2018-12-06 02:00:00,0.0074898223528912875
2018-12-06 03:00:00,0.04278302580944851
2018-12-06 04:00:00,0.03483732895289038
2018-12-06 05:00:00,0.006368500162690024
2018-12-06 06:00:00,0.021333106647017944
2018-12-06 07:00:00,0.0248775739113136
2018-12-06 08:00:00,0.023398192363019578
2018-12-06 09:00:00,0.003865263851435313
2018-12-06 10:00:00,0.02910023030559216
2018-12-06 11:00:00,0.009900231382107593
2018-12-06 12:00:00,0.0241065877601391
2018-12-06 13:00:00,0.009625430538129282
2018-12-06 14:00:00,0.006615527941437476
2018-12-06 15:00:00,0.00877382381158908
2018-12-06 16:00:00,0.008997538156882028
2018-12-06 17:00:00,0.009157187891828794
2018-12-06 18:00:00,0.009297454085540308
2018-12-06 19:00:00,0.009428009837338035
2018-12-06 20:00:00,0.013025856509704037
2018-12-06 21:00:00,0.038015614976255815
2018-12-06 22:00:00,0.015295810510945213
2018-12-06 23:00:00,0.012512320469364496
2018-12-07 00:00:00,0.01841656223966714
2018-12-07 01:00:00,0.014986785819028327
2018-12-07 02:00:00,0.007385933248602562
2018-12-07 03:00:00,0.005799375636606424
2018-12-07 04:00:00,0.014913326631128269
2018-12-07 05:00:00,0.008115794173431676
2018-12-07 06:00:00,0.015285039031254232
2018-12-07 07:00:00,0.006988748601071827
2018-12-07 08:00:00,0.006469971816115893
2018-12-07 09:00:00,0.01269580780555549
2018-12-07 10:00:00,0.01143027480395869
2018-12-07 11:00:00,0.01391318919926606
2018-12-07 12:00:00,0.009525843022480843
2018-12-07 13:00:00,0.01764251120187149
2018-12-07 14:00:00,0.008296308766679032
2018-12-07 15:00:00,0.006240436174268566
2018-12-07 16:00:00,0.010713842240600107
2018-12-07 17:00:00,0.02029534530053698
2018-12-07 18:00:00,0.008030324165919393
2018-12-07 19:00:00,0.008263120799537267
2018-12-07 20:00:00,0.036467204311845865
2018-12-07 21:00:00,0.006044815183433497
2018-12-07 22:00:00,0.009907625101931867
2018-12-07 23:00:00,0.012069467149516016
2018-12-08 00:00:00,0.024552992578553094
2018-12-08 01:00:00,0.010639699785547631
2018-12-08 02:00:00,0.012575812015318353
2018-12-08 03:00:00,0.00867740778835322
2018-12-08 04:00:00,0.019602031094683347
2018-12-08 05:00:00,0.00839304048450883
2018-12-08 06:00:00,0.00939555079486978
2018-12-08 07:00:00,0.003872876985252986
2018-12-08 08:00:00,0.01043204750461183
2018-12-08 09:00:00,0.01298150085461589
2018-12-08 10:00:00,0.04183204950972698
2018-12-08 11:00:00,0.014733024340143092
2018-12-08 12:00:00,0.012773744757094335
2018-12-08 13:00:00,0.0051401294357608365
2018-12-08 14:00:00,0.014349322696664306
2018-12-08 15:00:00,0.018755974427891325
2018-12-08 16:00:00,0.008675786948394675
2018-12-08 17:00:00,0.009154421149673074
2018-12-08 18:00:00,0.01820873103828964
2018-12-08 19:00:00,0.020913561177714302
2018-12-08 20:00:00,0.023376865771917502
2018-12-08 21:00:00,0.02202652054871902
2018-12-08 22:00:00,0.006352255765715422
2018-12-08 23:00:00,0.018812493034894393
2018-12-09 00:00:00,0.014558668915276525
2018-12-09 01:00:00,0.014690642404238322
2018-12-09 02:00:00,0.014758535970546336
2018-12-09 03:00:00,0.023064676253861358
2018-12-09 04:00:00,0.006608234439555178
2018-12-09 05:00:00,0.006915796669057918
2018-12-09 06:00:00,0.011453134990033295
2018-12-09 07:00:00,0.005659359857313182
2018-12-09 08:00:00,0.010555756609746345
2018-12-09 09:00:00,0.01496839531062865
2018-12-09 10:00:00,0.016333275300938716
2018-12-09 11:00:00,0.01701998747196005
2018-12-09 12:00:00,0.014558856320770761
2018-12-09 13:00:00,0.008687330657637273
2018-12-09 14:00:00,0.0116949865414349
2018-12-09 15:00:00,0.011957090207058789
2018-12-09 16:00:00,0.006720047549575547
2018-12-09 17:00:00,0.005924013519725906
2018-12-09 18:00:00,0.02316284939598261
2018-12-09 19:00:00,0.004082959676068772
2018-12-09 20:00:00,0.01780829800394711
2018-12-09 21:00:00,0.006055881079448941
2018-12-09 22:00:00,0.02893317173850845
2018-12-09 23:00:00,0.004070991246200109
2018-12-10 00:00:00,0.010300313622533567
2018-12-10 01:00:00,0.0132728824184986
2018-12-10 02:00:00,0.03854335286805312
2018-12-10 03:00:00,0.01397281107789304
2018-12-10 04:00:00,0.007514462142450639
2018-12-10 05:00:00,0.03973434389953912
2018-12-10 06:00:00,0.03826631034097162
2018-12-10 07:00:00,0.015302585586851242
2018-12-10 08:00:00,0.010502126306751198
2018-12-10 09:00:00,0.009492041075921354
2018-12-10 10:00:00,0.0089152876439154
2018-12-10 11:00:00,0.006523057455638933
2018-12-10 12:00:00,0.00409423528331758
2018-12-10 13:00:00,0.011676324741811609
2018-12-10 14:00:00,0.01444651298303883
2018-12-10 15:00:00,0.010555649300799129
2018-12-10 16:00:00,0.0031045605325179973
2018-12-10 17:00:00,0.01010082111485938
2018-12-10 18:00:00,0.027107454004836176
2018-12-10 19:00:00,0.00804422250135533
2018-12-10 20:00:00,0.0052272057280829546
2018-12-10 21:00:00,0.01473622339246454
2018-12-10 22:00:00,0.006357800581467564
2018-12-10 23:00:00,0.012545195880364773
2018-12-11 00:00:00,0.006109196740687221
2018-12-11 01:00:00,0.008926134686304104
2018-12-11 02:00:00,0.024659604258664085
2018-12-11 03:00:00,0.01694385362874946
2018-12-11 04:00:00,0.05265857380652259
2018-12-11 05:00:00,0.008321054841858872
2018-12-11 06:00:00,0.0236729443345892
2018-12-11 07:00:00,0.0041544998246773055
2018-12-11 08:00:00,0.042267911650005104
2018-12-11 09:00:00,0.007926815081497935
2018-12-11 10:00:00,0.01267562485933932
2018-12-11 11:00:00,0.010519982371379712
2018-12-11 12:00:00,0.015325296958311809
2018-12-11 13:00:00,0.01714532905421361
2018-12-11 14:00:00,0.01723158769541336
2018-12-11 15:00:00,0.01725944966502649
2018-12-11 16:00:00,0.017270327894702727
2018-12-11 17:00:00,0.01727326849917575
2018-12-11 18:00:00,0.01179784291481759
2018-12-11 19:00:00,0.016831734457820113
2018-12-11 20:00:00,0.006874086153739468
2018-12-11 21:00:00,0.0077467390886344495
2018-12-11 22:00:00,0.008257507082442515
2018-12-11 23:00:00,0.01822638452469628
2018-12-12 00:00:00,0.0055055934113912245
2018-12-12 01:00:00,0.0101032019521024
2018-12-12 02:00:00,0.016426937782795737
2018-12-12 03:00:00,0.009735213907197273
2018-12-12 04:00:00,0.002578668258545236
2018-12-12 05:00:00,0.006829285771267353
2018-12-12 06:00:00,0.011275719839049285
2018-12-12 07:00:00,0.009086477620493617
2018-12-12 08:00:00,0.012791774467068988
2018-12-12 09:00:00,0.005458258499398221
2018-12-12 10:00:00,0.018522909912235663
2018-12-12 11:00:00,0.011292647156270645
2018-12-12 12:00:00,0.008686716543857675
2018-12-12 13:00:00,0.0035902389692942143
2018-12-12 14:00:00,0.011927204895884688
2018-12-12 15:00:00,0.008561120798518755
2018-12-12 16:00:00,0.015379927582265552
2018-12-12 17:00:00,0.013500167087398667
2018-12-12 18:00:00,0.015480161489452861
2018-12-12 19:00:00,0.009306624775411805
2018-12-12 20:00:00,0.0075907091131594134
2018-12-12 21:00:00,0.012932999544755602
2018-12-12 22:00:00,0.008127707054745553
2018-12-12 23:00:00,0.04494144588786826
2018-12-13 00:00:00,0.012481051990634985
2018-12-13 01:00:00,0.00459312880570532
2018-12-13 02:00:00,0.03716977615753557
2018-12-13 03:00:00,0.03067834445005116
2018-12-13 04:00:00,0.030007314309087176
2018-12-13 05:00:00,0.00580813066899272
2018-12-13 06:00:00,0.005712181602012894
2018-12-13 07:00:00,0.013974386418087865
2018-12-13 08:00:00,0.04801687515170824
2018-12-13 09:00:00,0.00609123529519308
2018-12-13 10:00:00,0.012083187798944428
2018-12-13 11:00:00,0.009459849391172096
2018-12-13 12:00:00,0.006149216474273451
2018-12-13 13:00:00,0.015331154776051228
2018-12-13 14:00:00,0.02314743214677204
2018-12-13 15:00:00,0.00804589836598372
2018-12-13 16:00:00,0.009072535163955458
2018-12-13 17:00:00,0.02663240425016752
2018-12-13 18:00:00,0.009501059095204777
2018-12-13 19:00:00,0.009056271467097704
2018-12-13 20:00:00,0.0053987790515576785
2018-12-13 21:00:00,0.0480694405655082
2018-12-13 22:00:00,0.01576604642947789
2018-12-13 23:00:00,0.01590800311591467
2018-12-14 00:00:00,0.015997809831697067
2018-12-14 01:00:00,0.011173032037227928
2018-12-14 02:00:00,0.013209338897349729
2018-12-14 03:00:00,0.010107430232843091
2018-12-14 04:00:00,0.003990706100963257
2018-12-14 05:00:00,0.019285804079905083
2018-12-14 06:00:00,0.015807548067552725
2018-12-14 07:00:00,0.006669636173334308
2018-12-14 08:00:00,0.003526131107901759
2018-12-14 09:00:00,0.015573849486595839
2018-12-14 10:00:00,0.0064380505932919874
2018-12-14 11:00:00,0.007865328820454563
2018-12-14 12:00:00,0.02079933790063049
2018-12-14 13:00:00,0.005166428472862534
2018-12-14 14:00:00,0.008025897288213594
2018-12-14 15:00:00,0.013013647037259435
2018-12-14 16:00:00,0.006941200014625042
2018-12-14 17:00:00,0.005356021698869785
2018-12-14 18:00:00,0.026601586441681323
2018-12-14 19:00:00,0.01102595281292557
2018-12-14 20:00:00,0.008491337619920939
2018-12-14 21:00:00,0.012387418984356427
2018-12-14 22:00:00,0.018240118950807814
2018-12-14 23:00:00,0.009765351322054848
2018-12-15 00:00:00,0.004412984088345785
2018-12-15 01:00:00,0.010341953574316727
2018-12-15 02:00:00,0.007686531126957764
2018-12-15 03:00:00,0.0021074515437700028
2018-12-15 04:00:00,0.004329426007909378
2018-12-15 05:00:00,0.012875552247231201
2018-12-15 06:00:00,0.015640166727469446
2018-12-15 07:00:00,0.011766851784848134
2018-12-15 08:00:00,0.009767391286613886
2018-12-15 09:00:00,0.008911326964263422
2018-12-15 10:00:00,0.00395807239749185
2018-12-15 11:00:00,0.010839865545332183
2018-12-15 12:00:00,0.056060176419013875
2018-12-15 13:00:00,0.009579205344156712
2018-12-15 14:00:00,0.008374691879454142
2018-12-15 15:00:00,0.02540069571664284
2018-12-15 16:00:00,0.01838576658541301
2018-12-15 17:00:00,0.025024673933575842
2018-12-15 18:00:00,0.004459255058483314
2018-12-15 19:00:00,0.009490069528545073
2018-12-15 20:00:00,0.025378185245511713
2018-12-15 21:00:00,0.009594024798342855
2018-12-15 22:00:00,0.019952275178508984
2018-12-15 23:00:00,0.026421167128049632
2018-12-16 00:00:00,0.02630726826087374
2018-12-16 01:00:00,0.015291107793714129
2018-12-16 02:00:00,0.020694680834782868
2018-12-16 03:00:00,0.016204918895087565
2018-12-16 04:00:00,0.015857012519264174
2018-12-16 05:00:00,0.045578376663161606
2018-12-16 06:00:00,0.016488919196759644
2018-12-16 07:00:00,0.029455026734552754
2018-12-16 08:00:00,0.012717777054415593
2018-12-16 09:00:00,0.037182971973473644
2018-12-16 10:00:00,0.014175933821062272
2018-12-16 11:00:00,0.015611571148448664
2018-12-16 12:00:00,0.01578931608376918
2018-12-16 13:00:00,0.01591811540949151
2018-12-16 14:00:00,0.016030076062880684
2018-12-16 15:00:00,0.016132309576672194
2018-12-16 16:00:00,0.02948931560374482
2018-12-16 17:00:00,0.018340722222260734
2018-12-16 18:00:00,0.02291346273369347
2018-12-16 19:00:00,0.013025280178592223
2018-12-16 20:00:00,0.050151941342404735
2018-12-16 21:00:00,0.0022903805408506592
2018-12-16 22:00:00,0.01547488283798394
2018-12-16 23:00:00,0.015196337284249115
2018-12-17 00:00:00,0.03261434542117498
2018-12-17 01:00:00,0.016160480565193303
2018-12-17 02:00:00,0.002814656044680968
2018-12-17 03:00:00,0.013570574300483806
2018-12-17 04:00:00,0.021668775283043257
2018-12-17 05:00:00,0.0047025531403036185
2018-12-17 06:00:00,0.011126980671364545
2018-12-17 07:00:00,0.017076713051642406
2018-12-17 08:00:00,0.015924818112286115
2018-12-17 09:00:00,0.006208407682226725
2018-12-17 10:00:00,0.017999543290687557
2018-12-17 11:00:00,0.012395551220524109
2018-12-17 12:00:00,0.014354529818362487
2018-12-17 13:00:00,0.00867427187086276
2018-12-17 14:00:00,0.0020788858283367676
2018-12-17 15:00:00,0.021726285844484914
2018-12-17 16:00:00,0.006949274929800751
2018-12-17 17:00:00,0.007278491697493766
2018-12-17 18:00:00,0.019365928210501124
2018-12-17 19:00:00,0.035314916111382766
2018-12-17 20:00:00,0.012051923303259486
2018-12-17 21:00:00,0.012187970397162575
2018-12-17 22:00:00,0.012390515867523367
2018-12-17 23:00:00,0.010219233976175381
2018-12-18 00:00:00,0.010230260277071794
2018-12-18 01:00:00,0.007166503535401098
2018-12-18 02:00:00,0.00958365904326929
2018-12-18 03:00:00,0.008735247722557698
2018-12-18 04:00:00,0.014784113355144712
2018-12-18 05:00:00,0.012902822841889544
2018-12-18 06:00:00,0.03142570434312754
2018-12-18 07:00:00,0.014086430032187791
2018-12-18 08:00:00,0.019744117887967403
2018-12-18 09:00:00,0.01956224847524609
2018-12-18 10:00:00,0.012854325061339955
2018-12-18 11:00:00,0.028298225055895843
2018-12-18 12:00:00,0.00800814807491182
2018-12-18 13:00:00,0.018620179576020406
2018-12-18 14:00:00,0.022216174796985372
2018-12-18 15:00:00,0.023956590352591543
2018-12-18 16:00:00,0.011404887400781785
2018-12-18 17:00:00,0.007589527204826023
2018-12-18 18:00:00,0.006417951361758033
2018-12-18 19:00:00,0.023852101470870395
2018-12-18 20:00:00,0.012162913770497592
2018-12-18 21:00:00,0.012340796342343642
2018-12-18 22:00:00,0.012478782763226766
2018-12-18 23:00:00,0.008517259649693416
2018-12-19 00:00:00,0.010617087279756434
2018-12-19 01:00:00,0.016911770467310953
2018-12-19 02:00:00,0.00552949076082402
2018-12-19 03:00:00,0.04363197195551919
2018-12-19 04:00:00,0.01457075621293358
2018-12-19 05:00:00,0.029721710979431226
2018-12-19 06:00:00,0.013756470009045384
2018-12-19 07:00:00,0.021271392150017436
2018-12-19 08:00:00,0.01948721495473082
2018-12-19 09:00:00,0.011537393623779878
2018-12-19 10:00:00,0.013546753959041338
2018-12-19 11:00:00,0.01088725249596293
2018-12-19 12:00:00,0.009790818586040017
2018-12-19 13:00:00,0.023173720501674766
2018-12-19 14:00:00,0.025764136918410875
2018-12-19 15:00:00,0.04398603004468388
2018-12-19 16:00:00,0.020068934572403465
2018-12-19 17:00:00,0.009545571005766624
2018-12-19 18:00:00,0.028700912108310304
2018-12-19 19:00:00,0.01645567218888413
2018-12-19 20:00:00,0.01489012808156572
2018-12-19 21:00:00,0.007275050698438175
2018-12-19 22:00:00,0.016208425280692988
2018-12-19 23:00:00,0.025867396062963694
2018-12-20 00:00:00,0.028903564135273382
2018-12-20 01:00:00,0.042033751743482076
2018-12-20 02:00:00,0.011924551786086276
2018-12-20 03:00:00,0.028294845741492967
2018-12-20 04:00:00,0.034819831254473445
2018-12-20 05:00:00,0.004304120272991659
2018-12-20 06:00:00,0.004141827031937188
2018-12-20 07:00:00,0.02430796843095002
2018-12-20 08:00:00,0.006862130789046438
2018-12-20 09:00:00,0.020658479228672016
2018-12-20 10:00:00,0.020186381741477626
2018-12-20 11:00:00,0.010597034575246259
2018-12-20 12:00:00,0.025685971822517722
2018-12-20 13:00:00,0.02712690207528007
2018-12-20 14:00:00,0.009792079212279824
2018-12-20 15:00:00,0.010246932317995578
2018-12-20 16:00:00,0.00779093264336004
2018-12-20 17:00:00,0.014826505161116284
2018-12-20 18:00:00,0.01227579242980178
2018-12-20 19:00:00,0.013254080364945905
2018-12-20 20:00:00,0.01891700819048812
2018-12-20 21:00:00,0.009572008475251578
2018-12-20 22:00:00,0.06996596101224276
2018-12-20 23:00:00,0.010180639172300995
2018-12-21 00:00:00,0.03738182520534423
2018-12-21 01:00:00,0.0636897294597801
2018-12-21 02:00:00,0.04128312929878672
2018-12-21 03:00:00,0.01464244509741546
2018-12-21 04:00:00,0.01789933821182615
2018-12-21 05:00:00,0.05354894737857467
2018-12-21 06:00:00,0.016589107769347754
2018-12-21 07:00:00,0.04786328326041845
2018-12-21 08:00:00,0.008395916175834708
2018-12-21 09:00:00,0.009601901025067527
2018-12-21 10:00:00,0.009860400984148907
2018-12-21 11:00:00,0.010082548176890048
2018-12-21 12:00:00,0.010295514973838472
2018-12-21 13:00:00,0.010504546810615452
2018-12-21 14:00:00,0.008767862859028672
2018-12-21 15:00:00,0.009821179179846592
2018-12-21 16:00:00,0.00492969923564599
2018-12-21 17:00:00,0.04222019748679596
2018-12-21 18:00:00,0.02599041311525021
2018-12-21 19:00:00,0.033812225004292935
2018-12-21 20:00:00,0.018452650475722317
2018-12-21 21:00:00,0.018929721336212638
2018-12-21 22:00:00,0.01854853381340016
2018-12-21 23:00:00,0.02154687632239124
2018-12-22 00:00:00,0.008419291441472923
2018-12-22 01:00:00,0.04730316753478589
2018-12-22 02:00:00,0.018564948082991452
2018-12-22 03:00:00,0.02058505182960224
2018-12-22 04:00:00,0.018712285950944263
2018-12-22 05:00:00,0.08664144566982812
2018-12-22 06:00:00,0.033365312855449386
2018-12-22 07:00:00,0.015210635804461609
2018-12-22 08:00:00,0.047552908308156894
2018-12-22 09:00:00,0.013916396594947734
2018-12-22 10:00:00,0.012397923149213126
2018-12-22 11:00:00,0.025729240955129934
2018-12-22 12:00:00,0.019263069570137917
2018-12-22 13:00:00,0.043336291403080575
2018-12-22 14:00:00,0.029776489730575666
2018-12-22 15:00:00,0.01734899556205928
2018-12-22 16:00:00,0.020680481274440648
2018-12-22 17:00:00,0.019509816169971682
2018-12-22 18:00:00,0.012607143479562936
2018-12-22 19:00:00,0.0332409965212556
2018-12-22 20:00:00,0.01721661508261782
2018-12-22 21:00:00,0.04830511899578153
2018-12-22 22:00:00,0.02383954387073672
2018-12-22 23:00:00,0.013540173901311054
2018-12-23 00:00:00,0.012825377899095587
2018-12-23 01:00:00,0.03311906296254591
2018-12-23 02:00:00,0.037396879030524556
2018-12-23 03:00:00,0.01389242014699115
2018-12-23 04:00:00,0.025662225340025425
2018-12-23 05:00:00,0.05277489366690982
2018-12-23 06:00:00,0.010537937194105083
2018-12-23 07:00:00,0.009386788639799208
2018-12-23 08:00:00,0.019467287025722712
2018-12-23 09:00:00,0.02951901689908083
2018-12-23 10:00:00,0.04369448560258275
2018-12-23 11:00:00,0.03752659112553416
2018-12-23 12:00:00,0.015563709716649521
2018-12-23 13:00:00,0.015708706311409245
2018-12-23 14:00:00,0.008979665271025497
2018-12-23 15:00:00,0.086698996453607
2018-12-23 16:00:00,0.024581840485545303
2018-12-23 17:00:00,0.024738038457909062
2018-12-23 18:00:00,0.009329657367329013
2018-12-23 19:00:00,0.009729434549978903
2018-12-23 20:00:00,0.010068527416716063
2018-12-23 21:00:00,0.026660277253262456
2018-12-23 22:00:00,0.010585428834186826
2018-12-23 23:00:00,0.043726553296585646
2018-12-24 00:00:00,0.01960254154107327
2018-12-24 01:00:00,0.02402378280055147
2018-12-24 02:00:00,0.011150407403612244
2018-12-24 03:00:00,0.03900175196488107
2018-12-24 04:00:00,0.045236558223620174
2018-12-24 05:00:00,0.014807128922182129
2018-12-24 06:00:00,0.02239850061646561
2018-12-24 07:00:00,0.013104675301207128
2018-12-24 08:00:00,0.012396580912859301
2018-12-24 09:00:00,0.01709274082524514
2018-12-24 10:00:00,0.04549076636457958
2018-12-24 11:00:00,0.03920155034466748
2018-12-24 12:00:00,0.015226221485969903
2018-12-24 13:00:00,0.019808903615761164
2018-12-24 14:00:00,0.018717644027156175
2018-12-24 15:00:00,0.02245962875567916
2018-12-24 16:00:00,0.02397103646209636
2018-12-24 17:00:00,0.012537649517383216
2018-12-24 18:00:00,0.020969858205723918
2018-12-24 19:00:00,0.007109799530412639
2018-12-24 20:00:00,0.01648499662757919
2018-12-24 21:00:00,0.0031271092067351935
2018-12-24 22:00:00,0.04543967583549826
2018-12-24 23:00:00,0.03045711587793527
2018-12-25 00:00:00,0.006601978966713187
2018-12-25 01:00:00,0.012778791820911795
2018-12-25 02:00:00,0.02586355914752907
2018-12-25 03:00:00,0.04629491589003356
2018-12-25 04:00:00,0.060249462253686624
2018-12-25 05:00:00,0.02279490316274587
2018-12-25 06:00:00,0.008845444920234424
2018-12-25 07:00:00,0.017562447895094507
2018-12-25 08:00:00,0.015741874519583466
2018-12-25 09:00:00,0.021506724390215285
2018-12-25 10:00:00,0.016821659091147207
2018-12-25 11:00:00,0.02481238973262365
2018-12-25 12:00:00,0.01030881165296031
2018-12-25 13:00:00,0.022437728232831636
2018-12-25 14:00:00,0.020922896875990134
2018-12-25 15:00:00,0.006316445582696812
2018-12-25 16:00:00,0.042248240807904514
2018-12-25 17:00:00,0.05066204561983647
2018-12-25 18:00:00,0.02574639439104573
2018-12-25 19:00:00,0.02684144654189962
2018-12-25 20:00:00,0.06052574903499618
2018-12-25 21:00:00,0.022028223316998014
2018-12-25 22:00:00,0.06958997837346899
2018-12-25 23:00:00,0.05871361266772707
2018-12-26 00:00:00,0.03207003810159232
2018-12-26 01:00:00,0.006577212000234498
2018-12-26 02:00:00,0.08311001817809265
2018-12-26 03:00:00,0.02133572792842321
2018-12-26 04:00:00,0.012483691860712163
2018-12-26 05:00:00,0.013699846133918843
2018-12-26 06:00:00,0.015510321779602886
2018-12-26 07:00:00,0.015842948160741634
2018-12-26 08:00:00,0.016110477370445637
2018-12-26 09:00:00,0.01635441002812807
2018-12-26 10:00:00,0.01658400093840668
2018-12-26 11:00:00,0.023957547429840523
2018-12-26 12:00:00,0.04593249353299721
2018-12-26 13:00:00,0.014380486914911105
2018-12-26 14:00:00,0.053686156713563596
2018-12-26 15:00:00,0.0365284461469885
2018-12-26 16:00:00,0.04278980300401441
2018-12-26 17:00:00,0.008139178724160076
2018-12-26 18:00:00,0.019520325557283762
2018-12-26 19:00:00,0.0522117273922548
2018-12-26 20:00:00,0.036284139461229034
2018-12-26 21:00:00,0.03427681720947747
2018-12-26 22:00:00,0.028834413050806328
2018-12-26 23:00:00,0.016407438525105133
2018-12-27 00:00:00,0.016408874701107468
2018-12-27 01:00:00,0.015527018035672495
2018-12-27 02:00:00,0.025822615338338472
2018-12-27 03:00:00,0.029256795440024744
2018-12-27 04:00:00,0.03476320415610112
2018-12-27 05:00:00,0.027476687638580983
2018-12-27 06:00:00,0.03350332053614043
2018-12-27 07:00:00,0.00858007674645217
2018-12-27 08:00:00,0.07870261362694195
2018-12-27 09:00:00,0.07489285086412066
2018-12-27 10:00:00,0.031369021191696135
2018-12-27 11:00:00,0.01781915067956483
2018-12-27 12:00:00,0.008105163845546449
2018-12-27 13:00:00,0.03656336213650642
2018-12-27 14:00:00,0.017056403351898886
2018-12-27 15:00:00,0.06225561628363262
2018-12-27 16:00:00,0.009304596533890215
2018-12-27 17:00:00,0.033685718746660584
2018-12-27 18:00:00,0.04057462533578907
2018-12-27 19:00:00,0.016574273105363035
2018-12-27 20:00:00,0.042118080651211365
2018-12-27 21:00:00,0.0265221562125667
2018-12-27 22:00:00,0.025481374768499803
2018-12-27 23:00:00,0.03987115969784293
2018-12-28 00:00:00,0.027179333144093966
2018-12-28 01:00:00,0.015429154605787778
2018-12-28 02:00:00,0.018217858493827514
2018-12-28 03:00:00,0.01810885060674918
2018-12-28 04:00:00,0.049188754052889354
2018-12-28 05:00:00,0.01616393912685707
2018-12-28 06:00:00,0.1281634453607574
2018-12-28 07:00:00,0.04783763072356566
2018-12-28 08:00:00,0.025040026601891977
2018-12-28 09:00:00,0.006470947517093658
2018-12-28 10:00:00,0.027944603893289236
2018-12-28 11:00:00,0.01405575323780393
2018-12-28 12:00:00,0.02471238837747096
2018-12-28 13:00:00,0.06473366227592359
2018-12-28 14:00:00,0.022897956305973747
2018-12-28 15:00:00,0.025306148063320773
2018-12-28 16:00:00,0.025488381879338398
2018-12-28 17:00:00,0.02560528670301841
2018-12-28 18:00:00,0.014024502366309354
2018-12-28 19:00:00,0.04116200715574691
2018-12-28 20:00:00,0.01885288435140737
2018-12-28 21:00:00,0.03980398275373571
2018-12-28 22:00:00,0.014562563576015703
2018-12-28 23:00:00,0.01627011735223528
2018-12-29 00:00:00,0.023588707008995572
2018-12-29 01:00:00,0.03646101381425628
2018-12-29 02:00:00,0.056822825948293264
2018-12-29 03:00:00,0.024960975253515472
2018-12-29 04:00:00,0.022901713940232573
2018-12-29 05:00:00,0.01969076036163109
2018-12-29 06:00:00,0.014179890928603368
2018-12-29 07:00:00,0.04222618782478546
2018-12-29 08:00:00,0.00684704778730611
2018-12-29 09:00:00,0.017533619308742917
2018-12-29 10:00:00,0.027057302264876
2018-12-29 11:00:00,0.0450338341616455
2018-12-29 12:00:00,0.02683146178224266
2018-12-29 13:00:00,0.03929193927359689
2018-12-29 14:00:00,0.005953088463541341
2018-12-29 15:00:00,0.028343630444826858
2018-12-29 16:00:00,0.022282982724810607
2018-12-29 17:00:00,0.03270830562713219
2018-12-29 18:00:00,0.0166803323832666
2018-12-29 19:00:00,0.011457647115700789
2018-12-29 20:00:00,0.08131119876430808
2018-12-29 21:00:00,0.020365072233478256
2018-12-29 22:00:00,0.08628136242144797
2018-12-29 23:00:00,0.03653834439767861
2018-12-30 00:00:00,0.037543712190139696
2018-12-30 01:00:00,0.03378807730052316
2018-12-30 02:00:00,0.009157395604604041
2018-12-30 03:00:00,0.05077261562624005
2018-12-30 04:00:00,0.030195866998522534
2018-12-30 05:00:00,0.03759038958847976
2018-12-30 06:00:00,0.012988148404690663
2018-12-30 07:00:00,0.09159735312945558
2018-12-30 08:00:00,0.021633747043970062
2018-12-30 09:00:00,0.012263985809202179
2018-12-30 10:00:00,0.05989671932313532
2018-12-30 11:00:00,0.01172814116565682
2018-12-30 12:00:00,0.0347832539459223
2018-12-30 13:00:00,0.046698075888644774
2018-12-30 14:00:00,0.018145539653307265
2018-12-30 15:00:00,0.03487463933018099
2018-12-30 16:00:00,0.03792994476762223
2018-12-30 17:00:00,0.04126585231944785
2018-12-30 18:00:00,0.06815699611056637
2018-12-30 19:00:00,0.05735037820792115
2018-12-30 20:00:00,0.04070791688025808
2018-12-30 21:00:00,0.04705580967033488
2018-12-30 22:00:00,0.01643435829316901
2018-12-30 23:00:00,0.10709080928786405
2018-12-31 00:00:00,0.03125715809237874
2018-12-31 01:00:00,0.08051204094282056
2018-12-31 02:00:00,0.031066335853984852
2018-12-31 03:00:00,0.0324199887013714
2018-12-31 04:00:00,0.03250443052128535
2018-12-31 05:00:00,0.03253224881758808
2018-12-31 06:00:00,0.03254080897932754
2018-12-31 07:00:00,0.03253852902294308
2018-12-31 08:00:00,0.01688464800506309
2018-12-31 09:00:00,0.07916360237477948
2018-12-31 10:00:00,0.012042764167823681
2018-12-31 11:00:00,0.02448542465070158
2018-12-31 12:00:00,0.066817949453794
2018-12-31 13:00:00,0.01784284693013688
2018-12-31 14:00:00,0.02215052433471614
2018-12-31 15:00:00,0.044011735166036084
2018-12-31 16:00:00,0.034748408386093076
2018-12-31 17:00:00,0.010092897323448197
2018-12-31 18:00:00,0.05295855914738689
2018-12-31 19:00:00,0.04952504319462636
2018-12-31 20:00:00,0.01724448529394133
2018-12-31 21:00:00,0.02363134521563909
2018-12-31 22:00:00,0.02242766373305455
2018-12-31 23:00:00,0.01624988394609815
2019-01-01 00:00:00,0.021524606515819326
2019-01-01 01:00:00,0.035564509502134474
2019-01-01 02:00:00,0.025624264622857724
2019-01-01 03:00:00,0.030054638872075313
2019-01-01 04:00:00,0.015270341835017655
2019-01-01 05:00:00,0.031009731118971824
2019-01-01 06:00:00,0.06572337829568124
2019-01-01 07:00:00,0.04134951055207605
2019-01-01 08:00:00,0.09763050593225052
2019-01-01 09:00:00,0.03245195988430734
2019-01-01 10:00:00,0.041475277609254686
2019-01-01 11:00:00,0.1798293915459695
2019-01-01 12:00:00,0.09972346014674925
2019-01-01 13:00:00,0.01934792446031417
2019-01-01 14:00:00,0.11916903403899164
2019-01-01 15:00:00,0.07513318423906488
2019-01-01 16:00:00,0.014802832090263746
2019-01-01 17:00:00,0.053268077109014565
2019-01-01 18:00:00,0.05331028240046367
2019-01-01 19:00:00,0.018443831694850775
2019-01-01 20:00:00,0.04824566764010356
2019-01-01 21:00:00,0.026467110141389177
2019-01-01 22:00:00,0.05543761311299416
2019-01-01 23:00:00,0.01404525275780026
2019-01-02 00:00:00,0.05316883173355411
2019-01-02 01:00:00,0.018655318122808576
2019-01-02 02:00:00,0.056851606177973045
2019-01-02 03:00:00,0.039519338685210445
2019-01-02 04:00:00,0.06155394453333527
2019-01-02 05:00:00,0.012888686716551403
2019-01-02 06:00:00,0.08759895849392046
2019-01-02 07:00:00,0.020293216615314517
2019-01-02 08:00:00,0.009829140485629257
2019-01-02 09:00:00,0.050776457664812945
2019-01-02 10:00:00,0.02741392797995347
2019-01-02 11:00:00,0.00902856682923116
2019-01-02 12:00:00,0.04582006250008361
2019-01-02 13:00:00,0.04562550005545339
2019-01-02 14:00:00,0.04537666990246754
2019-01-02 15:00:00,0.014470861438156726
2019-01-02 16:00:00,0.03213379899816853
2019-01-02 17:00:00,0.016378085792489845
2019-01-02 18:00:00,0.01648014659119175
2019-01-02 19:00:00,0.027337543026880722
2019-01-02 20:00:00,0.0670660459506475
2019-01-02 21:00:00,0.04801862974205303
2019-01-02 22:00:00,0.01605714210406959
2019-01-02 23:00:00,0.044843440109006816
2019-01-03 00:00:00,0.037672302665909735
2019-01-03 01:00:00,0.021720313827564883
2019-01-03 02:00:00,0.01335370977769958
2019-01-03 03:00:00,0.02069524650806317
2019-01-03 04:00:00,0.04641822344078027
2019-01-03 05:00:00,0.08208794365101532
2019-01-03 06:00:00,0.02398827718387483
2019-01-03 07:00:00,0.03098763006149685
2019-01-03 08:00:00,0.04799582133566426
2019-01-03 09:00:00,0.04600782532273864
2019-01-03 10:00:00,0.008185365930829601
2019-01-03 11:00:00,0.020777163547843126
2019-01-03 12:00:00,0.03256796615455682
2019-01-03 13:00:00,0.07749648714054556
2019-01-03 14:00:00,0.02430158316250757
2019-01-03 15:00:00,0.026200225445747623
2019-01-03 16:00:00,0.05039850260724645
2019-01-03 17:00:00,0.033910390545794755
2019-01-03 18:00:00,0.03579377152076616
2019-01-03 19:00:00,0.03693567171020056
2019-01-03 20:00:00,0.01856471008193037
2019-01-03 21:00:00,0.021449413124090422
2019-01-03 22:00:00,0.029134073067277857
2019-01-03 23:00:00,0.06517249661030304
2019-01-04 00:00:00,0.03160632591232586
2019-01-04 01:00:00,0.04502043451840049
2019-01-04 02:00:00,0.01918250131068234
2019-01-04 03:00:00,0.010813632873702832
2019-01-04 04:00:00,0.014479105951996476
2019-01-04 05:00:00,0.0557479165406901
2019-01-04 06:00:00,0.01994108248062486
2019-01-04 07:00:00,0.03200153744315307
2019-01-04 08:00:00,0.08955106368588589
2019-01-04 09:00:00,0.09511221820184636
2019-01-04 10:00:00,0.03539962241779726
2019-01-04 11:00:00,0.04584676204472273
2019-01-04 12:00:00,0.007836117023856075
2019-01-04 13:00:00,0.027310152997500833
2019-01-04 14:00:00,0.0786901379797099
2019-01-04 15:00:00,0.022293190182587717
2019-01-04 16:00:00,0.050611954294222626
2019-01-04 17:00:00,0.14094252677917624
2019-01-04 18:00:00,0.028456896919869988
2019-01-04 19:00:00,0.02873209303646802
2019-01-04 20:00:00,0.027937238011368628
2019-01-04 21:00:00,0.04656772598103094
2019-01-04 22:00:00,0.03737791264462449
2019-01-04 23:00:00,0.05649488581662568
2019-01-05 00:00:00,0.05720501169226491
2019-01-05 01:00:00,0.056740174705863844
2019-01-05 02:00:00,0.05623367161209144
2019-01-05 03:00:00,0.05572125626021967
2019-01-05 04:00:00,0.05521074834934119
2019-01-05 05:00:00,0.021404929747680712
2019-01-05 06:00:00,0.053693754415224976
2019-01-05 07:00:00,0.008346538739116522
2019-01-05 08:00:00,0.10533464344398866
2019-01-05 09:00:00,0.02896032654875645
2019-01-05 10:00:00,0.02067160571535742
2019-01-05 11:00:00,0.034181268986123364
2019-01-05 12:00:00,0.019494694720327395
2019-01-05 13:00:00,0.035974054891294155
2019-01-05 14:00:00,0.029798272748613675
2019-01-05 15:00:00,0.03085779757583581
2019-01-05 16:00:00,0.03343784298466581
2019-01-05 17:00:00,0.01769030559343107
2019-01-05 18:00:00,0.04281767448713319
2019-01-05 19:00:00,0.01578582759504202
2019-01-05 20:00:00,0.04676674000921351
2019-01-05 21:00:00,0.010019559671803692
2019-01-05 22:00:00,0.028591723699504776
2019-01-05 23:00:00,0.008627143477884335
2019-01-06 00:00:00,0.08319014747791603
2019-01-06 01:00:00,0.017656568761598324
2019-01-06 02:00:00,0.0512507986744907
2019-01-06 03:00:00,0.04487776622390072
2019-01-06 04:00:00,0.04253136172255518
2019-01-06 05:00:00,0.02991863157232754
2019-01-06 06:00:00,0.05613135689357323
2019-01-06 07:00:00,0.03697922133394555
2019-01-06 08:00:00,0.018652154137815753
2019-01-06 09:00:00,0.03291531752319417
2019-01-06 10:00:00,0.05008530703052007
2019-01-06 11:00:00,0.03454262060221258
2019-01-06 12:00:00,0.019653634722455626
2019-01-06 13:00:00,0.024692076445372396
2019-01-06 14:00:00,0.005935154022531811
2019-01-06 15:00:00,0.03424270058030201
2019-01-06 16:00:00,0.03401340474926516
2019-01-06 17:00:00,0.04253618008244082
2019-01-06 18:00:00,0.03167069384692198
2019-01-06 19:00:00,0.03804304547329679
2019-01-06 20:00:00,0.007440522688673458
2019-01-06 21:00:00,0.04438753867567475
2019-01-06 22:00:00,0.04677554023539025
2019-01-06 23:00:00,0.02616846178940255
2019-01-07 00:00:00,0.003801155648609012
2019-01-07 01:00:00,0.01357756005571051
2019-01-07 02:00:00,0.05411606670775518
2019-01-07 03:00:00,0.02922151608540897
2019-01-07 04:00:00,0.07407012409606718
2019-01-07 05:00:00,0.02232309364005267
2019-01-07 06:00:00,0.017168940729367782
2019-01-07 07:00:00,0.04782684747034455
2019-01-07 08:00:00,0.05650230674822117
2019-01-07 09:00:00,0.06252727664045736
2019-01-07 10:00:00,0.061869722018110265
2019-01-07 11:00:00,0.061217401562174485
2019-01-07 12:00:00,0.017622710476182243
2019-01-07 13:00:00,0.00985053615282032
2019-01-07 14:00:00,0.04561090414743641
2019-01-07 15:00:00,0.022326870812252972
2019-01-07 16:00:00,0.024720021396655932
2019-01-07 17:00:00,0.02270986513063448
2019-01-07 18:00:00,0.029442800401339363
2019-01-07 19:00:00,0.010656332692825081
2019-01-07 20:00:00,0.03921898151635643
2019-01-07 21:00:00,0.04463993912570228
2019-01-07 22:00:00,0.06172266312278065
2019-01-07 23:00:00,0.049232365300733535
2019-01-08 00:00:00,0.04031226281308316
2019-01-08 01:00:00,0.012775087146397374
2019-01-08 02:00:00,0.024709951947087368
2019-01-08 03:00:00,0.03924080506177362
2019-01-08 04:00:00,0.0831439483185758
2019-01-08 05:00:00,0.01239998632443688
2019-01-08 06:00:00,0.01178946734460309
2019-01-08 07:00:00,0.013787641584016493
2019-01-08 08:00:00,0.051532722841885883
2019-01-08 09:00:00,0.0341976147159723
2019-01-08 10:00:00,0.06468069880939574
2019-01-08 11:00:00,0.04518936783978909
2019-01-08 12:00:00,0.013514506572218275
2019-01-08 13:00:00,0.08803106166777105
2019-01-08 14:00:00,0.03547191390848577
2019-01-08 15:00:00,0.025363130721821118
2019-01-08 16:00:00,0.014639229132701801
2019-01-08 17:00:00,0.028473269957739335
2019-01-08 18:00:00,0.057385794216213905
2019-01-08 19:00:00,0.04231772669460541
2019-01-08 20:00:00,0.024546667327667665
2019-01-08 21:00:00,0.00827650129405001
2019-01-08 22:00:00,0.02240815350143739
2019-01-08 23:00:00,0.030352513013070126
2019-01-09 00:00:00,0.05303172298108418
2019-01-09 01:00:00,0.03830546544755706
2019-01-09 02:00:00,0.059634033435369084
2019-01-09 03:00:00,0.05193932819184485
2019-01-09 04:00:00,0.018300714593140675
2019-01-09 05:00:00,0.03294177849013785
2019-01-09 06:00:00,0.034012496827996654
2019-01-09 07:00:00,0.0328082209555052
2019-01-09 08:00:00,0.06657745879949022
2019-01-09 09:00:00,0.010910882423302945
2019-01-09 10:00:00,0.03873270135580151
2019-01-09 11:00:00,0.08486076441218915
2019-01-09 12:00:00,0.04000484228404732
2019-01-09 13:00:00,0.009953610623807362
2019-01-09 14:00:00,0.024843696753771797
2019-01-09 15:00:00,0.020193656848151144
2019-01-09 16:00:00,0.0015861467626696424
2019-01-09 17:00:00,0.026055798246120105
2019-01-09 18:00:00,0.024401962451473667
2019-01-09 19:00:00,0.061314692763053645
2019-01-09 20:00:00,0.05739414635766098
2019-01-09 21:00:00,0.056614946653237026
2019-01-09 22:00:00,0.0562926999763599
2019-01-09 23:00:00,0.05598691235452964
2019-01-10 00:00:00,0.05568215905424626
2019-01-10 01:00:00,0.055375211030985715
2019-01-10 02:00:00,0.09628718857668933
2019-01-10 03:00:00,0.009089476519502284
2019-01-10 04:00:00,0.02565841291947821
2019-01-10 05:00:00,0.02115648514825767
2019-01-10 06:00:00,0.004674336625224774
2019-01-10 07:00:00,0.028318743902265225
2019-01-10 08:00:00,0.027794807014775335
2019-01-10 09:00:00,0.02783180031194629
2019-01-10 10:00:00,0.006829311625059005
2019-01-10 11:00:00,0.027799376723373643
2019-01-10 12:00:00,0.034958147276765626
2019-01-10 13:00:00,0.04370830933600591
2019-01-10 14:00:00,0.016486249253076603
2019-01-10 15:00:00,0.025530768263403208
2019-01-10 16:00:00,0.011380011231531264
2019-01-10 17:00:00,0.022639156701175552
2019-01-10 18:00:00,0.020707926925053206
2019-01-10 19:00:00,0.03778116644660052
2019-01-10 20:00:00,0.015610424833322917
2019-01-10 21:00:00,0.06989642459634819
2019-01-10 22:00:00,0.02758705779372395
2019-01-10 23:00:00,0.016760911023787472
2019-01-11 00:00:00,0.03565223440183622
2019-01-11 01:00:00,0.026257670028048696
2019-01-11 02:00:00,0.06425296585561924
2019-01-11 03:00:00,0.032552748885774564
2019-01-11 04:00:00,0.04258772629198798
2019-01-11 05:00:00,0.019255175101433427
2019-01-11 06:00:00,0.04391971267603254
2019-01-11 07:00:00,0.051897195471063105
2019-01-11 08:00:00,0.006426288475167053
2019-01-11 09:00:00,0.0484701329144599
2019-01-11 10:00:00,0.02868120648976289
2019-01-11 11:00:00,0.013594207079656683
2019-01-11 12:00:00,0.034350775318920064
2019-01-11 13:00:00,0.038677156836232955
2019-01-11 14:00:00,0.02023341931056503
2019-01-11 15:00:00,0.03259080797164848
2019-01-11 16:00:00,0.051051282167312945
2019-01-11 17:00:00,0.018437196848864253
2019-01-11 18:00:00,0.04944285201221628
2019-01-11 19:00:00,0.046212955211826584
2019-01-11 20:00:00,0.02294272263265001
2019-01-11 21:00:00,0.026895045940939857
2019-01-11 22:00:00,0.010786851121346098
2019-01-11 23:00:00,0.008123376506384358
2019-01-12 00:00:00,0.01350592345772389
2019-01-12 01:00:00,0.029364279623663544
2019-01-12 02:00:00,0.013999477165306688
2019-01-12 03:00:00,0.01507220259162074
2019-01-12 04:00:00,0.04989482226540761
2019-01-12 05:00:00,0.01566292561758331
2019-01-12 06:00:00,0.04585036864637197
2019-01-12 07:00:00,0.04573294359754618
2019-01-12 08:00:00,0.04563399228649039
2019-01-12 09:00:00,0.020577109544852333
2019-01-12 10:00:00,0.021172991003115062
2019-01-12 11:00:00,0.05953196389152543
2019-01-12 12:00:00,0.03731678302509096
2019-01-12 13:00:00,0.017488744274937577
2019-01-12 14:00:00,0.01869569489960328
2019-01-12 15:00:00,0.04383691005131872
2019-01-12 16:00:00,0.034068176356327765
2019-01-12 17:00:00,0.03434638301667876
2019-01-12 18:00:00,0.013065920696241086
2019-01-12 19:00:00,0.011829030175312973
2019-01-12 20:00:00,0.0426262617132958
2019-01-12 21:00:00,0.024828355651795694
2019-01-12 22:00:00,0.013435567545971076
2019-01-12 23:00:00,0.028105065725882256
2019-01-13 00:00:00,0.02155305738765925
2019-01-13 01:00:00,0.0409319526562632
2019-01-13 02:00:00,0.03032116108238501
2019-01-13 03:00:00,0.046388141322273965
2019-01-13 04:00:00,0.05046904071449642
2019-01-13 05:00:00,0.022710909972456537
2019-01-13 06:00:00,0.03288131585184066
2019-01-13 07:00:00,0.019952384336220184
2019-01-13 08:00:00,0.013128655130514894
2019-01-13 09:00:00,0.03478075874757917
2019-01-13 10:00:00,0.017655980634452326
2019-01-13 11:00:00,0.028496316741008682
2019-01-13 12:00:00,0.020182849874499115
2019-01-13 13:00:00,0.03454982210379423
2019-01-13 14:00:00,0.01645596030184619
2019-01-13 15:00:00,0.038172923686480016
2019-01-13 16:00:00,0.04219987469357183
2019-01-13 17:00:00,0.029899129138290608
2019-01-13 18:00:00,0.0332277905873469
2019-01-13 19:00:00,0.0568248792688114
2019-01-13 20:00:00,0.01888262281419774
2019-01-13 21:00:00,0.03517363052932984
2019-01-13 22:00:00,0.01571807340364114
2019-01-13 23:00:00,0.02544038878139564
2019-01-14 00:00:00,0.020152246351494395
2019-01-14 01:00:00,0.01228536068615548
2019-01-14 02:00:00,0.037935817561427596
2019-01-14 03:00:00,0.04216448220657302
2019-01-14 04:00:00,0.036485624238131224
2019-01-14 05:00:00,0.02942057878551574
2019-01-14 06:00:00,0.010891496782012096
2019-01-14 07:00:00,0.022773720811480856
2019-01-14 08:00:00,0.021495155443076213
2019-01-14 09:00:00,0.01693182812270023
2019-01-14 10:00:00,0.03089520486662262
2019-01-14 11:00:00,0.03252869501227773
2019-01-14 12:00:00,0.04028706423918683
2019-01-14 13:00:00,0.023849799019467596
2019-01-14 14:00:00,0.04569003548308118
2019-01-14 15:00:00,0.04670778050495355
2019-01-14 16:00:00,0.0373714064038109
2019-01-14 17:00:00,0.034985939850317865
2019-01-14 18:00:00,0.03462166498157005
2019-01-14 19:00:00,0.03482494863846325
2019-01-14 20:00:00,0.03503623050587714
2019-01-14 21:00:00,0.035236438701109256
2019-01-14 22:00:00,0.0354216848931521
2019-01-14 23:00:00,0.03888607675256103
2019-01-15 00:00:00,0.037508974825483994
2019-01-15 01:00:00,0.026080752758295394
2019-01-15 02:00:00,0.0077985623042196835
2019-01-15 03:00:00,0.027330471126419446
2019-01-15 04:00:00,0.01994047336321524
2019-01-15 05:00:00,0.03978163386453691
2019-01-15 06:00:00,0.023604674310843718
2019-01-15 07:00:00,0.00849981740174637
2019-01-15 08:00:00,0.027987526209587384
2019-01-15 09:00:00,0.020478237245647474
2019-01-15 10:00:00,0.0390647754136404
2019-01-15 11:00:00,0.02752761625065961
2019-01-15 12:00:00,0.01319168398926425
2019-01-15 13:00:00,0.012195948356155195
2019-01-15 14:00:00,0.03625782481595058
2019-01-15 15:00:00,0.0378147165543048
2019-01-15 16:00:00,0.01613105725036437
2019-01-15 17:00:00,0.02081167009414327
2019-01-15 18:00:00,0.016338241769457862
2019-01-15 19:00:00,0.015188867189457597
2019-01-15 20:00:00,0.0294170587474716
2019-01-15 21:00:00,0.02293015462302206
2019-01-15 22:00:00,0.046979443759032125
2019-01-15 23:00:00,0.010131774257716483
2019-01-16 00:00:00,0.02528538373403565
2019-01-16 01:00:00,0.024659630037592254
2019-01-16 02:00:00,0.03733048486294113
2019-01-16 03:00:00,0.026240380305946817
2019-01-16 04:00:00,0.040668097502410884
2019-01-16 05:00:00,0.0038074492280904034
2019-01-16 06:00:00,0.03430701289171402
2019-01-16 07:00:00,0.03065180308277362
2019-01-16 08:00:00,0.014399216253667241
2019-01-16 09:00:00,0.031250039873308995
2019-01-16 10:00:00,0.028942285341809097
2019-01-16 11:00:00,0.03602903694388402
2019-01-16 12:00:00,0.025738179973922224
2019-01-16 13:00:00,0.03407458937457033
2019-01-16 14:00:00,0.03112660510575691
2019-01-16 15:00:00,0.021703629112422348
2019-01-16 16:00:00,0.023725565959705104
2019-01-16 17:00:00,0.04129830905068625
2019-01-16 18:00:00,0.03425987637806495
2019-01-16 19:00:00,0.035031683887129114
2019-01-16 20:00:00,0.03992381706868932
2019-01-16 21:00:00,0.017344839280922467
2019-01-16 22:00:00,0.008725795084928885
2019-01-16 23:00:00,0.029771205923187084
2019-01-17 00:00:00,0.020862845866253216
2019-01-17 01:00:00,0.03295016145367111
2019-01-17 02:00:00,0.01970930023695651
2019-01-17 03:00:00,0.02038833686859374
2019-01-17 04:00:00,0.020695660357988244
2019-01-17 05:00:00,0.02103922771477466
2019-01-17 06:00:00,0.0249261585938905
2019-01-17 07:00:00,0.011913371661207291
2019-01-17 08:00:00,0.021368645750753062
2019-01-17 09:00:00,0.017342418317331
2019-01-17 10:00:00,0.015843499463490212
2019-01-17 11:00:00,0.016308161922566438
2019-01-17 12:00:00,0.0272841512237378
2019-01-17 13:00:00,0.011740267294103523
2019-01-17 14:00:00,0.01482918671443745
2019-01-17 15:00:00,0.016126150504822197
2019-01-17 16:00:00,0.02606510803443148
2019-01-17 17:00:00,0.00976065023603615
2019-01-17 18:00:00,0.027629202335980884
2019-01-17 19:00:00,0.024134249326933817
2019-01-17 20:00:00,0.031696686434790906
2019-01-17 21:00:00,0.03150757008775615
2019-01-17 22:00:00,0.006156254584447089
2019-01-17 23:00:00,0.005553210204779611
2019-01-18 00:00:00,0.016531307872860827
2019-01-18 01:00:00,0.020323623928071168
2019-01-18 02:00:00,0.025203353468683246
2019-01-18 03:00:00,0.008728795308024314
2019-01-18 04:00:00,0.01637876512976164
2019-01-18 05:00:00,0.029582856187242063
2019-01-18 06:00:00,0.021303257355362863
2019-01-18 07:00:00,0.0278644684376599
2019-01-18 08:00:00,0.031517950797784966
2019-01-18 09:00:00,0.014715914178520566
2019-01-18 10:00:00,0.020090136337674876
2019-01-18 11:00:00,0.02364515212690914
2019-01-18 12:00:00,0.03513311545135403
2019-01-18 13:00:00,0.01518473875964066
2019-01-18 14:00:00,0.021691769533486567
2019-01-18 15:00:00,0.01699988785307794
2019-01-18 16:00:00,0.07265732931666638
2019-01-18 17:00:00,0.02725177389247386
2019-01-18 18:00:00,0.016622837721039493
2019-01-18 19:00:00,0.0058099549536962955
2019-01-18 20:00:00,0.0318550107542184
2019-01-18 21:00:00,0.010960580430763278
2019-01-18 22:00:00,0.027379251809425582
2019-01-18 23:00:00,0.023867297045328778
2019-01-19 00:00:00,0.015777999280665513
2019-01-19 01:00:00,0.0350931957750971
2019-01-19 02:00:00,0.05112197431967176
2019-01-19 03:00:00,0.012509704145795488
2019-01-19 04:00:00,0.030575765404118646
2019-01-19 05:00:00,0.03121649636310384
2019-01-19 06:00:00,0.012384190143639399
2019-01-19 07:00:00,0.024870830756584642
2019-01-19 08:00:00,0.014684100171362251
2019-01-19 09:00:00,0.01022376531509845
2019-01-19 10:00:00,0.023132938824187786
2019-01-19 11:00:00,0.028653907459403175
2019-01-19 12:00:00,0.01996096550399331
2019-01-19 13:00:00,0.03387603125575589
2019-01-19 14:00:00,0.016003206325439442
2019-01-19 15:00:00,0.015987450163135176
2019-01-19 16:00:00,0.01626699994397072
2019-01-19 17:00:00,0.016588638964672168
2019-01-19 18:00:00,0.01693606032469079
2019-01-19 19:00:00,0.017300365929026482
2019-01-19 20:00:00,0.019438746969524776
2019-01-19 21:00:00,0.015193900016058162
2019-01-19 22:00:00,0.024674840635642546
2019-01-19 23:00:00,0.0298435741953733
2019-01-20 00:00:00,0.027909276402032175
2019-01-20 01:00:00,0.015956040050863637
2019-01-20 02:00:00,0.02430072216977877
2019-01-20 03:00:00,0.027916967506334378
2019-01-20 04:00:00,0.025257740948806093
2019-01-20 05:00:00,0.0188680143275403
2019-01-20 06:00:00,0.031038177797522992
2019-01-20 07:00:00,0.015979135137563966
2019-01-20 08:00:00,0.019171262520959402
2019-01-20 09:00:00,0.028429154024382165
2019-01-20 10:00:00,0.023405809167878988
2019-01-20 11:00:00,0.020713966383582093
2019-01-20 12:00:00,0.02600972320387217
2019-01-20 13:00:00,0.029317195204091588
2019-01-20 14:00:00,0.013887919485867144
2019-01-20 15:00:00,0.015958336802527985
2019-01-20 16:00:00,0.022375562301213812
2019-01-20 17:00:00,0.025813732405705763
2019-01-20 18:00:00,0.009513440713412218
2019-01-20 19:00:00,0.023565196845923057
2019-01-20 20:00:00,0.02101388451257907
2019-01-20 21:00:00,0.02640120410096795
2019-01-20 22:00:00,0.015680651815886886
2019-01-20 23:00:00,0.02346430724682829
2019-01-21 00:00:00,0.012572657553686143
2019-01-21 01:00:00,0.0220224789074789
2019-01-21 02:00:00,0.016977128598126806
2019-01-21 03:00:00,0.02993102372265948
2019-01-21 04:00:00,0.025711127735856716
2019-01-21 05:00:00,0.016140512882817617
2019-01-21 06:00:00,0.02003967463988938
2019-01-21 07:00:00,0.02292031096182521
2019-01-21 08:00:00,0.02147639671946596
2019-01-21 09:00:00,0.020492931870348535
2019-01-21 10:00:00,0.01730175255822239
2019-01-21 11:00:00,0.011169662851237156
2019-01-21 12:00:00,0.01692292380794363
2019-01-21 13:00:00,0.022713350915306102
2019-01-21 14:00:00,0.013387297313698983
2019-01-21 15:00:00,0.02348988405215088
2019-01-21 16:00:00,0.017810851952514417
2019-01-21 17:00:00,0.015784987046265846
2019-01-21 18:00:00,0.00770607914179153
2019-01-21 19:00:00,0.00872087629850833
2019-01-21 20:00:00,0.012413375477358
2019-01-21 21:00:00,0.020208506384885767
2019-01-21 22:00:00,0.01021075096250603
2019-01-21 23:00:00,0.005250333453239043
2019-01-22 00:00:00,0.01926102429968878
2019-01-22 01:00:00,0.018555087396619936
2019-01-22 02:00:00,0.01791583940308722
2019-01-22 03:00:00,0.022805706931605472
2019-01-22 04:00:00,0.015978663652528886
2019-01-22 05:00:00,0.02346610968198646
2019-01-22 06:00:00,0.01898074787226592
2019-01-22 07:00:00,0.011886706949588871
2019-01-22 08:00:00,0.015919589419131817
2019-01-22 09:00:00,0.01798932440722712
2019-01-22 10:00:00,0.026887151396832232
2019-01-22 11:00:00,0.016597946170060277
2019-01-22 12:00:00,0.021088630306309312
2019-01-22 13:00:00,0.02449426179869793
2019-01-22 14:00:00,0.023272966039329518
2019-01-22 15:00:00,0.021662332657819132
2019-01-22 16:00:00,0.023149332280063717
2019-01-22 17:00:00,0.021993411066693714
2019-01-22 18:00:00,0.00845304370864184
2019-01-22 19:00:00,0.016944711758600368
2019-01-22 20:00:00,0.015683292084403975
2019-01-22 21:00:00,0.01788979317093725
2019-01-22 22:00:00,0.012202060977480961
2019-01-22 23:00:00,0.01980016070334535
2019-01-23 00:00:00,0.014584849527333436
2019-01-23 01:00:00,0.016959671752010116
2019-01-23 02:00:00,0.016170403559419455
2019-01-23 03:00:00,0.023369969583903586
2019-01-23 04:00:00,0.014155280114775048
2019-01-23 05:00:00,0.012509124809405744
2019-01-23 06:00:00,0.025106067653422777
2019-01-23 07:00:00,0.020801399816242495
2019-01-23 08:00:00,0.00894598399272821
2019-01-23 09:00:00,0.01787604997472986
2019-01-23 10:00:00,0.00850124270777116
2019-01-23 11:00:00,0.015965970188938562
2019-01-23 12:00:00,0.023344030470951474
2019-01-23 13:00:00,0.05367816717158313
2019-01-23 14:00:00,0.012564513955443795
2019-01-23 15:00:00,0.015568099928191134
2019-01-23 16:00:00,0.016339385312328224
2019-01-23 17:00:00,0.017733612899558816
2019-01-23 18:00:00,0.01751853353560862
2019-01-23 19:00:00,0.02014433920651406
2019-01-23 20:00:00,0.017021953258344075
2019-01-23 21:00:00,0.015866404893099033
2019-01-23 22:00:00,0.022798327755153617
2019-01-23 23:00:00,0.021592931683957612
2019-01-24 00:00:00,0.008375895284060915
2019-01-24 01:00:00,0.020580939158785228
2019-01-24 02:00:00,0.019868628920368833
2019-01-24 03:00:00,0.018154313772663182
2019-01-24 04:00:00,0.014506631829455378
2019-01-24 05:00:00,0.006490801194268108
2019-01-24 06:00:00,0.011170245602088956
2019-01-24 07:00:00,0.02329355276801216
2019-01-24 08:00:00,0.009117634839209559
2019-01-24 09:00:00,0.006960735585606525
2019-01-24 10:00:00,0.013927794358447161
2019-01-24 11:00:00,0.01335158338125507
2019-01-24 12:00:00,0.013091539762384618
2019-01-24 13:00:00,0.01247630461442888
2019-01-24 14:00:00,0.011899718034222202
2019-01-24 15:00:00,0.011377673473907886
2019-01-24 16:00:00,0.010913257773741577
2019-01-24 17:00:00,0.00439766781427254
2019-01-24 18:00:00,0.011384116114213867
2019-01-24 19:00:00,0.015093587176558839
2019-01-24 20:00:00,0.008625634567535857
2019-01-24 21:00:00,0.04389146659516263
2019-01-24 22:00:00,0.02487050176378792
2019-01-24 23:00:00,0.01195424435411947
2019-01-25 00:00:00,0.010633008031542112
2019-01-25 01:00:00,0.01361995278274192
2019-01-25 02:00:00,0.017771074864832478
2019-01-25 03:00:00,0.01149279255549969
2019-01-25 04:00:00,0.02017900130093399
2019-01-25 05:00:00,0.013561019315087627
2019-01-25 06:00:00,0.01486281051501062
2019-01-25 07:00:00,0.011409141790072639
2019-01-25 08:00:00,0.012749094555020596
2019-01-25 09:00:00,0.010923778752821895
2019-01-25 10:00:00,0.008617702375543261
2019-01-25 11:00:00,0.01202563821156371
2019-01-25 12:00:00,0.02208627256929774
2019-01-25 13:00:00,0.01411112377990212
2019-01-25 14:00:00,0.01429164503318652
2019-01-25 15:00:00,0.018270422838731107
2019-01-25 16:00:00,0.02047271680046193
2019-01-25 17:00:00,0.007095142707567758
2019-01-25 18:00:00,0.01482771215001977
2019-01-25 19:00:00,0.007208495208248222
2019-01-25 20:00:00,0.013643533545772114
2019-01-25 21:00:00,0.011355381123553108
2019-01-25 22:00:00,0.009559221472812626
2019-01-25 23:00:00,0.018284255765612278
2019-01-26 00:00:00,0.01747068369193544
2019-01-26 01:00:00,0.007309095074354302
2019-01-26 02:00:00,0.022125406000147053
2019-01-26 03:00:00,0.01189419163073762
2019-01-26 04:00:00,0.019770945063461512
2019-01-26 05:00:00,0.010045236925477782
2019-01-26 06:00:00,0.006295658027811458
2019-01-26 07:00:00,0.005002068699930189
2019-01-26 08:00:00,0.012272418446783659
2019-01-26 09:00:00,0.016319224266539065
2019-01-26 10:00:00,0.010570971269195638
2019-01-26 11:00:00,0.016526151977562867
2019-01-26 12:00:00,0.006133000874154161
2019-01-26 13:00:00,0.0150658949562655
2019-01-26 14:00:00,0.019542612756866477
2019-01-26 15:00:00,0.014671500879367281
2019-01-26 16:00:00,0.009050999866431526
2019-01-26 17:00:00,0.018572289967941993
2019-01-26 18:00:00,0.0083058512659972
2019-01-26 19:00:00,0.009111357036720445
2019-01-26 20:00:00,0.012980794227006027
2019-01-26 21:00:00,0.010147776180333124
2019-01-26 22:00:00,0.010279315687387729
2019-01-26 23:00:00,0.010452327116156124
2019-01-27 00:00:00,0.015209787456109295
2019-01-27 01:00:00,0.014688451388472619
2019-01-27 02:00:00,0.013704381885593652
2019-01-27 03:00:00,0.01491959808339516
2019-01-27 04:00:00,0.017394198469916692
2019-01-27 05:00:00,0.012994439405006684
2019-01-27 06:00:00,0.01336124477542377
2019-01-27 07:00:00,0.014919723920536795
2019-01-27 08:00:00,0.013166188354452
2019-01-27 09:00:00,0.01531249443496497
2019-01-27 10:00:00,0.018077341923323532
2019-01-27 11:00:00,0.014369196041334983
2019-01-27 12:00:00,0.015596000823671798
2019-01-27 13:00:00,0.02232713198181934
2019-01-27 14:00:00,0.012275741123930168
2019-01-27 15:00:00,0.014053847340914723
2019-01-27 16:00:00,0.017388036809172693
2019-01-27 17:00:00,0.017910697055423596
2019-01-27 18:00:00,0.01677854653320345
2019-01-27 19:00:00,0.01172146957453818
2019-01-27 20:00:00,0.013951856428609532
2019-01-27 21:00:00,0.017803692000275685
2019-01-27 22:00:00,0.013804286917463214
2019-01-27 23:00:00,0.01752484697635968
2019-01-28 00:00:00,0.007134816333587928
2019-01-28 01:00:00,0.013818891792226116
2019-01-28 02:00:00,0.016004771572048358
2019-01-28 03:00:00,0.020696873934196263
2019-01-28 04:00:00,0.01151453111949424
2019-01-28 05:00:00,0.016773228834444164
2019-01-28 06:00:00,0.014570077472220612
2019-01-28 07:00:00,0.011650832641474415
2019-01-28 08:00:00,0.011118657800349322
2019-01-28 09:00:00,0.005643618753964688
2019-01-28 10:00:00,0.03616082519287253
2019-01-28 11:00:00,0.009082296001829703
2019-01-28 12:00:00,0.01829855344511367
2019-01-28 13:00:00,0.0169087293309891
2019-01-28 14:00:00,0.009727572142673536
2019-01-28 15:00:00,0.014583090946767652
2019-01-28 16:00:00,0.008415957801476776
2019-01-28 17:00:00,0.014426249882107552
2019-01-28 18:00:00,0.00885419768596109
2019-01-28 19:00:00,0.01231014758099668
2019-01-28 20:00:00,0.007810751051883496
2019-01-28 21:00:00,0.014710116593824886
2019-01-28 22:00:00,0.01192603055626426
2019-01-28 23:00:00,0.010217579638781045
2019-01-29 00:00:00,0.009449103752207495
2019-01-29 01:00:00,0.007575479630514559
2019-01-29 02:00:00,0.014941842559405937
2019-01-29 03:00:00,0.0060691550112156436
2019-01-29 04:00:00,0.006694232503065858
2019-01-29 05:00:00,0.007205205473207111
2019-01-29 06:00:00,0.006644323653862046
2019-01-29 07:00:00,0.028323309130889273
2019-01-29 08:00:00,0.01381606702033573
2019-01-29 09:00:00,0.012971504858457975
2019-01-29 10:00:00,0.013027929118566992
2019-01-29 11:00:00,0.013125444321193794
2019-01-29 12:00:00,0.013230871551908413
2019-01-29 13:00:00,0.01333681257654456
2019-01-29 14:00:00,0.01001184501936974
2019-01-29 15:00:00,0.008409257295726285
2019-01-29 16:00:00,0.008300417675882719
2019-01-29 17:00:00,0.009278513488556584
2019-01-29 18:00:00,0.02786936336610183
2019-01-29 19:00:00,0.009462822963779033
2019-01-29 20:00:00,0.007175253798317887
2019-01-29 21:00:00,0.016371512556118913
2019-01-29 22:00:00,0.005608471641327226
2019-01-29 23:00:00,0.012158374537422023
2019-01-30 00:00:00,0.01281841769839207
2019-01-30 01:00:00,0.010886810009315002
2019-01-30 02:00:00,0.014183239866481548
2019-01-30 03:00:00,0.007146521958624966
2019-01-30 04:00:00,0.006508212366566394
2019-01-30 05:00:00,0.012670257633727467
2019-01-30 06:00:00,0.005289609378130156
2019-01-30 07:00:00,0.005826601908161321
2019-01-30 08:00:00,0.01543234759259535
2019-01-30 09:00:00,0.004872704251364106
2019-01-30 10:00:00,0.01528776358292354
2019-01-30 11:00:00,0.009032844995093065
2019-01-30 12:00:00,0.013379112693286474
2019-01-30 13:00:00,0.013128632379632087
2019-01-30 14:00:00,0.014597547118445681
2019-01-30 15:00:00,0.014807008655332786
2019-01-30 16:00:00,0.0038615573453964812
2019-01-30 17:00:00,0.006835473588078723
2019-01-30 18:00:00,0.01065185238763495
2019-01-30 19:00:00,0.008636787465374175
2019-01-30 20:00:00,0.013139770281580785
2019-01-30 21:00:00,0.009135092558486775
2019-01-30 22:00:00,0.007822174014841293
2019-01-30 23:00:00,0.016143576005165677
2019-01-31 00:00:00,0.018527194800861138
2019-01-31 01:00:00,0.013951299434895247
2019-01-31 02:00:00,0.00849142445924634
2019-01-31 03:00:00,0.011556148483133714
2019-01-31 04:00:00,0.007639202330495221
2019-01-31 05:00:00,0.004780925544184675
2019-01-31 06:00:00,0.00505171935789894
2019-01-31 07:00:00,0.008380335855096843
2019-01-31 08:00:00,0.00879855860453833
2019-01-31 09:00:00,0.0038489007416243203
2019-01-31 10:00:00,0.01739343074995544
2019-01-31 11:00:00,0.005054033902899211
2019-01-31 12:00:00,0.003743997334241988
2019-01-31 13:00:00,0.008123433780340786
2019-01-31 14:00:00,0.0113283947703493
2019-01-31 15:00:00,0.01486547009729608
2019-01-31 16:00:00,0.010351482804429624
2019-01-31 17:00:00,0.02071712542855545
2019-01-31 18:00:00,0.019965064504244637
2019-01-31 19:00:00,0.019854844477352293
2019-01-31 20:00:00,0.01977730265640996
2019-01-31 21:00:00,0.006235102739244396
2019-01-31 22:00:00,0.007472492008222047
2019-01-31 23:00:00,0.004992164149042991
2019-02-01 00:00:00,0.006170590451659343
2019-02-01 01:00:00,0.005396422994063239
2019-02-01 02:00:00,0.007318387601359396
2019-02-01 03:00:00,0.009065466904425503
2019-02-01 04:00:00,0.009549482997124941
2019-02-01 05:00:00,0.006161357808407715
2019-02-01 06:00:00,0.009233880810932849
2019-02-01 07:00:00,0.02407241632021533
2019-02-01 08:00:00,0.014280419769712217
2019-02-01 09:00:00,0.005276328337589822
2019-02-01 10:00:00,0.007217188041052398
2019-02-01 11:00:00,0.006610430409967859
2019-02-01 12:00:00,0.006177592077534451
2019-02-01 13:00:00,0.008529775512607692
2019-02-01 14:00:00,0.013414644186709485
2019-02-01 15:00:00,0.007751318764219377
2019-02-01 16:00:00,0.013447513305350656
2019-02-01 17:00:00,0.007845913491182863
2019-02-01 18:00:00,0.015277558977035725
2019-02-01 19:00:00,0.009630155020657944
2019-02-01 20:00:00,0.012155532623885062
2019-02-01 21:00:00,0.006933611547391538
2019-02-01 22:00:00,0.007717182134924002
2019-02-01 23:00:00,0.010274464929275383
2019-02-02 00:00:00,0.010341248925391166
2019-02-02 01:00:00,0.02107493076940163
2019-02-02 02:00:00,0.015300227838726447
2019-02-02 03:00:00,0.011232979128400825
2019-02-02 04:00:00,0.005928498138209249
2019-02-02 05:00:00,0.008773868944176411
2019-02-02 06:00:00,0.012042868458522569
2019-02-02 07:00:00,0.030959952823790406
2019-02-02 08:00:00,0.012341104844908184
2019-02-02 09:00:00,0.013298247043961707
2019-02-02 10:00:00,0.00666889460238001
2019-02-02 11:00:00,0.005302566240257482
2019-02-02 12:00:00,0.007474016173454707
2019-02-02 13:00:00,0.0065979897432918285
2019-02-02 14:00:00,0.011129842682476965
2019-02-02 15:00:00,0.0038807564355032766
2019-02-02 16:00:00,0.006982901791990284
2019-02-02 17:00:00,0.010142845618837555
2019-02-02 18:00:00,0.011642265062445159
2019-02-02 19:00:00,0.007872162180376266
2019-02-02 20:00:00,0.004965734728637311
2019-02-02 21:00:00,0.013071504316814442
2019-02-02 22:00:00,0.014273433955940266
2019-02-02 23:00:00,0.013783588364906374
2019-02-03 00:00:00,0.008686669549673377
2019-02-03 01:00:00,0.005067127212852287
2019-02-03 02:00:00,0.009873692972867918
2019-02-03 03:00:00,0.014231340420945357
2019-02-03 04:00:00,0.015538643788185275
2019-02-03 05:00:00,0.017839263153047083
2019-02-03 06:00:00,0.018204093938271146
2019-02-03 07:00:00,0.01818902715390505
2019-02-03 08:00:00,0.018160234396324408
2019-02-03 09:00:00,0.01812690720052845
2019-02-03 10:00:00,0.018091001449766785
2019-02-03 11:00:00,0.00856616611356276
2019-02-03 12:00:00,0.005220443507465988
2019-02-03 13:00:00,0.007110870863356822
2019-02-03 14:00:00,0.010282487127409028
2019-02-03 15:00:00,0.02344562573508545
2019-02-03 16:00:00,0.006418912819636347
2019-02-03 17:00:00,0.01140889021426949
2019-02-03 18:00:00,0.009779779027583932
2019-02-03 19:00:00,0.004778285459346887
2019-02-03 20:00:00,0.009542757620075818
2019-02-03 21:00:00,0.012652447276811685
2019-02-03 22:00:00,0.01054415656388172
2019-02-03 23:00:00,0.009718248885729273
2019-02-04 00:00:00,0.016900137593963468
2019-02-04 01:00:00,0.01023338866497134
2019-02-04 02:00:00,0.01591721392281856
2019-02-04 03:00:00,0.010538190527517068
2019-02-04 04:00:00,0.004705773099153515
2019-02-04 05:00:00,0.00915235332146636
2019-02-04 06:00:00,0.007160092376363735
2019-02-04 07:00:00,0.0056411637676735665
2019-02-04 08:00:00,0.013798644271762353
2019-02-04 09:00:00,0.012303980659045448
2019-02-04 10:00:00,0.023191911360248754
2019-02-04 11:00:00,0.01528501808937762
2019-02-04 12:00:00,0.014175566722982905
2019-02-04 13:00:00,0.006423200318579126
2019-02-04 14:00:00,0.012290561967178688
2019-02-04 15:00:00,0.026161837707472706
2019-02-04 16:00:00,0.005172936557516641
2019-02-04 17:00:00,0.008717038735353125
2019-02-04 18:00:00,0.007521200203997391
2019-02-04 19:00:00,0.04151087146279002
2019-02-04 20:00:00,0.005672066575712486
2019-02-04 21:00:00,0.013694704036230972
2019-02-04 22:00:00,0.007787865659811894
2019-02-04 23:00:00,0.010535166782828072
2019-02-05 00:00:00,0.027315651327308923
2019-02-05 01:00:00,0.012436789003449213
2019-02-05 02:00:00,0.011568855543154524
2019-02-05 03:00:00,0.0035500042601292496
2019-02-05 04:00:00,0.0062236022646246884
2019-02-05 05:00:00,0.006854809604608995
2019-02-05 06:00:00,0.0042231456895577505
2019-02-05 07:00:00,0.009184727328582703
2019-02-05 08:00:00,0.010755190754385881
2019-02-05 09:00:00,0.0065334606087647205
2019-02-05 10:00:00,0.007020199546750852
2019-02-05 11:00:00,0.0077560246522601906
2019-02-05 12:00:00,0.013848322998876783
2019-02-05 13:00:00,0.011847821000215144
2019-02-05 14:00:00,0.008292941355108446
2019-02-05 15:00:00,0.016536845993701768
2019-02-05 16:00:00,0.016566785463869447
2019-02-05 17:00:00,0.016563468033856138
2019-02-05 18:00:00,0.0059266746737306345
2019-02-05 19:00:00,0.007742793162639597
2019-02-05 20:00:00,0.017729555875083892
2019-02-05 21:00:00,0.012489904186959597
2019-02-05 22:00:00,0.03641763960987937
2019-02-05 23:00:00,0.014981991032697256
2019-02-06 00:00:00,0.007920852184438446
2019-02-06 01:00:00,0.006982583062235348
2019-02-06 02:00:00,0.004209153351115752
2019-02-06 03:00:00,0.006078579105718911
2019-02-06 04:00:00,0.006401173558153184
2019-02-06 05:00:00,0.011501783878419478
2019-02-06 06:00:00,0.006958060828813677
2019-02-06 07:00:00,0.0075913339937470755
2019-02-06 08:00:00,0.0034099938690625815
2019-02-06 09:00:00,0.008275844970177245
2019-02-06 10:00:00,0.009450684527700627
2019-02-06 11:00:00,0.0072882838852454035
2019-02-06 12:00:00,0.008754849182719054
2019-02-06 13:00:00,0.010318511945559494
2019-02-06 14:00:00,0.01176685947778678
2019-02-06 15:00:00,0.00728800912641666
2019-02-06 16:00:00,0.004990208385033089
2019-02-06 17:00:00,0.007108740802133137
2019-02-06 18:00:00,0.009167958675560268
2019-02-06 19:00:00,0.006518381769106507
2019-02-06 20:00:00,0.010292605552721195
2019-02-06 21:00:00,0.011836081469475948
2019-02-06 22:00:00,0.012691239573029216
2019-02-06 23:00:00,0.0069117618621725605
2019-02-07 00:00:00,0.011072528601249465
2019-02-07 01:00:00,0.031009372864967244
2019-02-07 02:00:00,0.015951476062567055
2019-02-07 03:00:00,0.01319414993472641
2019-02-07 04:00:00,0.049931063000599255
2019-02-07 05:00:00,0.010289796042071251
2019-02-07 06:00:00,0.0036000120549757285
2019-02-07 07:00:00,0.006234330829257297
2019-02-07 08:00:00,0.005282879750114187
2019-02-07 09:00:00,0.005620300199044947
2019-02-07 10:00:00,0.009621776653697409
2019-02-07 11:00:00,0.012057541390526567
2019-02-07 12:00:00,0.00903762089361563
2019-02-07 13:00:00,0.006070770947730952
2019-02-07 14:00:00,0.004575682307406592
2019-02-07 15:00:00,0.005706583766912859
2019-02-07 16:00:00,0.009373343851701132
2019-02-07 17:00:00,0.006215197605941784
2019-02-07 18:00:00,0.007037532403457515
2019-02-07 19:00:00,0.002891356602722641
2019-02-07 20:00:00,0.007233629005236013
2019-02-07 21:00:00,0.016684340135490316
2019-02-07 22:00:00,0.003271896956871977
2019-02-07 23:00:00,0.007469603549490821
2019-02-08 00:00:00,0.008188262614743043
2019-02-08 01:00:00,0.006356299962018781
2019-02-08 02:00:00,0.015123147161001018
2019-02-08 03:00:00,0.015741573667826598
2019-02-08 04:00:00,0.015776675109825115
2019-02-08 05:00:00,0.01578345709071394
2019-02-08 06:00:00,0.01578118042479736
2019-02-08 07:00:00,0.015774169046680487
2019-02-08 08:00:00,0.007689271641230035
2019-02-08 09:00:00,0.005868149236320734
2019-02-08 10:00:00,0.017961594297773918
2019-02-08 11:00:00,0.008951221128717926
2019-02-08 12:00:00,0.006038627862806433
2019-02-08 13:00:00,0.01287489101871211
2019-02-08 14:00:00,0.010369561662964301
2019-02-08 15:00:00,0.006515747634244595
2019-02-08 16:00:00,0.0029314860210425636
2019-02-08 17:00:00,0.013563831076510074
2019-02-08 18:00:00,0.007817688698546947
2019-02-08 19:00:00,0.012291053752821034
2019-02-08 20:00:00,0.007837659438636974
2019-02-08 21:00:00,0.0023239406683331
2019-02-08 22:00:00,0.005542631355749262
2019-02-08 23:00:00,0.00986669023673211
2019-02-09 00:00:00,0.004215673178198065
2019-02-09 01:00:00,0.01130177285095266
2019-02-09 02:00:00,0.001251156595219221
2019-02-09 03:00:00,0.009572274095692003
2019-02-09 04:00:00,0.0039204488152186755
2019-02-09 05:00:00,0.021093310260790504
2019-02-09 06:00:00,0.010030542727284073
2019-02-09 07:00:00,0.009539790308425802
2019-02-09 08:00:00,0.0069124636947932245
2019-02-09 09:00:00,0.004335002543233187
2019-02-09 10:00:00,0.006214479243259946
2019-02-09 11:00:00,0.009147220630188713
2019-02-09 12:00:00,0.011313069571123066
2019-02-09 13:00:00,0.003305559640345406
2019-02-09 14:00:00,0.004899752336264667
2019-02-09 15:00:00,0.02618609947987788
2019-02-09 16:00:00,0.00444076685449608
2019-02-09 17:00:00,0.009533324104701105
2019-02-09 18:00:00,0.015589322049173886
2019-02-09 19:00:00,0.011206688739286234
2019-02-09 20:00:00,0.008137830475955697
2019-02-09 21:00:00,0.028082503099558353
2019-02-09 22:00:00,0.0059513225492641725
2019-02-09 23:00:00,0.006013651785411259
2019-02-10 00:00:00,0.002840908526862545
2019-02-10 01:00:00,0.01286303552851311
2019-02-10 02:00:00,0.007365330026422852
2019-02-10 03:00:00,0.0069402723745830034
2019-02-10 04:00:00,0.01117636677546314
2019-02-10 05:00:00,0.011707100900844623
2019-02-10 06:00:00,0.008951488316954186
2019-02-10 07:00:00,0.00552242579891099
2019-02-10 08:00:00,0.006574217541678756
2019-02-10 09:00:00,0.0032875495915226597
2019-02-10 10:00:00,0.004651637946255986
2019-02-10 11:00:00,0.008112024462489162
2019-02-10 12:00:00,0.01549866852601917
2019-02-10 13:00:00,0.015488694589798005
2019-02-10 14:00:00,0.01547560046551853
2019-02-10 15:00:00,0.009104641052347368
2019-02-10 16:00:00,0.028244592515024845
2019-02-10 17:00:00,0.014098345490623084
2019-02-10 18:00:00,0.009218632963376525
2019-02-10 19:00:00,0.005077293145753985
2019-02-10 20:00:00,0.007329923159177835
2019-02-10 21:00:00,0.01238891392954653
2019-02-10 22:00:00,0.004985634110662034
2019-02-10 23:00:00,0.007136219038179343
2019-02-11 00:00:00,0.010362795697433518
2019-02-11 01:00:00,0.01008494671244416
2019-02-11 02:00:00,0.011074016696993618
2019-02-11 03:00:00,0.012306358925608796
2019-02-11 04:00:00,0.005811178870868799
2019-02-11 05:00:00,0.01277228181622371
2019-02-11 06:00:00,0.00840144934611393
2019-02-11 07:00:00,0.007762539803328585
2019-02-11 08:00:00,0.009166392829461844
2019-02-11 09:00:00,0.006377291973472626
2019-02-11 10:00:00,0.008333444804336758
2019-02-11 11:00:00,0.009660131879604435
2019-02-11 12:00:00,0.01396886086192775
2019-02-11 13:00:00,0.005563511020972594
2019-02-11 14:00:00,0.006263442765603945
2019-02-11 15:00:00,0.015051270140547692
2019-02-11 16:00:00,0.008947338029232265
2019-02-11 17:00:00,0.00772623426073155
2019-02-11 18:00:00,0.008413517173168064
2019-02-11 19:00:00,0.004027864705092022
2019-02-11 20:00:00,0.0025484888236789655
2019-02-11 21:00:00,0.004194427517434646
2019-02-11 22:00:00,0.004395743420068788
2019-02-11 23:00:00,0.01915116250151909
2019-02-12 00:00:00,0.0038413904338404255
2019-02-12 01:00:00,0.009913425153737386
2019-02-12 02:00:00,0.015140372597115351
2019-02-12 03:00:00,0.008792198456890723
2019-02-12 04:00:00,0.008856790112729196
2019-02-12 05:00:00,0.004190212367148651
2019-02-12 06:00:00,0.006312709776120266
2019-02-12 07:00:00,0.006337941724119342
2019-02-12 08:00:00,0.005071849110597774
2019-02-12 09:00:00,0.010199111858653747
2019-02-12 10:00:00,0.00614395838310193
2019-02-12 11:00:00,0.00796169569319525
2019-02-12 12:00:00,0.007284404047270699
2019-02-12 13:00:00,0.006787951276863216
2019-02-12 14:00:00,0.01657638626956205
2019-02-12 15:00:00,0.00722617647601767
2019-02-12 16:00:00,0.0028241698633678816
2019-02-12 17:00:00,0.008231885111313899
2019-02-12 18:00:00,0.004135288581206529
2019-02-12 19:00:00,0.00790634068707958
2019-02-12 20:00:00,0.009497490753408246
2019-02-12 21:00:00,0.0079039505515756
2019-02-12 22:00:00,0.00789369161654939
2019-02-12 23:00:00,0.014800591141747548
2019-02-13 00:00:00,0.01479902653085836
2019-02-13 01:00:00,0.014779613475283978
2019-02-13 02:00:00,0.01476556586762722
2019-02-13 03:00:00,0.014752276926372335
2019-02-13 04:00:00,0.004127257401732476
2019-02-13 05:00:00,0.020988475623900504
2019-02-13 06:00:00,0.008001357829336976
2019-02-13 07:00:00,0.008383277465116688
2019-02-13 08:00:00,0.011350695018801179
2019-02-13 09:00:00,0.006011503063358431
2019-02-13 10:00:00,0.010933345290343505
2019-02-13 11:00:00,0.006677094601529664
2019-02-13 12:00:00,0.006777835290811752
2019-02-13 13:00:00,0.006187465046522843
2019-02-13 14:00:00,0.006189494707616014
2019-02-13 15:00:00,0.010220628530177574
2019-02-13 16:00:00,0.009421441052477754
2019-02-13 17:00:00,0.005748385289837483
2019-02-13 18:00:00,0.007633410139832961
2019-02-13 19:00:00,0.003171980560591294
2019-02-13 20:00:00,0.013626488099094862
2019-02-13 21:00:00,0.011320512361463806
2019-02-13 22:00:00,0.008583282327855558
2019-02-13 23:00:00,0.012227493730296538
2019-02-14 00:00:00,0.007430323370605019
2019-02-14 01:00:00,0.009522627506804895
2019-02-14 02:00:00,0.011345975055368367
2019-02-14 03:00:00,0.046285568767018274
2019-02-14 04:00:00,0.00601876515452809
2019-02-14 05:00:00,0.004887223210588475
2019-02-14 06:00:00,0.004404127497114432
2019-02-14 07:00:00,0.00595402187140043
2019-02-14 08:00:00,0.008876355591558454
2019-02-14 09:00:00,0.0041968763507264275
2019-02-14 10:00:00,0.009202850814582225
2019-02-14 11:00:00,0.006893370602708263
2019-02-14 12:00:00,0.007595028920663929
2019-02-14 13:00:00,0.0035627812702355944
2019-02-14 14:00:00,0.010413248544951582
2019-02-14 15:00:00,0.006264788119199618
2019-02-14 16:00:00,0.00485420147147865
2019-02-14 17:00:00,0.009206367509114938
2019-02-14 18:00:00,0.007588501218129226
2019-02-14 19:00:00,0.006838064860593053
2019-02-14 20:00:00,0.011858450435994138
2019-02-14 21:00:00,0.009733721902886421
2019-02-14 22:00:00,0.007388048752558923
2019-02-14 23:00:00,0.006053672374729031
2019-02-15 00:00:00,0.004046509654780093
2019-02-15 01:00:00,0.028003999376806445
2019-02-15 02:00:00,0.010453936056273072
2019-02-15 03:00:00,0.007547538318240662
2019-02-15 04:00:00,0.0024888775115128907
2019-02-15 05:00:00,0.013278534142849524
2019-02-15 06:00:00,0.008471788476903193
2019-02-15 07:00:00,0.0060665502762798406
2019-02-15 08:00:00,0.02316560917986134
2019-02-15 09:00:00,0.015149678093814891
2019-02-15 10:00:00,0.015115578070345602
2019-02-15 11:00:00,0.015099118373587182
2019-02-15 12:00:00,0.006300787831641695
2019-02-15 13:00:00,0.021488926521718917
2019-02-15 14:00:00,0.009193953749731332
2019-02-15 15:00:00,0.009034848246155866
2019-02-15 16:00:00,0.0027080351199454704
2019-02-15 17:00:00,0.005887900172789809
2019-02-15 18:00:00,0.0073050526265941666
2019-02-15 19:00:00,0.01943076046619392
2019-02-15 20:00:00,0.005850686415103119
2019-02-15 21:00:00,0.0047638134934315625
2019-02-15 22:00:00,0.00695740185937645
2019-02-15 23:00:00,0.011124557368626914
2019-02-16 00:00:00,0.009868386716837771
2019-02-16 01:00:00,0.007977251064920102
2019-02-16 02:00:00,0.007008962531493313
2019-02-16 03:00:00,0.006831391465759023
2019-02-16 04:00:00,0.009477900178208704
2019-02-16 05:00:00,0.0035440808592482826
2019-02-16 06:00:00,0.013306914041334786
2019-02-16 07:00:00,0.006747236342081634
2019-02-16 08:00:00,0.021689118489638125
2019-02-16 09:00:00,0.006980646865338839
2019-02-16 10:00:00,0.00446233881345446
2019-02-16 11:00:00,0.00908461863897172
2019-02-16 12:00:00,0.007833927951841298
2019-02-16 13:00:00,0.007297810648445236
2019-02-16 14:00:00,0.002634718655901902
2019-02-16 15:00:00,0.011466693202351963
2019-02-16 16:00:00,0.008591267038270595
2019-02-16 17:00:00,0.0047239040390011375
2019-02-16 18:00:00,0.003104465213188867
2019-02-16 19:00:00,0.004833342004137428
2019-02-16 20:00:00,0.0062869466405612445
2019-02-16 21:00:00,0.01336751092805682
2019-02-16 22:00:00,0.023513611959478854
2019-02-16 23:00:00,0.0026196171955703324
2019-02-17 00:00:00,0.009541452370399514
2019-02-17 01:00:00,0.006103763401166571
2019-02-17 02:00:00,0.00890271692756411
2019-02-17 03:00:00,0.009069756743577918
2019-02-17 04:00:00,0.0025175618243695394
2019-02-17 05:00:00,0.007862076684704537
2019-02-17 06:00:00,0.009488072329145327
2019-02-17 07:00:00,0.016823393372354167
2019-02-17 08:00:00,0.006557573978905613
2019-02-17 09:00:00,0.012221285593275018
2019-02-17 10:00:00,0.004929857087534018
2019-02-17 11:00:00,0.01335590818245725
2019-02-17 12:00:00,0.006374816597612347
2019-02-17 13:00:00,0.012907685281591556
2019-02-17 14:00:00,0.002674605681813474
2019-02-17 15:00:00,0.008262064982664059
2019-02-17 16:00:00,0.028717871613877812
2019-02-17 17:00:00,0.00759687020701942
2019-02-17 18:00:00,0.004763307664422536
2019-02-17 19:00:00,0.006584725509514766
2019-02-17 20:00:00,0.014947726100969227
2019-02-17 21:00:00,0.014453086487301656
2019-02-17 22:00:00,0.014413804080786432
2019-02-17 23:00:00,0.014404151351787294
2019-02-18 00:00:00,0.014401657895640647
2019-02-18 01:00:00,0.009682640981588757
2019-02-18 02:00:00,0.014364259986556648
2019-02-18 03:00:00,0.016589242797459918
2019-02-18 04:00:00,0.016737381261559846
2019-02-18 05:00:00,0.0077446549391736
2019-02-18 06:00:00,0.005880347511954505
2019-02-18 07:00:00,0.013228525336659632
2019-02-18 08:00:00,0.002939213027029878
2019-02-18 09:00:00,0.00714645958378914
2019-02-18 10:00:00,0.005233653984708258
2019-02-18 11:00:00,0.008624578627202858
2019-02-18 12:00:00,0.014297157966089762
2019-02-18 13:00:00,0.009068521027369618
2019-02-18 14:00:00,0.00569914634648199
2019-02-18 15:00:00,0.007261292241451772
2019-02-18 16:00:00,0.0058552758967372505
2019-02-18 17:00:00,0.006761319869417829
2019-02-18 18:00:00,0.008349545503498012
2019-02-18 19:00:00,0.009584541616521025
2019-02-18 20:00:00,0.010163006029665902
2019-02-18 21:00:00,0.011958408923480657
2019-02-18 22:00:00,0.013993742483614988
2019-02-18 23:00:00,0.0054268694141690315
2019-02-19 00:00:00,0.013912328057538646
2019-02-19 01:00:00,0.014772088418744809
2019-02-19 02:00:00,0.006625176692386569
2019-02-19 03:00:00,0.00941314927015657
2019-02-19 04:00:00,0.017270584933585412
2019-02-19 05:00:00,0.002703801576468776
2019-02-19 06:00:00,0.010737923494384733
2019-02-19 07:00:00,0.0032410951065564414
2019-02-19 08:00:00,0.012431529298174624
2019-02-19 09:00:00,0.012092813467393826
2019-02-19 10:00:00,0.009329866033911345
2019-02-19 11:00:00,0.012202147960693025
2019-02-19 12:00:00,0.0036184080634349136
2019-02-19 13:00:00,0.003127127029949958
2019-02-19 14:00:00,0.008459637858221675
2019-02-19 15:00:00,0.012995859288304686
2019-02-19 16:00:00,0.002787349364901975
2019-02-19 17:00:00,0.003660012756092018
2019-02-19 18:00:00,0.007541942945735793
2019-02-19 19:00:00,0.005155366987535762
2019-02-19 20:00:00,0.013562829696252488
2019-02-19 21:00:00,0.004291142920342584
2019-02-19 22:00:00,0.005771579985948033
2019-02-19 23:00:00,0.006019061561714193
2019-02-20 00:00:00,0.012877682989847795
2019-02-20 01:00:00,0.03095915653497571
2019-02-20 02:00:00,0.004663976085804173
2019-02-20 03:00:00,0.0051835428640515805
2019-02-20 04:00:00,0.013741993568992956
2019-02-20 05:00:00,0.005900814255218829
2019-02-20 06:00:00,0.01360753999370077
2019-02-20 07:00:00,0.013535357735538671
2019-02-20 08:00:00,0.013512057116929183
2019-02-20 09:00:00,0.012737461024345005
2019-02-20 10:00:00,0.0076080262199981945
2019-02-20 11:00:00,0.011647538289083985
2019-02-20 12:00:00,0.009055713364145707
2019-02-20 13:00:00,0.01529491811904381
2019-02-20 14:00:00,0.007149317327411691
2019-02-20 15:00:00,0.011984585980743208
2019-02-20 16:00:00,0.00606051185363341
2019-02-20 17:00:00,0.00798895191290191
2019-02-20 18:00:00,0.011949131816138648
2019-02-20 19:00:00,0.008149964700180281
2019-02-20 20:00:00,0.004039759143610024
2019-02-20 21:00:00,0.01002719095436212
2019-02-20 22:00:00,0.007305878179935669
2019-02-20 23:00:00,0.007110758719280689
2019-02-21 00:00:00,0.00874605871532081
2019-02-21 01:00:00,0.022340593052629493
2019-02-21 02:00:00,0.005840155416801545
2019-02-21 03:00:00,0.008194416408585644
2019-02-21 04:00:00,0.0034378131942035366
2019-02-21 05:00:00,0.011778197886984438
2019-02-21 06:00:00,0.009627527624705989
2019-02-21 07:00:00,0.002582965348327971
2019-02-21 08:00:00,0.004579852342974394
2019-02-21 09:00:00,0.025513843179037533
2019-02-21 10:00:00,0.006969538061548732
2019-02-21 11:00:00,0.008172463391319005
2019-02-21 12:00:00,0.02180832372845136
2019-02-21 13:00:00,0.008664296466574083
2019-02-21 14:00:00,0.00704469521170534
2019-02-21 15:00:00,0.013360354634954707
2019-02-21 16:00:00,0.005948407499883491
2019-02-21 17:00:00,0.009710780530535552
2019-02-21 18:00:00,0.008959318404605404
2019-02-21 19:00:00,0.004889018664644564
2019-02-21 20:00:00,0.008599344878920605
2019-02-21 21:00:00,0.007228792942954769
2019-02-21 22:00:00,0.005325512569943531
2019-02-21 23:00:00,0.0031764546185567093
2019-02-22 00:00:00,0.00900922301372156
2019-02-22 01:00:00,0.004415362375092716
2019-02-22 02:00:00,0.00452942506264927
2019-02-22 03:00:00,0.011274955326738603
2019-02-22 04:00:00,0.0017808668576078138
2019-02-22 05:00:00,0.019924231167904573
2019-02-22 06:00:00,0.003099684787997495
2019-02-22 07:00:00,0.009753759582354185
2019-02-22 08:00:00,0.005071373882808807
2019-02-22 09:00:00,0.015866408794043167
2019-02-22 10:00:00,0.0071351811908857785
2019-02-22 11:00:00,0.017630421872234108
2019-02-22 12:00:00,0.009992587535457557
2019-02-22 13:00:00,0.012374486120701082
2019-02-22 14:00:00,0.008625985441442793
2019-02-22 15:00:00,0.007189626917167299
2019-02-22 16:00:00,0.0021785905190013894
2019-02-22 17:00:00,0.013165247872680814
2019-02-22 18:00:00,0.01270623425109294
2019-02-22 19:00:00,0.012713673050211366
2019-02-22 20:00:00,0.01274791922399181
2019-02-22 21:00:00,0.01278765800733615
2019-02-22 22:00:00,0.015642547080606927
2019-02-22 23:00:00,0.012317041009954338
2019-02-23 00:00:00,0.010612327641808793
2019-02-23 01:00:00,0.006009190651806952
2019-02-23 02:00:00,0.005694529338520015
2019-02-23 03:00:00,0.006529043453076558
2019-02-23 04:00:00,0.009766796474823548
2019-02-23 05:00:00,0.007181254281748953
2019-02-23 06:00:00,0.007325850628788007
2019-02-23 07:00:00,0.0071791301770890124
2019-02-23 08:00:00,0.020436554165096158
2019-02-23 09:00:00,0.010834087395083118
2019-02-23 10:00:00,0.012718455644081072
2019-02-23 11:00:00,0.004739776360626684
2019-02-23 12:00:00,0.01311810740228915
2019-02-23 13:00:00,0.012810062709360555
2019-02-23 14:00:00,0.005456571755385886
2019-02-23 15:00:00,0.0034105176071575673
2019-02-23 16:00:00,0.013616120995037034
2019-02-23 17:00:00,0.0065919762573981265
2019-02-23 18:00:00,0.004454951392881577
2019-02-23 19:00:00,0.008431175573079444
2019-02-23 20:00:00,0.01918628790960033
2019-02-23 21:00:00,0.005963873775061816
2019-02-23 22:00:00,0.008437109235701783
2019-02-23 23:00:00,0.009409176883009575
2019-02-24 00:00:00,0.009673893102982702
2019-02-24 01:00:00,0.006500721243533428
2019-02-24 02:00:00,0.005466331590882607
2019-02-24 03:00:00,0.004090542101171047
2019-02-24 04:00:00,0.007483245758946494
2019-02-24 05:00:00,0.005234042809027095
2019-02-24 06:00:00,0.00542451770129776
2019-02-24 07:00:00,0.0052795492464095956
2019-02-24 08:00:00,0.004789790089659864
2019-02-24 09:00:00,0.006099114824166132
2019-02-24 10:00:00,0.009238022186065648
2019-02-24 11:00:00,0.00811206780476984
2019-02-24 12:00:00,0.006115240423988916
2019-02-24 13:00:00,0.0009019512841177651
2019-02-24 14:00:00,0.007865258344481962
2019-02-24 15:00:00,0.007785621076369961
2019-02-24 16:00:00,0.011187669107218082
2019-02-24 17:00:00,0.0043024926311122525
2019-02-24 18:00:00,0.005832393175167504
2019-02-24 19:00:00,0.008404816647276
2019-02-24 20:00:00,0.016877280654029648
2019-02-24 21:00:00,0.013471247481451263
2019-02-24 22:00:00,0.004784869871458049
2019-02-24 23:00:00,0.018661827904120434
2019-02-25 00:00:00,0.002487919446649629
2019-02-25 01:00:00,0.009407728196546823
2019-02-25 02:00:00,0.007334040849819402
2019-02-25 03:00:00,0.01352772518793517
2019-02-25 04:00:00,0.013500283900450478
2019-02-25 05:00:00,0.013505101818455139
2019-02-25 06:00:00,0.004586798454999847
2019-02-25 07:00:00,0.010056769963551197
2019-02-25 08:00:00,0.005890596029426554
2019-02-25 09:00:00,0.02294988530586281
2019-02-25 10:00:00,0.009573639089545137
2019-02-25 11:00:00,0.009636703358420337
2019-02-25 12:00:00,0.004052369929492036
2019-02-25 13:00:00,0.0029358482452269178
2019-02-25 14:00:00,0.007565571238871469
2019-02-25 15:00:00,0.01103652236960726
2019-02-25 16:00:00,0.005279026891679607
2019-02-25 17:00:00,0.006581018174013101
2019-02-25 18:00:00,0.003940222969467302
2019-02-25 19:00:00,0.005624179845829969
2019-02-25 20:00:00,0.004730782866559543
2019-02-25 21:00:00,0.005669193456116463
2019-02-25 22:00:00,0.04128329125089738
2019-02-25 23:00:00,0.010635461326250989
2019-02-26 00:00:00,0.006044147468518492
2019-02-26 01:00:00,0.005087024452196616
2019-02-26 02:00:00,0.006498049231786759
2019-02-26 03:00:00,0.021739000648197684
2019-02-26 04:00:00,0.015536497492340104
2019-02-26 05:00:00,0.010877663487703465
2019-02-26 06:00:00,0.0046241838827804724
2019-02-26 07:00:00,0.010199736547826754
2019-02-26 08:00:00,0.014349686642136837
2019-02-26 09:00:00,0.005707512345456796
2019-02-26 10:00:00,0.01392104844176437
2019-02-26 11:00:00,0.005460513458586459
2019-02-26 12:00:00,0.004958958127620486
2019-02-26 13:00:00,0.00638164715619554
2019-02-26 14:00:00,0.009693777091426168
2019-02-26 15:00:00,0.002360505293384464
2019-02-26 16:00:00,0.006271137844525539
2019-02-26 17:00:00,0.004801726130094626
2019-02-26 18:00:00,0.0030261550423469888
2019-02-26 19:00:00,0.006405571485451542
2019-02-26 20:00:00,0.005125346287349397
2019-02-26 21:00:00,0.008337443290564949
2019-02-26 22:00:00,0.006565086434158379
2019-02-26 23:00:00,0.0051844449055130715
2019-02-27 00:00:00,0.007159846617387707
2019-02-27 01:00:00,0.012722921128293001
2019-02-27 02:00:00,0.03087317064034264
2019-02-27 03:00:00,0.012027848519509643
2019-02-27 04:00:00,0.007909408647038948
2019-02-27 05:00:00,0.004578386725646276
2019-02-27 06:00:00,0.006307256290667229
2019-02-27 07:00:00,0.004759730508769612
2019-02-27 08:00:00,0.00833617269429384
2019-02-27 09:00:00,0.00824291373991505
2019-02-27 10:00:00,0.00659576847981747
2019-02-27 11:00:00,0.005333209295957249
2019-02-27 12:00:00,0.005417895974323101
2019-02-27 13:00:00,0.007282932810189956
2019-02-27 14:00:00,0.01326547246961125
2019-02-27 15:00:00,0.01275931464782899
2019-02-27 16:00:00,0.012755552681738436
2019-02-27 17:00:00,0.012781133852571418
2019-02-27 18:00:00,0.012813131214814722
2019-02-27 19:00:00,0.008244527570739527
2019-02-27 20:00:00,0.007652817507903426
2019-02-27 21:00:00,0.013625403383397783
2019-02-27 22:00:00,0.007182006207391655
2019-02-27 23:00:00,0.06117990774380321
2019-02-28 00:00:00,0.013348898208390723
2019-02-28 01:00:00,0.005412343872414918
2019-02-28 02:00:00,0.03498421484681279
2019-02-28 03:00:00,0.010385221752595776
2019-02-28 04:00:00,0.007763854813803732
2019-02-28 05:00:00,0.005477783744885003
2019-02-28 06:00:00,0.008103900416302542
2019-02-28 07:00:00,0.01410797717753754
2019-02-28 08:00:00,0.008047855627020078
2019-02-28 09:00:00,0.0071909519081220855
2019-02-28 10:00:00,0.010023110391270483
2019-02-28 11:00:00,0.011767979493681741
2019-02-28 12:00:00,0.002867363933721282
2019-02-28 13:00:00,0.006489338556692352
2019-02-28 14:00:00,0.00952611960654292
2019-02-28 15:00:00,0.011797082383293843
2019-02-28 16:00:00,0.007505233019866063
2019-02-28 17:00:00,0.01535687892313816
2019-02-28 18:00:00,0.007978034072430905
2019-02-28 19:00:00,0.005428674654323542
2019-02-28 20:00:00,0.011076359129584983
2019-02-28 21:00:00,0.009556031253427449
2019-02-28 22:00:00,0.012535896285660453
2019-02-28 23:00:00,0.011616461685628963
2019-03-01 00:00:00,0.007417491690658938
2019-03-01 01:00:00,0.006295216844168522
2019-03-01 02:00:00,0.0033111118956374577
2019-03-01 03:00:00,0.015910877064544755
2019-03-01 04:00:00,0.002995400497771104
2019-03-01 05:00:00,0.010159790838959168
2019-03-01 06:00:00,0.009023185498008303
2019-03-01 07:00:00,0.006980656566919486
2019-03-01 08:00:00,0.008062852064657053
2019-03-01 09:00:00,0.004911792326488861
2019-03-01 10:00:00,0.00978338668013408
2019-03-01 11:00:00,0.003539437986443298
2019-03-01 12:00:00,0.027580249387271345
2019-03-01 13:00:00,0.005994650232265479
2019-03-01 14:00:00,0.009419967523937667
2019-03-01 15:00:00,0.011944632512381849
2019-03-01 16:00:00,0.009036984684518835
2019-03-01 17:00:00,0.014256739490689483
2019-03-01 18:00:00,0.020612950257640678
2019-03-01 19:00:00,0.010926436018129036
2019-03-01 20:00:00,0.010902512889961115
2019-03-01 21:00:00,0.00589106479024306
2019-03-01 22:00:00,0.003348611048376979
2019-03-01 23:00:00,0.010366432418012769
2019-03-02 00:00:00,0.012649284257442868
2019-03-02 01:00:00,0.012653518554269414
2019-03-02 02:00:00,0.012690698285353503
2019-03-02 03:00:00,0.0004894742893896478
2019-03-02 04:00:00,0.01637985452742433
2019-03-02 05:00:00,0.003031598328123988
2019-03-02 06:00:00,0.006923937992202812
2019-03-02 07:00:00,0.007078486045420021
2019-03-02 08:00:00,0.004572325706656798
2019-03-02 09:00:00,0.0021115901961842073
2019-03-02 10:00:00,0.013168325344315746
2019-03-02 11:00:00,0.009067073452023674
2019-03-02 12:00:00,0.004744157397153766
2019-03-02 13:00:00,0.0070853098435227965
2019-03-02 14:00:00,0.006089327192073087
2019-03-02 15:00:00,0.006659505764410386
2019-03-02 16:00:00,0.008091610668113773
2019-03-02 17:00:00,0.009570476100625905
2019-03-02 18:00:00,0.0032777134302299027
2019-03-02 19:00:00,0.005434412818955972
2019-03-02 20:00:00,0.003755188020509715
2019-03-02 21:00:00,0.0056209436703494415
2019-03-02 22:00:00,0.02459036819269803
2019-03-02 23:00:00,0.004262848706669487
2019-03-03 00:00:00,0.015716104265339148
2019-03-03 01:00:00,0.022558258544959554
2019-03-03 02:00:00,0.005619073457816429
2019-03-03 03:00:00,0.015597161208064557
2019-03-03 04:00:00,0.005600381843122679
2019-03-03 05:00:00,0.011663869925044056
2019-03-03 06:00:00,0.006950932751245094
2019-03-03 07:00:00,0.008684502327158708
2019-03-03 08:00:00,0.004966984740355133
2019-03-03 09:00:00,0.004717066000517337
2019-03-03 10:00:00,0.005344523789028155
2019-03-03 11:00:00,0.010488469553267403
2019-03-03 12:00:00,0.007043589678077733
2019-03-03 13:00:00,0.0050774621587428015
2019-03-03 14:00:00,0.007377767840171926
2019-03-03 15:00:00,0.011775990798560078
2019-03-03 16:00:00,0.008306149532676492
2019-03-03 17:00:00,0.008631488516655288
2019-03-03 18:00:00,0.007024773048527751
2019-03-03 19:00:00,0.0045227797031185185
2019-03-03 20:00:00,0.007061316644017318
2019-03-03 21:00:00,0.010250855242543176
2019-03-03 22:00:00,0.008607197869326568
2019-03-03 23:00:00,0.03548620395972548
2019-03-04 00:00:00,0.009108994437162628
2019-03-04 01:00:00,0.007573512261939665
2019-03-04 02:00:00,0.006312556273618392
2019-03-04 03:00:00,0.0022358086971807664
2019-03-04 04:00:00,0.010919346871286827
2019-03-04 05:00:00,0.004022443017869785
2019-03-04 06:00:00,0.011910855418312351
2019-03-04 07:00:00,0.020031461642530016
2019-03-04 08:00:00,0.0018249457348125866
2019-03-04 09:00:00,0.008092207653261772
2019-03-04 10:00:00,0.01138713631807157
2019-03-04 11:00:00,0.014797596301999902
2019-03-04 12:00:00,0.014048818238665696
2019-03-04 13:00:00,0.01397158499583352
2019-03-04 14:00:00,0.013938564765655958
2019-03-04 15:00:00,0.013917566354656182
2019-03-04 16:00:00,0.010018309381190449
2019-03-04 17:00:00,0.008631161461959705
2019-03-04 18:00:00,0.006139739054202175
2019-03-04 19:00:00,0.006512049878869727
2019-03-04 20:00:00,0.008094062844445615
2019-03-04 21:00:00,0.008493193445072208
2019-03-04 22:00:00,0.0060748370343630086
2019-03-04 23:00:00,0.009936078443150337
2019-03-05 00:00:00,0.00781896187274431
2019-03-05 01:00:00,0.006390811108163096
2019-03-05 02:00:00,0.007749650553303309
2019-03-05 03:00:00,0.009869511613767593
2019-03-05 04:00:00,0.007007147636437691
2019-03-05 05:00:00,0.005234738645248235
2019-03-05 06:00:00,0.008914402396374668
2019-03-05 07:00:00,0.009700202180872041
2019-03-05 08:00:00,0.008258108367192419
2019-03-05 09:00:00,0.0062833939556325375
2019-03-05 10:00:00,0.005446093038060235
2019-03-05 11:00:00,0.005417329169422554
2019-03-05 12:00:00,0.004541716597503695
2019-03-05 13:00:00,0.007445418078674636
2019-03-05 14:00:00,0.01040698850591832
2019-03-05 15:00:00,0.008933225590473208
2019-03-05 16:00:00,0.004094470864274519
2019-03-05 17:00:00,0.007545273530106407
2019-03-05 18:00:00,0.005835633185290301
2019-03-05 19:00:00,0.006449717872460267
2019-03-05 20:00:00,0.006260163312577831
2019-03-05 21:00:00,0.003795189767443903
2019-03-05 22:00:00,0.007612680852128418
2019-03-05 23:00:00,0.008919723678025142
2019-03-06 00:00:00,0.0019831816748607646
2019-03-06 01:00:00,0.013057661657463478
2019-03-06 02:00:00,0.006250580360644045
2019-03-06 03:00:00,0.008161077418736356
2019-03-06 04:00:00,0.005716095986475222
2019-03-06 05:00:00,0.00815765243199198
2019-03-06 06:00:00,0.005105240014404496
2019-03-06 07:00:00,0.007052306340944739
2019-03-06 08:00:00,0.007012570708066001
2019-03-06 09:00:00,0.009335675801692374
2019-03-06 10:00:00,0.0031601532259730673
2019-03-06 11:00:00,0.01719156324049337
2019-03-06 12:00:00,0.004335056759979311
2019-03-06 13:00:00,0.016097714233097894
2019-03-06 14:00:00,0.009132070978220929
2019-03-06 15:00:00,0.004364669508312654
2019-03-06 16:00:00,0.006527971113260463
2019-03-06 17:00:00,0.011839948829925376
2019-03-06 18:00:00,0.03126961175454312
2019-03-06 19:00:00,0.0067010854945724636
2019-03-06 20:00:00,0.010361078271395603
2019-03-06 21:00:00,0.015355691745774589
2019-03-06 22:00:00,0.015292781770427807
2019-03-06 23:00:00,0.015247268601777015
2019-03-07 00:00:00,0.004487974248116463
2019-03-07 01:00:00,0.006716937324543547
2019-03-07 02:00:00,0.0075099954589678206
2019-03-07 03:00:00,0.006204643145677423
2019-03-07 04:00:00,0.007507725006135235
2019-03-07 05:00:00,0.010323463153093206
2019-03-07 06:00:00,0.0028031217658529652
2019-03-07 07:00:00,0.006555760118014807
2019-03-07 08:00:00,0.03473386954384308
2019-03-07 09:00:00,0.007985940553831276
2019-03-07 10:00:00,0.007687913252705746
2019-03-07 11:00:00,0.008518234417730272
2019-03-07 12:00:00,0.00970087162332721
2019-03-07 13:00:00,0.005470827594547684
2019-03-07 14:00:00,0.007921467855468533
2019-03-07 15:00:00,0.007873032210663688
2019-03-07 16:00:00,0.008167984338361264
2019-03-07 17:00:00,0.008329744371422995
2019-03-07 18:00:00,0.0017112817302431152
2019-03-07 19:00:00,0.0070347249984746806
2019-03-07 20:00:00,0.006156103387587573
2019-03-07 21:00:00,0.005055694310541038
2019-03-07 22:00:00,0.003210453844961719
2019-03-07 23:00:00,0.006966395693114962
2019-03-08 00:00:00,0.00477446535042703
2019-03-08 01:00:00,0.015587371438919376
2019-03-08 02:00:00,0.0045560943810916315
2019-03-08 03:00:00,0.00884061665990807
2019-03-08 04:00:00,0.011921563698562565
2019-03-08 05:00:00,0.010043956676426241
2019-03-08 06:00:00,0.018618359611483472
2019-03-08 07:00:00,0.008657944649919511
2019-03-08 08:00:00,0.007937921390212243
2019-03-08 09:00:00,0.012967727972462513
2019-03-08 10:00:00,0.005853427743784328
2019-03-08 11:00:00,0.008641975200437253
2019-03-08 12:00:00,0.0319393775950326
2019-03-08 13:00:00,0.010227970645393223
2019-03-08 14:00:00,0.011596615032251512
2019-03-08 15:00:00,0.0019529660990738357
2019-03-08 16:00:00,0.004918133939347294
2019-03-08 17:00:00,0.001731327085053457
2019-03-08 18:00:00,0.008167995658608951
2019-03-08 19:00:00,0.012583184303652508
2019-03-08 20:00:00,0.008281818095494827
2019-03-08 21:00:00,0.00848700524830178
2019-03-08 22:00:00,0.004480622302742777
2019-03-08 23:00:00,0.003983260671792173
2019-03-09 00:00:00,0.003708793821302019
2019-03-09 01:00:00,0.007468151739646589
2019-03-09 02:00:00,0.005235403039853619
2019-03-09 03:00:00,0.002137294158216989
2019-03-09 04:00:00,0.0016441240967773494
2019-03-09 05:00:00,0.009145078114707425
2019-03-09 06:00:00,0.008208300288559492
2019-03-09 07:00:00,0.012745947669699675
2019-03-09 08:00:00,0.014416304348743164
2019-03-09 09:00:00,0.014175395522051118
2019-03-09 10:00:00,0.014135356036640732
2019-03-09 11:00:00,0.014112872363678948
2019-03-09 12:00:00,0.014094822322687188
2019-03-09 13:00:00,0.020893080469736158
2019-03-09 14:00:00,0.019855124358273146
2019-03-09 15:00:00,0.009561173073826215
2019-03-09 16:00:00,0.0071757241693579995
2019-03-09 17:00:00,0.006042863634283371
2019-03-09 18:00:00,0.0035259550673453744
2019-03-09 19:00:00,0.006956874308366189
2019-03-09 20:00:00,0.008074786713858504
2019-03-09 21:00:00,0.012099426416021616
2019-03-09 22:00:00,0.007206058967330351
2019-03-09 23:00:00,0.011992953965140404
2019-03-10 00:00:00,0.01026441445168548
2019-03-10 01:00:00,0.0052247811680214825
2019-03-10 02:00:00,0.004392225731390506
2019-03-10 03:00:00,0.006910645360065048
2019-03-10 04:00:00,0.003438880873928111
2019-03-10 05:00:00,0.0036911369965271193
2019-03-10 06:00:00,0.006577583870505382
2019-03-10 07:00:00,0.023816902751714
2019-03-10 08:00:00,0.013076651773737758
2019-03-10 09:00:00,0.008202595935883716
2019-03-10 10:00:00,0.007151829950161311
2019-03-10 11:00:00,0.010179879097445681
2019-03-10 12:00:00,0.0097843286530021
2019-03-10 13:00:00,0.005313458254757062
2019-03-10 14:00:00,0.002288967581693175
2019-03-10 15:00:00,0.00465125242097357
2019-03-10 16:00:00,0.003961503425613666
2019-03-10 17:00:00,0.004354023820147715
2019-03-10 18:00:00,0.009409291761716286
2019-03-10 19:00:00,0.00882364897807305
2019-03-10 20:00:00,0.009377946836261714
2019-03-10 21:00:00,0.010372333395590152
2019-03-10 22:00:00,0.005586462804811822
2019-03-10 23:00:00,0.01032932054904298
2019-03-11 00:00:00,0.008637851488437384
2019-03-11 01:00:00,0.012506970657049027
2019-03-11 02:00:00,0.005617110508467976
2019-03-11 03:00:00,0.006063115096022459
2019-03-11 04:00:00,0.010219316959759486
2019-03-11 05:00:00,0.01685970963649302
2019-03-11 06:00:00,0.008310074309168075
2019-03-11 07:00:00,0.005103067870153945
2019-03-11 08:00:00,0.006353280598604541
2019-03-11 09:00:00,0.008548005580733608
2019-03-11 10:00:00,0.014973308540703577
2019-03-11 11:00:00,0.009731752015096467
2019-03-11 12:00:00,0.008120296704252936
2019-03-11 13:00:00,0.007917019732348969
2019-03-11 14:00:00,0.0026161307498182708
2019-03-11 15:00:00,0.005608116862249017
2019-03-11 16:00:00,0.0059857570331769425
2019-03-11 17:00:00,0.0028702591649326058
2019-03-11 18:00:00,0.013739307847577839
2019-03-11 19:00:00,0.013690489361921472
2019-03-11 20:00:00,0.013663478717956956
2019-03-11 21:00:00,0.014680064106551533
2019-03-11 22:00:00,0.004740352491299059
2019-03-11 23:00:00,0.005775657585539958
2019-03-12 00:00:00,0.004901466266741852
2019-03-12 01:00:00,0.0022727050507576375
2019-03-12 02:00:00,0.010488537606164682
2019-03-12 03:00:00,0.004493760575949453
2019-03-12 04:00:00,0.0025075220567881305
2019-03-12 05:00:00,0.009981007006137263
2019-03-12 06:00:00,0.005389957591932157
2019-03-12 07:00:00,0.008360723083439143
2019-03-12 08:00:00,0.004541355028916762
2019-03-12 09:00:00,0.006362440979737
2019-03-12 10:00:00,0.007641636552750174
2019-03-12 11:00:00,0.016204308653991095
2019-03-12 12:00:00,0.009916445950062325
2019-03-12 13:00:00,0.010905364987548896
2019-03-12 14:00:00,0.0069080583480960744
2019-03-12 15:00:00,0.008479364522510286
2019-03-12 16:00:00,0.004739520623986567
2019-03-12 17:00:00,0.00998744561774579
2019-03-12 18:00:00,0.009055611902766386
2019-03-12 19:00:00,0.013107844175503432
2019-03-12 20:00:00,0.00518400110989155
2019-03-12 21:00:00,0.00395128436872934
2019-03-12 22:00:00,0.005555386253102988
2019-03-12 23:00:00,0.018663153300309755
2019-03-13 00:00:00,0.0034117589980742964
2019-03-13 01:00:00,0.010587897579625548
2019-03-13 02:00:00,0.012426472940402883
2019-03-13 03:00:00,0.0026112821631108125
2019-03-13 04:00:00,0.005635345706935345
2019-03-13 05:00:00,0.006091058465682724
2019-03-13 06:00:00,0.010889778124704104
2019-03-13 07:00:00,0.0017230064457481444
2019-03-13 08:00:00,0.004661294110769522
2019-03-13 09:00:00,0.01128644764685161
2019-03-13 10:00:00,0.03590497813757509
2019-03-13 11:00:00,0.0017368655961705567
2019-03-13 12:00:00,0.011082845282497988
2019-03-13 13:00:00,0.006522394487593494
2019-03-13 14:00:00,0.007320928778290174
2019-03-13 15:00:00,0.009810553930648476
2019-03-13 16:00:00,0.016308053705861195
2019-03-13 17:00:00,0.015264330451594718
2019-03-13 18:00:00,0.004120922552724865
2019-03-13 19:00:00,0.006643968633898914
2019-03-13 20:00:00,0.01169663293617476
2019-03-13 21:00:00,0.00911168675276458
2019-03-13 22:00:00,0.008727720854836305
2019-03-13 23:00:00,0.0027176983778796657
2019-03-14 00:00:00,0.004520515485113909
2019-03-14 01:00:00,0.007707893314650136
2019-03-14 02:00:00,0.0024426410970606674
2019-03-14 03:00:00,0.0034499994997726565
2019-03-14 04:00:00,0.014059291852698127
2019-03-14 05:00:00,0.013945637451512513
2019-03-14 06:00:00,0.013718035945381245
2019-03-14 07:00:00,0.013678368264148994
2019-03-14 08:00:00,0.013656751683482763
2019-03-14 09:00:00,0.01363995650668944
2019-03-14 10:00:00,0.007474268085520574
2019-03-14 11:00:00,0.008105982189072446
2019-03-14 12:00:00,0.006401730299746688
2019-03-14 13:00:00,0.016501203307449912
2019-03-14 14:00:00,0.008635108654691389
2019-03-14 15:00:00,0.01161155135383642
2019-03-14 16:00:00,0.004968872299706287
2019-03-14 17:00:00,0.00588097099002871
2019-03-14 18:00:00,0.00901494019137343
2019-03-14 19:00:00,0.005717825068674645
2019-03-14 20:00:00,0.00725628249492753
2019-03-14 21:00:00,0.005960368784421218
2019-03-14 22:00:00,0.00402216238020494
2019-03-14 23:00:00,0.006871172093168299
2019-03-15 00:00:00,0.003300699429543595
2019-03-15 01:00:00,0.007114504368935501
2019-03-15 02:00:00,0.0037656670589526625
2019-03-15 03:00:00,0.010910314205430316
2019-03-15 04:00:00,0.0019586243788484387
2019-03-15 05:00:00,0.008003289872245955
2019-03-15 06:00:00,0.008479605043587793
2019-03-15 07:00:00,0.002841568912460743
2019-03-15 08:00:00,0.00539621127348447
2019-03-15 09:00:00,0.005277366253529233
2019-03-15 10:00:00,0.009471915123622703
2019-03-15 11:00:00,0.005645165816235743
2019-03-15 12:00:00,0.021040953259270294
2019-03-15 13:00:00,0.0367867505305219
2019-03-15 14:00:00,0.008741608110197117
2019-03-15 15:00:00,0.0031779055589297796
2019-03-15 16:00:00,0.0060302736696446115
2019-03-15 17:00:00,0.010435158926395153
2019-03-15 18:00:00,0.009846215167796834
2019-03-15 19:00:00,0.009864212014052747
2019-03-15 20:00:00,0.005098062596770556
2019-03-15 21:00:00,0.01364917705126612
2019-03-15 22:00:00,0.008341089990148237
2019-03-15 23:00:00,0.005290365908022958
2019-03-16 00:00:00,0.002842690208192755
2019-03-16 01:00:00,0.004691315891542268
2019-03-16 02:00:00,0.008727956007340578
2019-03-16 03:00:00,0.007012328726504743
2019-03-16 04:00:00,0.008318843903785888
2019-03-16 05:00:00,0.006405749976515346
2019-03-16 06:00:00,0.01862867170986373
2019-03-16 07:00:00,0.008360347039363957
2019-03-16 08:00:00,0.005624333183324274
2019-03-16 09:00:00,0.00884401713792311
2019-03-16 10:00:00,0.004170357250179786
2019-03-16 11:00:00,0.010441834771432033
2019-03-16 12:00:00,0.005278203538259046
2019-03-16 13:00:00,0.010205412353239983
2019-03-16 14:00:00,0.003184133788170188
2019-03-16 15:00:00,0.012787459791628724
2019-03-16 16:00:00,0.012803257373258384
2019-03-16 17:00:00,0.012814672339768378
2019-03-16 18:00:00,0.005419922340674282
2019-03-16 19:00:00,0.007891824654482476
2019-03-16 20:00:00,0.005939640296252928
2019-03-16 21:00:00,0.007924744554128884
2019-03-16 22:00:00,0.011757627937270738
2019-03-16 23:00:00,0.00879030475476637
2019-03-17 00:00:00,0.005437416708897183
2019-03-17 01:00:00,0.009330540567988401
2019-03-17 02:00:00,0.017016547030708817
2019-03-17 03:00:00,0.015936318978534723
2019-03-17 04:00:00,0.0036825523922638785
2019-03-17 05:00:00,0.002412208516725314
2019-03-17 06:00:00,0.010067347940921506
2019-03-17 07:00:00,0.006792232535452431
2019-03-17 08:00:00,0.004737969051430914
2019-03-17 09:00:00,0.008907704380641503
2019-03-17 10:00:00,0.005536518784266161
2019-03-17 11:00:00,0.0080979300443399
2019-03-17 12:00:00,0.006861036978856859
2019-03-17 13:00:00,0.004553413756246179
2019-03-17 14:00:00,0.009214168826259592
2019-03-17 15:00:00,0.008495254492862342
2019-03-17 16:00:00,0.009723089856349596
2019-03-17 17:00:00,0.004313617300627922
2019-03-17 18:00:00,0.012914510905000311
2019-03-17 19:00:00,0.004004616576670822
2019-03-17 20:00:00,0.010302120340871555
2019-03-17 21:00:00,0.002859913319813696
2019-03-17 22:00:00,0.0070200518552957615
2019-03-17 23:00:00,0.008083152875525619
2019-03-18 00:00:00,0.00636526353240198
2019-03-18 01:00:00,0.006370836922816929
2019-03-18 02:00:00,0.005422063670861519
2019-03-18 03:00:00,0.0059449569623382095
2019-03-18 04:00:00,0.0063302677022829485
2019-03-18 05:00:00,0.0020104798677315844
2019-03-18 06:00:00,0.020197244375817908
2019-03-18 07:00:00,0.012915681034543611
2019-03-18 08:00:00,0.002486990683470636
2019-03-18 09:00:00,0.030887987324120663
2019-03-18 10:00:00,0.0029246197301942985
2019-03-18 11:00:00,0.006491971658815252
2019-03-18 12:00:00,0.009263259663289935
2019-03-18 13:00:00,0.027149726605021796
2019-03-18 14:00:00,0.008425903193129627
2019-03-18 15:00:00,0.016859377970353813
2019-03-18 16:00:00,0.017831337474357282
2019-03-18 17:00:00,0.007243472914178624
2019-03-18 18:00:00,0.021802429403720406
2019-03-18 19:00:00,0.04660450829006211
2019-03-18 20:00:00,0.018961200881433316
2019-03-18 21:00:00,0.01025855460277675
2019-03-18 22:00:00,0.005772493583282302
2019-03-18 23:00:00,0.004334582388489032
2019-03-19 00:00:00,0.009422930113004054
2019-03-19 01:00:00,0.00827119139614846
2019-03-19 02:00:00,0.01212919640132496
2019-03-19 03:00:00,0.012727480717705983
2019-03-19 04:00:00,0.012781800883251798
2019-03-19 05:00:00,0.01280097615268946
2019-03-19 06:00:00,0.012809612884286406
2019-03-19 07:00:00,0.003540620399109778
2019-03-19 08:00:00,0.012034596360693565
2019-03-19 09:00:00,0.010943540540847434
2019-03-19 10:00:00,0.004156003121770736
2019-03-19 11:00:00,0.012633380262299744
2019-03-19 12:00:00,0.006942970614543937
2019-03-19 13:00:00,0.00731120701710607
2019-03-19 14:00:00,0.005035529130433432
2019-03-19 15:00:00,0.003110178816775308
2019-03-19 16:00:00,0.01302380908413274
2019-03-19 17:00:00,0.008793189858680366
2019-03-19 18:00:00,0.004575058585176579
2019-03-19 19:00:00,0.007337901244598843
2019-03-19 20:00:00,0.006679350990629455
2019-03-19 21:00:00,0.004856605108490885
2019-03-19 22:00:00,0.004034998814861158
2019-03-19 23:00:00,0.004067441397466375
2019-03-20 00:00:00,0.014230683986421909
2019-03-20 01:00:00,0.01962932529838635
2019-03-20 02:00:00,0.008089351686930273
2019-03-20 03:00:00,0.005228267227960923
2019-03-20 04:00:00,0.003854921981195887
2019-03-20 05:00:00,0.0037614590332193786
2019-03-20 06:00:00,0.004143278182712247
2019-03-20 07:00:00,0.0038914075296171504
2019-03-20 08:00:00,0.008597462580849445
2019-03-20 09:00:00,0.005489921648992937
2019-03-20 10:00:00,0.00792657900278486
2019-03-20 11:00:00,0.012883633621474952
2019-03-20 12:00:00,0.002974737890757274
2019-03-20 13:00:00,0.005864153692334174
2019-03-20 14:00:00,0.004221636851061115
2019-03-20 15:00:00,0.0076281564154080375
2019-03-20 16:00:00,0.007759739111873419
2019-03-20 17:00:00,0.014261984548946465
2019-03-20 18:00:00,0.001368246645567295
2019-03-20 19:00:00,0.008880741767320703
2019-03-20 20:00:00,0.010695983939133284
2019-03-20 21:00:00,0.021128258551693743
2019-03-20 22:00:00,0.006549296051087885
2019-03-20 23:00:00,0.012635526840378778
2019-03-21 00:00:00,0.011858788712971967
2019-03-21 01:00:00,0.0025908100528228683
2019-03-21 02:00:00,0.022937299300189413
2019-03-21 03:00:00,0.011121913783381444
2019-03-21 04:00:00,0.005534703602637112
2019-03-21 05:00:00,0.005892931961310098
2019-03-21 06:00:00,0.009708752842956867
2019-03-21 07:00:00,0.008703094574271843
2019-03-21 08:00:00,0.0075974027725950145
2019-03-21 09:00:00,0.006121859211102245
2019-03-21 10:00:00,0.00510943046757583
2019-03-21 11:00:00,0.006508288612982495
2019-03-21 12:00:00,0.01007257254755055
2019-03-21 13:00:00,0.010209986037791828
2019-03-21 14:00:00,0.010307611188721965
2019-03-21 15:00:00,0.012688965972618574
2019-03-21 16:00:00,0.0255949517450495
2019-03-21 17:00:00,0.006885186717538837
2019-03-21 18:00:00,0.0058993004550406776
2019-03-21 19:00:00,0.008377592570001058
2019-03-21 20:00:00,0.005848816222402168
2019-03-21 21:00:00,0.00815923192108649
2019-03-21 22:00:00,0.014238415737164131
2019-03-21 23:00:00,0.005618516923285373
2019-03-22 00:00:00,0.01517750603595037
2019-03-22 01:00:00,0.007150999376775543
2019-03-22 02:00:00,0.001426071643420555
2019-03-22 03:00:00,0.00876774061195671
2019-03-22 04:00:00,0.023208067009557725
2019-03-22 05:00:00,0.013204636404482694
2019-03-22 06:00:00,0.004379952401593505
2019-03-22 07:00:00,0.0040160267969648064
2019-03-22 08:00:00,0.004793762802426966
2019-03-22 09:00:00,0.005630347764115044
2019-03-22 10:00:00,0.01065059256777034
2019-03-22 11:00:00,0.008354539168082304
2019-03-22 12:00:00,0.008424426752907891
2019-03-22 13:00:00,0.02342064620134046
2019-03-22 14:00:00,0.00600797005910576
2019-03-22 15:00:00,0.006848048540808793
2019-03-22 16:00:00,0.02122143959956831
2019-03-22 17:00:00,0.010306945971865029
2019-03-22 18:00:00,0.0074316431074522
2019-03-22 19:00:00,0.025205858912808406
2019-03-22 20:00:00,0.002485925965882133
2019-03-22 21:00:00,0.00914092622031624
2019-03-22 22:00:00,0.008670956589285732
2019-03-22 23:00:00,0.0015024981822955653
2019-03-23 00:00:00,0.014868237061591428
2019-03-23 01:00:00,0.012363826351184885
2019-03-23 02:00:00,0.010141386413399834
2019-03-23 03:00:00,0.006766162714152551
2019-03-23 04:00:00,0.010620779415801019
2019-03-23 05:00:00,0.006127711490602215
2019-03-23 06:00:00,0.002206490608477156
2019-03-23 07:00:00,0.008189652739343965
2019-03-23 08:00:00,0.009194296735180381
2019-03-23 09:00:00,0.006381873001311052
2019-03-23 10:00:00,0.016440392195349807
2019-03-23 11:00:00,0.016816519252403413
2019-03-23 12:00:00,0.0048625363014836035
2019-03-23 13:00:00,0.026876938384577248
2019-03-23 14:00:00,0.00783534177159562
2019-03-23 15:00:00,0.012512662393721228
2019-03-23 16:00:00,0.012332623360474082
2019-03-23 17:00:00,0.016964711532008514
2019-03-23 18:00:00,0.004966125431459173
2019-03-23 19:00:00,0.005835888795450402
2019-03-23 20:00:00,0.010731255987297947
2019-03-23 21:00:00,0.010859499568208742
2019-03-23 22:00:00,0.007720323656015867
2019-03-23 23:00:00,0.008411828779389773
2019-03-24 00:00:00,0.009112914105061801
2019-03-24 01:00:00,0.0092654046565842
2019-03-24 02:00:00,0.009376059710518102
2019-03-24 03:00:00,0.009472635562700693
2019-03-24 04:00:00,0.0075397811723735475
2019-03-24 05:00:00,0.007245760267106541
2019-03-24 06:00:00,0.010972148938108802
2019-03-24 07:00:00,0.00728502099610637
2019-03-24 08:00:00,0.019764416640155946
2019-03-24 09:00:00,0.01072128211667202
2019-03-24 10:00:00,0.009238545491703316
2019-03-24 11:00:00,0.002386119691196906
2019-03-24 12:00:00,0.008320179661910435
2019-03-24 13:00:00,0.005207376860382803
2019-03-24 14:00:00,0.004236017344229243
2019-03-24 15:00:00,0.014208043484983827
2019-03-24 16:00:00,0.008851946988249287
2019-03-24 17:00:00,0.004012698798962765
2019-03-24 18:00:00,0.008394781933417313
2019-03-24 19:00:00,0.003774553835247452
2019-03-24 20:00:00,0.006526134346059316
2019-03-24 21:00:00,0.0023735313102201043
2019-03-24 22:00:00,0.011802489219645662
2019-03-24 23:00:00,0.009988862976888675
2019-03-25 00:00:00,0.012775333423844794
2019-03-25 01:00:00,0.011736691220215442
2019-03-25 02:00:00,0.010740338335569657
2019-03-25 03:00:00,0.008253723973585718
2019-03-25 04:00:00,0.013757385855629516
2019-03-25 05:00:00,0.004585266888322427
2019-03-25 06:00:00,0.005070916671074908
2019-03-25 07:00:00,0.009340244886677606
2019-03-25 08:00:00,0.007130042010837925
2019-03-25 09:00:00,0.011117215081998687
2019-03-25 10:00:00,0.012158340282297732
2019-03-25 11:00:00,0.007492155396819672
2019-03-25 12:00:00,0.005199148352644441
2019-03-25 13:00:00,0.00975067969386905
2019-03-25 14:00:00,0.010344539166898432
2019-03-25 15:00:00,0.025156750197653004
2019-03-25 16:00:00,0.005094358367462736
2019-03-25 17:00:00,0.015212394365650632
2019-03-25 18:00:00,0.01576781040038105
2019-03-25 19:00:00,0.008536421912362807
2019-03-25 20:00:00,0.005202959919051806
2019-03-25 21:00:00,0.004527706582899399
2019-03-25 22:00:00,0.0037625540590712336
2019-03-25 23:00:00,0.0050027121878798465
2019-03-26 00:00:00,0.003752012006151376
2019-03-26 01:00:00,0.016221988416054888
2019-03-26 02:00:00,0.00988828137707993
2019-03-26 03:00:00,0.00503947008165311
2019-03-26 04:00:00,0.009307991164148948
2019-03-26 05:00:00,0.006923143933714736
2019-03-26 06:00:00,0.012064083263681859
2019-03-26 07:00:00,0.003832312926356587
2019-03-26 08:00:00,0.010904715090726547
2019-03-26 09:00:00,0.00834483830473896
2019-03-26 10:00:00,0.008503789878385366
2019-03-26 11:00:00,0.008616902394085971
2019-03-26 12:00:00,0.01618186795412034
2019-03-26 13:00:00,0.023975672739816458
2019-03-26 14:00:00,0.006423666211068562
2019-03-26 15:00:00,0.009593134147779226
2019-03-26 16:00:00,0.006688346773551529
2019-03-26 17:00:00,0.007043237686775315
2019-03-26 18:00:00,0.017139796630902322
2019-03-26 19:00:00,0.006748964110337382
2019-03-26 20:00:00,0.006793210881761138
2019-03-26 21:00:00,0.006355120387473928
2019-03-26 22:00:00,0.008166512083996526
2019-03-26 23:00:00,0.018493890983576122
2019-03-27 00:00:00,0.008674946585964042
2019-03-27 01:00:00,0.007984839536552948
2019-03-27 02:00:00,0.008142000300835098
2019-03-27 03:00:00,0.0052322235580044675
2019-03-27 04:00:00,0.002680690268874626
2019-03-27 05:00:00,0.008067737924537422
2019-03-27 06:00:00,0.006635312087430156
2019-03-27 07:00:00,0.003019847995329808
2019-03-27 08:00:00,0.008924052404169125
2019-03-27 09:00:00,0.0036717715777719994
2019-03-27 10:00:00,0.004639317080290262
2019-03-27 11:00:00,0.01871175418988854
2019-03-27 12:00:00,0.007731375486994255
2019-03-27 13:00:00,0.005219836631168441
2019-03-27 14:00:00,0.00856151660054344
2019-03-27 15:00:00,0.00820292111871976
2019-03-27 16:00:00,0.024190939776231244
2019-03-27 17:00:00,0.00759308324212779
2019-03-27 18:00:00,0.02065194272888161
2019-03-27 19:00:00,0.004348664425365663
2019-03-27 20:00:00,0.004847813302901693
2019-03-27 21:00:00,0.007179958788911442
2019-03-27 22:00:00,0.019248096229363628
2019-03-27 23:00:00,0.027395522205039168
2019-03-28 00:00:00,0.0028576555409974887
2019-03-28 01:00:00,0.006348206081788845
2019-03-28 02:00:00,0.010567958299378547
2019-03-28 03:00:00,0.005815531178716688
2019-03-28 04:00:00,0.0027501352921015716
2019-03-28 05:00:00,0.006424007765476252
2019-03-28 06:00:00,0.010075195961249082
2019-03-28 07:00:00,0.0026084772579981846
2019-03-28 08:00:00,0.01060491677494652
2019-03-28 09:00:00,0.0069187465429786646
2019-03-28 10:00:00,0.017140065291187143
2019-03-28 11:00:00,0.009209641430944486
2019-03-28 12:00:00,0.00930632905067068
2019-03-28 13:00:00,0.022461510497102197
2019-03-28 14:00:00,0.010733899856102515
2019-03-28 15:00:00,0.01970073985758424
2019-03-28 16:00:00,0.02706883249132292
2019-03-28 17:00:00,0.018000699184149493
2019-03-28 18:00:00,0.0031608252183214546
2019-03-28 19:00:00,0.005658391063125251
2019-03-28 20:00:00,0.008759874228531288
2019-03-28 21:00:00,0.009483222000911463
2019-03-28 22:00:00,0.009623132392462683
2019-03-28 23:00:00,0.00971888711745165
2019-03-29 00:00:00,0.00980052311247994
2019-03-29 01:00:00,0.006816004098719149
2019-03-29 02:00:00,0.00841188231262732
2019-03-29 03:00:00,0.012549051156680216
2019-03-29 04:00:00,0.006643537758520141
2019-03-29 05:00:00,0.022873309260199513
2019-03-29 06:00:00,0.010468101254510335
2019-03-29 07:00:00,0.004929508403848939
2019-03-29 08:00:00,0.009985274876705091
2019-03-29 09:00:00,0.008085744123265789
2019-03-29 10:00:00,0.00744973632326479
2019-03-29 11:00:00,0.013102969000881643
2019-03-29 12:00:00,0.009694249673252046
2019-03-29 13:00:00,0.007926812046010945
2019-03-29 14:00:00,0.0038995240399496128
2019-03-29 15:00:00,0.007849752576904585
2019-03-29 16:00:00,0.01208359265462551
2019-03-29 17:00:00,0.0069476853828245025
2019-03-29 18:00:00,0.009397150091484754
2019-03-29 19:00:00,0.020145342826304754
2019-03-29 20:00:00,0.01670830478912799
2019-03-29 21:00:00,0.008619112394278636
2019-03-29 22:00:00,0.007088180058596704
2019-03-29 23:00:00,0.00834372606945114
2019-03-30 00:00:00,0.0021955075754865826
2019-03-30 01:00:00,0.008790565302209818
2019-03-30 02:00:00,0.009785838541292157
2019-03-30 03:00:00,0.001872892514017621
2019-03-30 04:00:00,0.0036203683726534026
2019-03-30 05:00:00,0.0023380587551003074
2019-03-30 06:00:00,0.005594636944470778
2019-03-30 07:00:00,0.004995661340468766
2019-03-30 08:00:00,0.007845380586684643
2019-03-30 09:00:00,0.011854297791279732
2019-03-30 10:00:00,0.011279638672586623
2019-03-30 11:00:00,0.013288123861846968
2019-03-30 12:00:00,0.011496002668654562
2019-03-30 13:00:00,0.004411896695245233
2019-03-30 14:00:00,0.0009342337606979721
2019-03-30 15:00:00,0.007868813448234906
2019-03-30 16:00:00,0.004629002057971714
2019-03-30 17:00:00,0.004581598525358434
2019-03-30 18:00:00,0.009744607435058575
2019-03-30 19:00:00,0.012897534472739933
2019-03-30 20:00:00,0.011442134436286675
2019-03-30 21:00:00,0.018014012314063386
2019-03-30 22:00:00,0.00823057272233739
2019-03-30 23:00:00,0.014939731669151055
2019-03-31 00:00:00,0.013905786678948083
2019-03-31 01:00:00,0.006796167040546147
2019-03-31 02:00:00,0.0072849761405876165
2019-03-31 03:00:00,0.0028781671387536336
2019-03-31 04:00:00,0.007159825390756229
2019-03-31 05:00:00,0.006199468322183846
2019-03-31 06:00:00,0.006421662641719703
2019-03-31 07:00:00,0.006594054798817957
2019-03-31 08:00:00,0.006727415100437713
2019-03-31 09:00:00,0.004534731241303127
2019-03-31 10:00:00,0.0032771151234883
2019-03-31 11:00:00,0.007664855833169074
2019-03-31 12:00:00,0.00989947125588272
2019-03-31 13:00:00,0.008615331802722255
2019-03-31 14:00:00,0.003642578060775212
2019-03-31 15:00:00,0.006054478529509448
2019-03-31 16:00:00,0.009552156876883721
2019-03-31 17:00:00,0.007325038210118798
2019-03-31 18:00:00,0.0074084538670243436
2019-03-31 19:00:00,0.015486858815641368
2019-03-31 20:00:00,0.01296012432126172
2019-03-31 21:00:00,0.007349970954527202
2019-03-31 22:00:00,0.013150451511732126
2019-03-31 23:00:00,0.005375877288968623
2019-04-01 00:00:00,0.012316218331787197
2019-04-01 01:00:00,0.008833347572875011
2019-04-01 02:00:00,0.0037596990149378257
2019-04-01 03:00:00,0.00617897350469615
2019-04-01 04:00:00,0.02472017788929609
2019-04-01 05:00:00,0.03020552073413003
2019-04-01 06:00:00,0.006743146139362702
2019-04-01 07:00:00,0.0028013019738373245
2019-04-01 08:00:00,0.0028057321189983255
2019-04-01 09:00:00,0.01226735206899364
2019-04-01 10:00:00,0.0086319823490001
2019-04-01 11:00:00,0.005853121500253407
2019-04-01 12:00:00,0.0035794130344878466
2019-04-01 13:00:00,0.02314042468800922
2019-04-01 14:00:00,0.001675157102438053
2019-04-01 15:00:00,0.0065938249747122275
2019-04-01 16:00:00,0.019159427681799738
2019-04-01 17:00:00,0.012257013845483358
2019-04-01 18:00:00,0.004160439501302833
2019-04-01 19:00:00,0.017256648839937168
2019-04-01 20:00:00,0.011872609177948608
2019-04-01 21:00:00,0.0032234550444712033
2019-04-01 22:00:00,0.029296994111954335
2019-04-01 23:00:00,0.006048846236999549
2019-04-02 00:00:00,0.004580355243959448
2019-04-02 01:00:00,0.0028311832635416743
2019-04-02 02:00:00,0.009142986425350401
2019-04-02 03:00:00,0.014840717021929285
2019-04-02 04:00:00,0.011642344154162878
2019-04-02 05:00:00,0.001873973170264062
2019-04-02 06:00:00,0.014006002936828339
2019-04-02 07:00:00,0.02062200989815666
2019-04-02 08:00:00,0.008280842039331462
2019-04-02 09:00:00,0.006297452658134416
2019-04-02 10:00:00,0.018376321160098533
2019-04-02 11:00:00,0.011132877286822673
2019-04-02 12:00:00,0.005350798848373117
2019-04-02 13:00:00,0.024041283656383496
2019-04-02 14:00:00,0.01853947408384519
2019-04-02 15:00:00,0.013224642022697367
2019-04-02 16:00:00,0.012053173886778994
2019-04-02 17:00:00,0.006254279251989232
2019-04-02 18:00:00,0.006759757702752447
2019-04-02 19:00:00,0.006904426675284706
2019-04-02 20:00:00,0.007023702825428616
2019-04-02 21:00:00,0.007137297069979788
2019-04-02 22:00:00,0.005479102293762085
2019-04-02 23:00:00,0.014025419526992043
2019-04-03 00:00:00,0.006295498028260656
2019-04-03 01:00:00,0.014531161359801151
2019-04-03 02:00:00,0.008943807187561235
2019-04-03 03:00:00,0.05157980446467994
2019-04-03 04:00:00,0.010688287304203986
2019-04-03 05:00:00,0.012384613183779177
2019-04-03 06:00:00,0.003184887239076186
2019-04-03 07:00:00,0.010105708227036091
2019-04-03 08:00:00,0.0024275764130427782
2019-04-03 09:00:00,0.007319682692144815
2019-04-03 10:00:00,0.0031461425691342478
2019-04-03 11:00:00,0.0034251899504051993
2019-04-03 12:00:00,0.0051087513030604334
2019-04-03 13:00:00,0.010234605781406489
2019-04-03 14:00:00,0.003806713019346283
2019-04-03 15:00:00,0.006980487784625801
2019-04-03 16:00:00,0.01578505991099843
2019-04-03 17:00:00,0.010858313996693045
2019-04-03 18:00:00,0.005666470122266234
2019-04-03 19:00:00,0.013487345463112869
2019-04-03 20:00:00,0.009558900982868861
2019-04-03 21:00:00,0.004469938558934202
2019-04-03 22:00:00,0.004755565267350041
2019-04-03 23:00:00,0.00876491725497214
2019-04-04 00:00:00,0.0035033117309039756
2019-04-04 01:00:00,0.015154632447838831
2019-04-04 02:00:00,0.018455656522191683
2019-04-04 03:00:00,0.005491001856363569
2019-04-04 04:00:00,0.007283370831215411
2019-04-04 05:00:00,0.00617229123319317
2019-04-04 06:00:00,0.009961024295240465
2019-04-04 07:00:00,0.009355400390289198
2019-04-04 08:00:00,0.0045808789520273615
2019-04-04 09:00:00,0.026903977222047293
2019-04-04 10:00:00,0.010057640241297081
2019-04-04 11:00:00,0.03647910307316752
2019-04-04 12:00:00,0.00578478532091763
2019-04-04 13:00:00,0.059554679946906046
2019-04-04 14:00:00,0.005596609722844602
2019-04-04 15:00:00,0.011568783894846191
2019-04-04 16:00:00,0.007613972785313376
2019-04-04 17:00:00,0.006886977062577981
2019-04-04 18:00:00,0.016964533637363194
2019-04-04 19:00:00,0.006210357255691466
2019-04-04 20:00:00,0.010869726399611312
2019-04-04 21:00:00,0.020040981160167663
2019-04-04 22:00:00,0.013139088306177701
2019-04-04 23:00:00,0.019002632879093897
2019-04-05 00:00:00,0.024909695654919198
2019-04-05 01:00:00,0.020398900118801577
2019-04-05 02:00:00,0.006977387797767532
2019-04-05 03:00:00,0.00988547922046526
2019-04-05 04:00:00,0.010054101805399687
2019-04-05 05:00:00,0.010174643931295302
2019-04-05 06:00:00,0.0071100255346946
2019-04-05 07:00:00,0.009386626449249959
2019-04-05 08:00:00,0.007146792053120176
2019-04-05 09:00:00,0.006708217241065682
2019-04-05 10:00:00,0.007535225406957924
2019-04-05 11:00:00,0.008600205391821148
2019-04-05 12:00:00,0.02168365710154942
2019-04-05 13:00:00,0.0019133695187218288
2019-04-05 14:00:00,0.0049397580924076465
2019-04-05 15:00:00,0.008489355508226201
2019-04-05 16:00:00,0.007350432900948612
2019-04-05 17:00:00,0.013152954602891254
2019-04-05 18:00:00,0.00786756039412603
2019-04-05 19:00:00,0.010157073907898898
2019-04-05 20:00:00,0.005861847637522376
2019-04-05 21:00:00,0.003155843730372786
2019-04-05 22:00:00,0.012480638943804134
2019-04-05 23:00:00,0.010444814793894653
2019-04-06 00:00:00,0.0045633552429250185
2019-04-06 01:00:00,0.009640492119688183
2019-04-06 02:00:00,0.028234799059091476
2019-04-06 03:00:00,0.013211174906509743
2019-04-06 04:00:00,0.01325329571422918
2019-04-06 05:00:00,0.007538890778268691
2019-04-06 06:00:00,0.003888358071260267
2019-04-06 07:00:00,0.02532151320083087
2019-04-06 08:00:00,0.005954062122791854
2019-04-06 09:00:00,0.01352731812183174
2019-04-06 10:00:00,0.017769903661238255
2019-04-06 11:00:00,0.012944293919769463
2019-04-06 12:00:00,0.011651306868936695
2019-04-06 13:00:00,0.004984407500036787
2019-04-06 14:00:00,0.015121781365096018
2019-04-06 15:00:00,0.007215058044194945
2019-04-06 16:00:00,0.012877702976868466
2019-04-06 17:00:00,0.006059772618865336
2019-04-06 18:00:00,0.008671388351148165
2019-04-06 19:00:00,0.015175935238843209
2019-04-06 20:00:00,0.009857155800045736
2019-04-06 21:00:00,0.014512539392196287
2019-04-06 22:00:00,0.017093024845608328
2019-04-06 23:00:00,0.009208023442801725
2019-04-07 00:00:00,0.011950889228295092
2019-04-07 01:00:00,0.015205485100074898
2019-04-07 02:00:00,0.01531828998985819
2019-04-07 03:00:00,0.017849513700601324
2019-04-07 04:00:00,0.03168825571519673
2019-04-07 05:00:00,0.025977950792914276
2019-04-07 06:00:00,0.032128567228815
2019-04-07 07:00:00,0.029992615931325673
2019-04-07 08:00:00,0.00996141258353482
2019-04-07 09:00:00,0.009320555017058979
2019-04-07 10:00:00,0.004170568293390195
2019-04-07 11:00:00,0.010341110945517472
2019-04-07 12:00:00,0.010882947522908228
2019-04-07 13:00:00,0.012885750841996058
2019-04-07 14:00:00,0.00949365642386608
2019-04-07 15:00:00,0.010190702133933584
2019-04-07 16:00:00,0.010350814347098412
2019-04-07 17:00:00,0.010469075739122055
2019-04-07 18:00:00,0.010574194745979816
2019-04-07 19:00:00,0.021625260789975558
2019-04-07 20:00:00,0.010431891505804643
2019-04-07 21:00:00,0.006009809246808082
2019-04-07 22:00:00,0.003100058178533485
2019-04-07 23:00:00,0.008024443189312957
2019-04-08 00:00:00,0.0027904787514348365
2019-04-08 01:00:00,0.016378551855067296
2019-04-08 02:00:00,0.006936347062524168
2019-04-08 03:00:00,0.007038756424894304
2019-04-08 04:00:00,0.005100126232692396
2019-04-08 05:00:00,0.044842210503452884
2019-04-08 06:00:00,0.008481695511646953
2019-04-08 07:00:00,0.015033938172549917
2019-04-08 08:00:00,0.01008710672468642
2019-04-08 09:00:00,0.013851014991216052
2019-04-08 10:00:00,0.006834300758650031
2019-04-08 11:00:00,0.002925716534239482
2019-04-08 12:00:00,0.021654959279396823
2019-04-08 13:00:00,0.008787608658672187
2019-04-08 14:00:00,0.0018216057148537019
2019-04-08 15:00:00,0.011971167368261664
2019-04-08 16:00:00,0.04115757081548993
2019-04-08 17:00:00,0.012539317761266242
2019-04-08 18:00:00,0.006973816271113955
2019-04-08 19:00:00,0.00914774414496589
2019-04-08 20:00:00,0.011920477097118338
2019-04-08 21:00:00,0.025956240608664447
2019-04-08 22:00:00,0.009878852424852607
2019-04-08 23:00:00,0.01959673056605991
2019-04-09 00:00:00,0.03415512135857863
2019-04-09 01:00:00,0.013897449910466689
2019-04-09 02:00:00,0.010881568394726728
2019-04-09 03:00:00,0.015794252777430604
2019-04-09 04:00:00,0.004175272944968318
2019-04-09 05:00:00,0.023836569919804908
2019-04-09 06:00:00,0.011010519887505973
2019-04-09 07:00:00,0.02952318541225071
2019-04-09 08:00:00,0.0074457183692038425
2019-04-09 09:00:00,0.025598108170681238
2019-04-09 10:00:00,0.025719836081123208
2019-04-09 11:00:00,0.00962539476574389
2019-04-09 12:00:00,0.0068904788004086085
2019-04-09 13:00:00,0.009669944270535675
2019-04-09 14:00:00,0.014327729843395417
2019-04-09 15:00:00,0.005886469806295044
2019-04-09 16:00:00,0.02677064341285985
2019-04-09 17:00:00,0.017827959963428796
2019-04-09 18:00:00,0.01588908866241599
2019-04-09 19:00:00,0.007475946318068479
2019-04-09 20:00:00,0.016534561087629972
2019-04-09 21:00:00,0.019511127403422264
2019-04-09 22:00:00,0.0107911299499733
2019-04-09 23:00:00,0.0039105766862460025
2019-04-10 00:00:00,0.012507599012639075
2019-04-10 01:00:00,0.012674025883660858
2019-04-10 02:00:00,0.012805213629218784
2019-04-10 03:00:00,0.025901072779039705
2019-04-10 04:00:00,0.011782632793846587
2019-04-10 05:00:00,0.007996496506448248
2019-04-10 06:00:00,0.009242517597163569
2019-04-10 07:00:00,0.012128557119714984
2019-04-10 08:00:00,0.01256956801910116
2019-04-10 09:00:00,0.01012630004231775
2019-04-10 10:00:00,0.019155536609753568
2019-04-10 11:00:00,0.0030399286037666607
2019-04-10 12:00:00,0.011328464086185727
2019-04-10 13:00:00,0.01120710327893647
2019-04-10 14:00:00,0.007150375462086219
2019-04-10 15:00:00,0.013083265228444982
2019-04-10 16:00:00,0.00986470794244383
2019-04-10 17:00:00,0.0034773498066262296
2019-04-10 18:00:00,0.007588555834512836
2019-04-10 19:00:00,0.026424555836056053
2019-04-10 20:00:00,0.01619749526220956
2019-04-10 21:00:00,0.010012209456108085
2019-04-10 22:00:00,0.009192799172908585
2019-04-10 23:00:00,0.0038936368085377227
2019-04-11 00:00:00,0.01752207160930369
2019-04-11 01:00:00,0.017784864445575456
2019-04-11 02:00:00,0.013987710577457069
2019-04-11 03:00:00,0.00959177034265088
2019-04-11 04:00:00,0.008018982993842861
2019-04-11 05:00:00,0.011794249756500499
2019-04-11 06:00:00,0.006554059259561603
2019-04-11 07:00:00,0.020788334593929956
2019-04-11 08:00:00,0.0062386126032322985
2019-04-11 09:00:00,0.008117892898874577
2019-04-11 10:00:00,0.02225110440927156
2019-04-11 11:00:00,0.015711696529059217
2019-04-11 12:00:00,0.010164313598059343
2019-04-11 13:00:00,0.00981550341875184
2019-04-11 14:00:00,0.010752435025049027
2019-04-11 15:00:00,0.03406634585966003
2019-04-11 16:00:00,0.013535578966489265
2019-04-11 17:00:00,0.040667533407331966
2019-04-11 18:00:00,0.013504564063007637
2019-04-11 19:00:00,0.0030553118314070927
2019-04-11 20:00:00,0.0039279513202194645
2019-04-11 21:00:00,0.009746376104222543
2019-04-11 22:00:00,0.010119135384714453
2019-04-11 23:00:00,0.007529231883193299
2019-04-12 00:00:00,0.05809443419995731
2019-04-12 01:00:00,0.01406232833476698
2019-04-12 02:00:00,0.019183583546175522
2019-04-12 03:00:00,0.015388625591241182
2019-04-12 04:00:00,0.01969764494707611
2019-04-12 05:00:00,0.013621729834442422
2019-04-12 06:00:00,0.02329183928863897
2019-04-12 07:00:00,0.028460595724002464
2019-04-12 08:00:00,0.020982045195064594
2019-04-12 09:00:00,0.010988778099974263
2019-04-12 10:00:00,0.008631920161995765
2019-04-12 11:00:00,0.009871460137534835
2019-04-12 12:00:00,0.010360628328755162
2019-04-12 13:00:00,0.010520193258641295
2019-04-12 14:00:00,0.010653876003255607
2019-04-12 15:00:00,0.010779797730170178
2019-04-12 16:00:00,0.03736380533935635
2019-04-12 17:00:00,0.01772318800529604
2019-04-12 18:00:00,0.0018218727403413344
2019-04-12 19:00:00,0.013483199339301257
2019-04-12 20:00:00,0.021568938318751132
2019-04-12 21:00:00,0.01162830871786612
2019-04-12 22:00:00,0.01255749719586514
2019-04-12 23:00:00,0.034586062587438765
2019-04-13 00:00:00,0.013797083386124542
2019-04-13 01:00:00,0.01312173820470484
2019-04-13 02:00:00,0.005662120529253604
2019-04-13 03:00:00,0.012955318064868881
2019-04-13 04:00:00,0.005624414584037003
2019-04-13 05:00:00,0.014555545570964898
2019-04-13 06:00:00,0.012615881906579078
2019-04-13 07:00:00,0.007111790582807628
2019-04-13 08:00:00,0.015403347893764758
2019-04-13 09:00:00,0.019840649447895337
2019-04-13 10:00:00,0.00849176644268306
2019-04-13 11:00:00,0.02412940728003497
2019-04-13 12:00:00,0.01757253387584119
2019-04-13 13:00:00,0.017324894316964552
2019-04-13 14:00:00,0.03873486376050015
2019-04-13 15:00:00,0.006078643281390808
2019-04-13 16:00:00,0.010335656315068227
2019-04-13 17:00:00,0.003811390087747409
2019-04-13 18:00:00,0.024392728374576778
2019-04-13 19:00:00,0.012324524548886513
2019-04-13 20:00:00,0.0048164909367243635
2019-04-13 21:00:00,0.013077943743179865
2019-04-13 22:00:00,0.007018362566051217
2019-04-13 23:00:00,0.014770733358140699
2019-04-14 00:00:00,0.019783116656510103
2019-04-14 01:00:00,0.03493730794376362
2019-04-14 02:00:00,0.032941723987194936
2019-04-14 03:00:00,0.024601972362905667
2019-04-14 04:00:00,0.018739567470953667
2019-04-14 05:00:00,0.012574836129583065
2019-04-14 06:00:00,0.011109938160766022
2019-04-14 07:00:00,0.04934376250039034
2019-04-14 08:00:00,0.0015323052563043027
2019-04-14 09:00:00,0.021781887766867094
2019-04-14 10:00:00,0.011504964507887877
2019-04-14 11:00:00,0.02121353670253218
2019-04-14 12:00:00,0.015913250063146502
2019-04-14 13:00:00,0.007019523692576089
2019-04-14 14:00:00,0.01011632979938067
2019-04-14 15:00:00,0.010051399953165494
2019-04-14 16:00:00,0.011603411015958893
2019-04-14 17:00:00,0.045899874485170536
2019-04-14 18:00:00,0.0038808047121422196
2019-04-14 19:00:00,0.0077865326325102565
2019-04-14 20:00:00,0.013583262783596497
2019-04-14 21:00:00,0.008915662768394925
2019-04-14 22:00:00,0.008899735039562297
2019-04-14 23:00:00,0.008896963878541568
2019-04-15 00:00:00,0.020320977970178254
2019-04-15 01:00:00,0.033452427729896976
2019-04-15 02:00:00,0.013193156993005094
2019-04-15 03:00:00,0.009133411982626205
2019-04-15 04:00:00,0.0072142541699752255
2019-04-15 05:00:00,0.01300047013860294
2019-04-15 06:00:00,0.010148641319990364
2019-04-15 07:00:00,0.008122627126870263
2019-04-15 08:00:00,0.007210154940455094
2019-04-15 09:00:00,0.01265578090695957
2019-04-15 10:00:00,0.042065397166930106
2019-04-15 11:00:00,0.03549149674265735
2019-04-15 12:00:00,0.012669731739852223
2019-04-15 13:00:00,0.021831332743084707
2019-04-15 14:00:00,0.016646290096700853
2019-04-15 15:00:00,0.01069981375665166
2019-04-15 16:00:00,0.0063827656315518285
2019-04-15 17:00:00,0.010185241963205947
2019-04-15 18:00:00,0.01061573638623961
2019-04-15 19:00:00,0.009516192198315234
2019-04-15 20:00:00,0.037305093439427166
2019-04-15 21:00:00,0.02920954294576986
2019-04-15 22:00:00,0.01010509831540665
2019-04-15 23:00:00,0.015435564577180734
2019-04-16 00:00:00,0.019251026000243046
2019-04-16 01:00:00,0.014328632141383474
2019-04-16 02:00:00,0.007840809672141853
2019-04-16 03:00:00,0.012188623827830456
2019-04-16 04:00:00,0.015120889761050063
2019-04-16 05:00:00,0.03942619316299812
2019-04-16 06:00:00,0.005718827384111934
2019-04-16 07:00:00,0.011052099163590918
2019-04-16 08:00:00,0.011190882893410073
2019-04-16 09:00:00,0.013909162798257855
2019-04-16 10:00:00,0.007359129419568079
2019-04-16 11:00:00,0.013242910242803269
2019-04-16 12:00:00,0.013454682939992234
2019-04-16 13:00:00,0.0259686632156099
2019-04-16 14:00:00,0.009529455262526111
2019-04-16 15:00:00,0.006215009205292278
2019-04-16 16:00:00,0.013065577201338543
2019-04-16 17:00:00,0.013579607135114176
2019-04-16 18:00:00,0.009661896077902897
2019-04-16 19:00:00,0.012619019241734626
2019-04-16 20:00:00,0.005356848091616399
2019-04-16 21:00:00,0.00598999871768092
2019-04-16 22:00:00,0.04205981161667528
2019-04-16 23:00:00,0.006473389171307127
2019-04-17 00:00:00,0.0037270884312596534
2019-04-17 01:00:00,0.010291247330878628
2019-04-17 02:00:00,0.004962556747260578
2019-04-17 03:00:00,0.03012954277405493
2019-04-17 04:00:00,0.015970388661745848
2019-04-17 05:00:00,0.014997779658022533
2019-04-17 06:00:00,0.023521622425159844
2019-04-17 07:00:00,0.023688440941294273
2019-04-17 08:00:00,0.006565184678546471
2019-04-17 09:00:00,0.006907067575577363
2019-04-17 10:00:00,0.00702969184898242
2019-04-17 11:00:00,0.0071515921143929856
2019-04-17 12:00:00,0.007284546846637028
2019-04-17 13:00:00,0.022339142546130574
2019-04-17 14:00:00,0.02896787866666592
2019-04-17 15:00:00,0.003938284223912602
2019-04-17 16:00:00,0.009139064607073416
2019-04-17 17:00:00,0.009354241618427482
2019-04-17 18:00:00,0.008640370556124039
2019-04-17 19:00:00,0.025361957168251334
2019-04-17 20:00:00,0.011295302009487754
2019-04-17 21:00:00,0.03327611309686813
2019-04-17 22:00:00,0.02280365438214191
2019-04-17 23:00:00,0.012330191626063981
2019-04-18 00:00:00,0.030938642556809594
2019-04-18 01:00:00,0.07324386611699563
2019-04-18 02:00:00,0.01659145886082099
2019-04-18 03:00:00,0.0047668484452947305
2019-04-18 04:00:00,0.008604152354832265
2019-04-18 05:00:00,0.007506977241275245
2019-04-18 06:00:00,0.02538971981919989
2019-04-18 07:00:00,0.01385012414700445
2019-04-18 08:00:00,0.021125020193282208
2019-04-18 09:00:00,0.03979531365188501
2019-04-18 10:00:00,0.020132591714896994
2019-04-18 11:00:00,0.010072297147721017
2019-04-18 12:00:00,0.00720427582098693
2019-04-18 13:00:00,0.035674933815004306
2019-04-18 14:00:00,0.012282610259618873
2019-04-18 15:00:00,0.008634185612935117
2019-04-18 16:00:00,0.015497426197798092
2019-04-18 17:00:00,0.05565019887552565
2019-04-18 18:00:00,0.004347509306429684
2019-04-18 19:00:00,0.01560287402246391
2019-04-18 20:00:00,0.009321299027195319
2019-04-18 21:00:00,0.007464993623584441
2019-04-18 22:00:00,0.02052140160799537
2019-04-18 23:00:00,0.016801233405680193
2019-04-19 00:00:00,0.013152075258409288
2019-04-19 01:00:00,0.010731202915461324
2019-04-19 02:00:00,0.015760648054158007
2019-04-19 03:00:00,0.049046202421662195
2019-04-19 04:00:00,0.0020926510499677396
2019-04-19 05:00:00,0.009801706010197196
2019-04-19 06:00:00,0.010079834691446923
2019-04-19 07:00:00,0.020896260446598706
2019-04-19 08:00:00,0.04870128567037341
2019-04-19 09:00:00,0.012265836740367124
2019-04-19 10:00:00,0.05359723261074855
2019-04-19 11:00:00,0.012276719936702407
2019-04-19 12:00:00,0.01569810616245318
2019-04-19 13:00:00,0.00794688609796692
2019-04-19 14:00:00,0.026037364700194535
2019-04-19 15:00:00,0.02383099065350418
2019-04-19 16:00:00,0.02408236452303659
2019-04-19 17:00:00,0.05725718126211322
2019-04-19 18:00:00,0.0077364252915819815
2019-04-19 19:00:00,0.00796525803677896
2019-04-19 20:00:00,0.008174657943514742
2019-04-19 21:00:00,0.03155863218275925
2019-04-19 22:00:00,0.0249035873512882
2019-04-19 23:00:00,0.02166276259267358
2019-04-20 00:00:00,0.0035281490175217327
2019-04-20 01:00:00,0.023916530709483776
2019-04-20 02:00:00,0.022850349133224538
2019-04-20 03:00:00,0.017722860966414126
2019-04-20 04:00:00,0.008036546901107819
2019-04-20 05:00:00,0.006069493627996749
2019-04-20 06:00:00,0.05591660132867673
2019-04-20 07:00:00,0.019805356051429343
2019-04-20 08:00:00,0.027756402656148663
2019-04-20 09:00:00,0.04774375363020517
2019-04-20 10:00:00,0.01414899850317478
2019-04-20 11:00:00,0.02970909198591072
2019-04-20 12:00:00,0.004424979963512954
2019-04-20 13:00:00,0.014959089294575777
2019-04-20 14:00:00,0.010529957792899653
2019-04-20 15:00:00,0.02258690993540545
2019-04-20 16:00:00,0.018076631502754587
2019-04-20 17:00:00,0.012383877912103602
2019-04-20 18:00:00,0.01848601551806372
2019-04-20 19:00:00,0.0299180844749709
2019-04-20 20:00:00,0.03364838535488372
2019-04-20 21:00:00,0.015390016901700516
2019-04-20 22:00:00,0.01328657818769641
2019-04-20 23:00:00,0.02640875496822749
2019-04-21 00:00:00,0.031327385617767434
2019-04-21 01:00:00,0.016934801528847968
2019-04-21 02:00:00,0.031144011795260926
2019-04-21 03:00:00,0.013274043275443941
2019-04-21 04:00:00,0.01367746829514777
2019-04-21 05:00:00,0.012616763494636416
2019-04-21 06:00:00,0.019534162935729824
2019-04-21 07:00:00,0.012414660485143291
2019-04-21 08:00:00,0.03254153002898019
2019-04-21 09:00:00,0.030376120974623964
2019-04-21 10:00:00,0.030023216298092854
2019-04-21 11:00:00,0.02974533562901124
2019-04-21 12:00:00,0.01582098120774875
2019-04-21 13:00:00,0.059432923983053464
2019-04-21 14:00:00,0.007203873459640032
2019-04-21 15:00:00,0.03571442101172548
2019-04-21 16:00:00,0.018763435403258394
2019-04-21 17:00:00,0.01115862004887733
2019-04-21 18:00:00,0.03338421447593125
2019-04-21 19:00:00,0.009891625113353363
2019-04-21 20:00:00,0.055387802592108425
2019-04-21 21:00:00,0.025392692752821803
2019-04-21 22:00:00,0.011599145857158422
2019-04-21 23:00:00,0.03287590601989344
2019-04-22 00:00:00,0.0031985570052870285
2019-04-22 01:00:00,0.03260877643948562
2019-04-22 02:00:00,0.02190569262661937
2019-04-22 03:00:00,0.09462866338542572
2019-04-22 04:00:00,0.021631801834029858
2019-04-22 05:00:00,0.0120130679572313
2019-04-22 06:00:00,0.012743345499236385
2019-04-22 07:00:00,0.013006748808276613
2019-04-22 08:00:00,0.013234338609880887
2019-04-22 09:00:00,0.013451756603544128
2019-04-22 10:00:00,0.06606785564161528
2019-04-22 11:00:00,0.00785020574710229
2019-04-22 12:00:00,0.023599213525796775
2019-04-22 13:00:00,0.007158298093374015
2019-04-22 14:00:00,0.02400066706178251
2019-04-22 15:00:00,0.04109971823717982
2019-04-22 16:00:00,0.05720796958673142
2019-04-22 17:00:00,0.016444046247352705
2019-04-22 18:00:00,0.03420543647720759
2019-04-22 19:00:00,0.021317618810016373
2019-04-22 20:00:00,0.04810316120278016
2019-04-22 21:00:00,0.02631984471267002
2019-04-22 22:00:00,0.035564918468749894
2019-04-22 23:00:00,0.03432762353363871
2019-04-23 00:00:00,0.024747140779842535
2019-04-23 01:00:00,0.013133675765663965
2019-04-23 02:00:00,0.03342987350028161
2019-04-23 03:00:00,0.025218457050765117
2019-04-23 04:00:00,0.023085382161510168
2019-04-23 05:00:00,0.018004844395660663
2019-04-23 06:00:00,0.018573323282758115
2019-04-23 07:00:00,0.00942363333683964
2019-04-23 08:00:00,0.040410151152615995
2019-04-23 09:00:00,0.012055139620447788
2019-04-23 10:00:00,0.04833706387300242
2019-04-23 11:00:00,0.004721738179248717
2019-04-23 12:00:00,0.012332149274379329
2019-04-23 13:00:00,0.024491041172404648
2019-04-23 14:00:00,0.032176041359098545
2019-04-23 15:00:00,0.011731096089312972
2019-04-23 16:00:00,0.025342919388839924
2019-04-23 17:00:00,0.019904515896809746
2019-04-23 18:00:00,0.014868612418266534
2019-04-23 19:00:00,0.053127476990123115
2019-04-23 20:00:00,0.015879810512166827
2019-04-23 21:00:00,0.007576234209144871
2019-04-23 22:00:00,0.023133983338592096
2019-04-23 23:00:00,0.006155928062513265
2019-04-24 00:00:00,0.008521968744991722
2019-04-24 01:00:00,0.02240093217821513
2019-04-24 02:00:00,0.010579487510012777
2019-04-24 03:00:00,0.017770715306942075
2019-04-24 04:00:00,0.05603009787038096
2019-04-24 05:00:00,0.035902731968030274
2019-04-24 06:00:00,0.01586332641561082
2019-04-24 07:00:00,0.040440473349213406
2019-04-24 08:00:00,0.014326404863262721
2019-04-24 09:00:00,0.013749273901243298
2019-04-24 10:00:00,0.030883982270233323
2019-04-24 11:00:00,0.03079235426936146
2019-04-24 12:00:00,0.02778364480559128
2019-04-24 13:00:00,0.02508765915248691
2019-04-24 14:00:00,0.03295149408099823
2019-04-24 15:00:00,0.02148711626027877
2019-04-24 16:00:00,0.021714085450509707
2019-04-24 17:00:00,0.021892517260194606
2019-04-24 18:00:00,0.03809801483878068
2019-04-24 19:00:00,0.0385701520318502
2019-04-24 20:00:00,0.018415460594029216
2019-04-24 21:00:00,0.019506665498045972
2019-04-24 22:00:00,0.020978276151300435
2019-04-24 23:00:00,0.022442084881932795
2019-04-25 00:00:00,0.0239966856640262
2019-04-25 01:00:00,0.01601495121529314
2019-04-25 02:00:00,0.015841866159562495
2019-04-25 03:00:00,0.005746432682074374
2019-04-25 04:00:00,0.018601598665073153
2019-04-25 05:00:00,0.017386630346587467
2019-04-25 06:00:00,0.09243351841396069
2019-04-25 07:00:00,0.01457335255908149
2019-04-25 08:00:00,0.00820395273725178
2019-04-25 09:00:00,0.003262480500888832
2019-04-25 10:00:00,0.02886990104325253
2019-04-25 11:00:00,0.022767104911518416
2019-04-25 12:00:00,0.015896603867662572
2019-04-25 13:00:00,0.010176912379878476
2019-04-25 14:00:00,0.019915921165757387
2019-04-25 15:00:00,0.020977721737850365
2019-04-25 16:00:00,0.011279220933734888
2019-04-25 17:00:00,0.01628982032442704
2019-04-25 18:00:00,0.015006776697202013
2019-04-25 19:00:00,0.0919969593864867
2019-04-25 20:00:00,0.015131628231194402
2019-04-25 21:00:00,0.02664903741708887
2019-04-25 22:00:00,0.020768863271601195
2019-04-25 23:00:00,0.03430496016788789
2019-04-26 00:00:00,0.014222726324154094
2019-04-26 01:00:00,0.0194655788810434
2019-04-26 02:00:00,0.033552983681058045
2019-04-26 03:00:00,0.00608507809215327
2019-04-26 04:00:00,0.02447708034856534
2019-04-26 05:00:00,0.015208147993413938
2019-04-26 06:00:00,0.004110864701788445
2019-04-26 07:00:00,0.011403410270167174
2019-04-26 08:00:00,0.01834876741996476
2019-04-26 09:00:00,0.040241882861280186
2019-04-26 10:00:00,0.014732286421297652
2019-04-26 11:00:00,0.025684351463645488
2019-04-26 12:00:00,0.024190802746672336
2019-04-26 13:00:00,0.03246473596899129
2019-04-26 14:00:00,0.011916402466725378
2019-04-26 15:00:00,0.005613327885573322
2019-04-26 16:00:00,0.015567325240007516
2019-04-26 17:00:00,0.08536909629767585
2019-04-26 18:00:00,0.028880415876391397
2019-04-26 19:00:00,0.07236588352629653
2019-04-26 20:00:00,0.008316864171501537
2019-04-26 21:00:00,0.036907152473405404
2019-04-26 22:00:00,0.03230868682239
2019-04-26 23:00:00,0.024467080330998627
2019-04-27 00:00:00,0.12301345429659222
2019-04-27 01:00:00,0.032154772742600965
2019-04-27 02:00:00,0.02742612609601927
2019-04-27 03:00:00,0.027976746079577775
2019-04-27 04:00:00,0.028037589148039877
2019-04-27 05:00:00,0.028056942611122793
2019-04-27 06:00:00,0.028062929298560968
2019-04-27 07:00:00,0.05793989354137487
2019-04-27 08:00:00,0.063105647898197
2019-04-27 09:00:00,0.06922942113650803
2019-04-27 10:00:00,0.016867762179646383
2019-04-27 11:00:00,0.02093036244584767
2019-04-27 12:00:00,0.022058016942428236
2019-04-27 13:00:00,0.02569013510903226
2019-04-27 14:00:00,0.009539894753147858
2019-04-27 15:00:00,0.016043550377674794
2019-04-27 16:00:00,0.04388353058822736
2019-04-27 17:00:00,0.025748836400627383
2019-04-27 18:00:00,0.03163900953857749
2019-04-27 19:00:00,0.015859096508767802
2019-04-27 20:00:00,0.09033825392146476
2019-04-27 21:00:00,0.0313501174573727
2019-04-27 22:00:00,0.010499751986876332
2019-04-27 23:00:00,0.05731384164090941
2019-04-28 00:00:00,0.004067370498719618
2019-04-28 01:00:00,0.015302037009014382
2019-04-28 02:00:00,0.017174619699485777
2019-04-28 03:00:00,0.03137157292572365
2019-04-28 04:00:00,0.05645731596038571
2019-04-28 05:00:00,0.0272685886605633
2019-04-28 06:00:00,0.05066835562403433
2019-04-28 07:00:00,0.016469072349974027
2019-04-28 08:00:00,0.02779022893402499
2019-04-28 09:00:00,0.047542977626453826
2019-04-28 10:00:00,0.018797768208988822
2019-04-28 11:00:00,0.06441961354963519
2019-04-28 12:00:00,0.027336995470948464
2019-04-28 13:00:00,0.03766410221363089
2019-04-28 14:00:00,0.05599512826613705
2019-04-28 15:00:00,0.059026011074497675
2019-04-28 16:00:00,0.05152390402770481
2019-04-28 17:00:00,0.030940182330113645
2019-04-28 18:00:00,0.03516617631797349
2019-04-28 19:00:00,0.011115510350469211
2019-04-28 20:00:00,0.014750981022548088
2019-04-28 21:00:00,0.026433554462539012
2019-04-28 22:00:00,0.02121853727353454
2019-04-28 23:00:00,0.013642701909040383
2019-04-29 00:00:00,0.02030148934067275
2019-04-29 01:00:00,0.0021404568921237106
2019-04-29 02:00:00,0.058129610042501625
2019-04-29 03:00:00,0.021124261937094258
2019-04-29 04:00:00,0.04207736644745168
2019-04-29 05:00:00,0.03184170680562136
2019-04-29 06:00:00,0.06695197125717298
2019-04-29 07:00:00,0.013489754308267005
2019-04-29 08:00:00,0.024151682300689963
2019-04-29 09:00:00,0.05814512779109139
2019-04-29 10:00:00,0.05952604124282549
2019-04-29 11:00:00,0.03408494852120503
2019-04-29 12:00:00,0.031222273911801143
2019-04-29 13:00:00,0.03130647444202601
2019-04-29 14:00:00,0.031346432129998866
2019-04-29 15:00:00,0.011713680518566465
2019-04-29 16:00:00,0.040437891475636506
2019-04-29 17:00:00,0.02493932089203663
2019-04-29 18:00:00,0.013424022547315034
2019-04-29 19:00:00,0.01730400710033695
2019-04-29 20:00:00,0.027854852567349216
2019-04-29 21:00:00,0.05968460802519612
2019-04-29 22:00:00,0.032812459392661336
2019-04-29 23:00:00,0.03453290866900329
2019-04-30 00:00:00,0.03687438876645644
2019-04-30 01:00:00,0.0345850328253851
2019-04-30 02:00:00,0.027700671045699
2019-04-30 03:00:00,0.0033093637384166773
2019-04-30 04:00:00,0.038260370920213956
2019-04-30 05:00:00,0.014500964806874161
2019-04-30 06:00:00,0.05928574422480121
2019-04-30 07:00:00,0.030654917364380384
2019-04-30 08:00:00,0.008002325219497473
2019-04-30 09:00:00,0.01341486895629304
2019-04-30 10:00:00,0.018282272589289297
2019-04-30 11:00:00,0.03194569977042184
2019-04-30 12:00:00,0.046258968949483045
2019-04-30 13:00:00,0.026305583178829334
2019-04-30 14:00:00,0.023087776830974686
2019-04-30 15:00:00,0.045945073700963436
2019-04-30 16:00:00,0.016812999852552173
2019-04-30 17:00:00,0.011603510059870792
2019-04-30 18:00:00,0.03859613287048947
2019-04-30 19:00:00,0.021850035524752683
2019-04-30 20:00:00,0.006873312007408127
2019-04-30 21:00:00,0.008383311970463953
2019-04-30 22:00:00,0.024800473743562323
2019-04-30 23:00:00,0.04078377690781257
2019-05-01 00:00:00,0.0275737873028785
2019-05-01 01:00:00,0.016714498271552677
2019-05-01 02:00:00,0.03412145626491007
2019-05-01 03:00:00,0.014499121261175505
2019-05-01 04:00:00,0.014161476869986207
2019-05-01 05:00:00,0.026830603963391684
2019-05-01 06:00:00,0.0508277737477914
2019-05-01 07:00:00,0.012334327353576572
2019-05-01 08:00:00,0.031237678035118736
2019-05-01 09:00:00,0.037057160334621204
2019-05-01 10:00:00,0.018509341454604023
2019-05-01 11:00:00,0.00828217083160244
2019-05-01 12:00:00,0.011614302074395053
2019-05-01 13:00:00,0.028268918059075963
2019-05-01 14:00:00,0.036334582737786336
2019-05-01 15:00:00,0.06734516180940482
2019-05-01 16:00:00,0.04886344368055578
2019-05-01 17:00:00,0.011853780878432122
2019-05-01 18:00:00,0.01231592248970705
2019-05-01 19:00:00,0.06749712015749151
2019-05-01 20:00:00,0.06698256526659825
2019-05-01 21:00:00,0.009846393276971274
2019-05-01 22:00:00,0.05573640372166396
2019-05-01 23:00:00,0.04014023670612732
2019-05-02 00:00:00,0.04045519356896431
2019-05-02 01:00:00,0.04035498672708253
2019-05-02 02:00:00,0.040218892520964035
2019-05-02 03:00:00,0.040071306605267816
2019-05-02 04:00:00,0.047944937093428626
2019-05-02 05:00:00,0.021180464565210312
2019-05-02 06:00:00,0.07298868191839987
2019-05-02 07:00:00,0.021068855686545512
2019-05-02 08:00:00,0.04530849008593593
2019-05-02 09:00:00,0.033952519742437244
2019-05-02 10:00:00,0.016307473607443827
2019-05-02 11:00:00,0.04688467398455877
2019-05-02 12:00:00,0.03775612220117575
2019-05-02 13:00:00,0.030186633811546883
2019-05-02 14:00:00,0.02310938645866344
2019-05-02 15:00:00,0.025153472755118457
2019-05-02 16:00:00,0.0069173853570416765
2019-05-02 17:00:00,0.032187681964241745
2019-05-02 18:00:00,0.009827891394646017
2019-05-02 19:00:00,0.008884406264507531
2019-05-02 20:00:00,0.009035640401521388
2019-05-02 21:00:00,0.02784600883660877
2019-05-02 22:00:00,0.014551649036055275
2019-05-02 23:00:00,0.035232779469912184
2019-05-03 00:00:00,0.03825401697255756
2019-05-03 01:00:00,0.006786348961029884
2019-05-03 02:00:00,0.03051248593174897
2019-05-03 03:00:00,0.048425531461161346
2019-05-03 04:00:00,0.008444548994386862
2019-05-03 05:00:00,0.07427798147052254
2019-05-03 06:00:00,0.019804624968654237
2019-05-03 07:00:00,0.02189592536671358
2019-05-03 08:00:00,0.037880020014686766
2019-05-03 09:00:00,0.013164218260184251
2019-05-03 10:00:00,0.04793171645854834
2019-05-03 11:00:00,0.006520600140713468
2019-05-03 12:00:00,0.044910988771424014
2019-05-03 13:00:00,0.02683762022927971
2019-05-03 14:00:00,0.051585743512265116
2019-05-03 15:00:00,0.03481887052156315
2019-05-03 16:00:00,0.00921660933794482
2019-05-03 17:00:00,0.05772239925469739
2019-05-03 18:00:00,0.039923367262919965
2019-05-03 19:00:00,0.026213411717188356
2019-05-03 20:00:00,0.016498744942815696
2019-05-03 21:00:00,0.02792897627054563
2019-05-03 22:00:00,0.011540359543760714
2019-05-03 23:00:00,0.015275269726902713
2019-05-04 00:00:00,0.02097980674251894
2019-05-04 01:00:00,0.012792864591800278
2019-05-04 02:00:00,0.02872782453028263
2019-05-04 03:00:00,0.029791169428550802
2019-05-04 04:00:00,0.04399861056398223
2019-05-04 05:00:00,0.0362771701812711
2019-05-04 06:00:00,0.04356339107157437
2019-05-04 07:00:00,0.05255416886634867
2019-05-04 08:00:00,0.02944754459861816
2019-05-04 09:00:00,0.05015732985125672
2019-05-04 10:00:00,0.04981158645270076
2019-05-04 11:00:00,0.04946122860622361
2019-05-04 12:00:00,0.030387547072144565
2019-05-04 13:00:00,0.034522037962552356
2019-05-04 14:00:00,0.02511191658101296
2019-05-04 15:00:00,0.010300941107267621
2019-05-04 16:00:00,0.03243691951213979
2019-05-04 17:00:00,0.026832949897620265
2019-05-04 18:00:00,0.014155758412798432
2019-05-04 19:00:00,0.03897032242435059
2019-05-04 20:00:00,0.05422256150748801
2019-05-04 21:00:00,0.004884247043884276
2019-05-04 22:00:00,0.02943542942048038
2019-05-04 23:00:00,0.0317599296709585
2019-05-05 00:00:00,0.013390539504097885
2019-05-05 01:00:00,0.0384199960917253
2019-05-05 02:00:00,0.01847994262624461
2019-05-05 03:00:00,0.030545472722938317
2019-05-05 04:00:00,0.013798944662546319
2019-05-05 05:00:00,0.02580193455021613
2019-05-05 06:00:00,0.011395129109417337
2019-05-05 07:00:00,0.007316754316214639
2019-05-05 08:00:00,0.03490711308467996
2019-05-05 09:00:00,0.03143930163572255
2019-05-05 10:00:00,0.02603149502227501
2019-05-05 11:00:00,0.015062833527881238
2019-05-05 12:00:00,0.04496788775502186
2019-05-05 13:00:00,0.04253990098394083
2019-05-05 14:00:00,0.024640452106121855
2019-05-05 15:00:00,0.02831054523430776
2019-05-05 16:00:00,0.05896831634667648
2019-05-05 17:00:00,0.02779663423884777
2019-05-05 18:00:00,0.02747277820065557
2019-05-05 19:00:00,0.03518541993673286
2019-05-05 20:00:00,0.06104224265776301
2019-05-05 21:00:00,0.038638403900128064
2019-05-05 22:00:00,0.026546966665555633
2019-05-05 23:00:00,0.023360864963612463
2019-05-06 00:00:00,0.043480089924671186
2019-05-06 01:00:00,0.02753009723514386
2019-05-06 02:00:00,0.01597474740872629
2019-05-06 03:00:00,0.03247899013058251
2019-05-06 04:00:00,0.0125410964266813
2019-05-06 05:00:00,0.018469675605041907
2019-05-06 06:00:00,0.018016526982431245
2019-05-06 07:00:00,0.04589391345304339
2019-05-06 08:00:00,0.02928917687200154
2019-05-06 09:00:00,0.03069977136439993
2019-05-06 10:00:00,0.05162021003028274
2019-05-06 11:00:00,0.03960053466343543
2019-05-06 12:00:00,0.03779346988114992
2019-05-06 13:00:00,0.014356148755312857
2019-05-06 14:00:00,0.012029715590571678
2019-05-06 15:00:00,0.0056744958607195615
2019-05-06 16:00:00,0.02459148280324717
2019-05-06 17:00:00,0.026050785860180156
2019-05-06 18:00:00,0.032932680154619726
2019-05-06 19:00:00,0.0707408140373305
2019-05-06 20:00:00,0.05162579813996184
2019-05-06 21:00:00,0.05098881235493423
2019-05-06 22:00:00,0.050557668109270315
2019-05-06 23:00:00,0.050149446121849545
2019-05-07 00:00:00,0.04975133247935819
2019-05-07 01:00:00,0.02047234980824442
2019-05-07 02:00:00,0.005934864882863283
2019-05-07 03:00:00,0.013158772694625972
2019-05-07 04:00:00,0.03678086415019536
2019-05-07 05:00:00,0.006405127458437275
2019-05-07 06:00:00,0.015787182183973295
2019-05-07 07:00:00,0.018644266179880704
2019-05-07 08:00:00,0.02989908849249206
2019-05-07 09:00:00,0.030328206701583305
2019-05-07 10:00:00,0.034943024414055696
2019-05-07 11:00:00,0.008453977639025013
2019-05-07 12:00:00,0.03666226385691912
2019-05-07 13:00:00,0.02502043510744261
2019-05-07 14:00:00,0.009639039324868398
2019-05-07 15:00:00,0.03524939573708469
2019-05-07 16:00:00,0.005830621373033733
2019-05-07 17:00:00,0.04454982496185317
2019-05-07 18:00:00,0.025080039732955108
2019-05-07 19:00:00,0.031166139789515313
2019-05-07 20:00:00,0.03624472835431861
2019-05-07 21:00:00,0.02735162789010116
2019-05-07 22:00:00,0.025102601702624287
2019-05-07 23:00:00,0.03477013196839137
2019-05-08 00:00:00,0.020740812231381082
2019-05-08 01:00:00,0.035232380595462326
2019-05-08 02:00:00,0.037216629484200243
2019-05-08 03:00:00,0.034032987096376706
2019-05-08 04:00:00,0.019691022282759763
2019-05-08 05:00:00,0.03174249976413153
2019-05-08 06:00:00,0.03881702613853703
2019-05-08 07:00:00,0.03405127548107201
2019-05-08 08:00:00,0.028873337408780106
2019-05-08 09:00:00,0.05117713465959823
2019-05-08 10:00:00,0.02704026310213281
2019-05-08 11:00:00,0.019953700159781596
2019-05-08 12:00:00,0.0302811143710495
2019-05-08 13:00:00,0.012931980837666522
2019-05-08 14:00:00,0.013030806811267717
2019-05-08 15:00:00,0.023728359537537578
2019-05-08 16:00:00,0.008389582737602746
2019-05-08 17:00:00,0.01722068135081233
2019-05-08 18:00:00,0.02390235923619834
2019-05-08 19:00:00,0.01762430121871354
2019-05-08 20:00:00,0.008558211706174351
2019-05-08 21:00:00,0.020929088105985188
2019-05-08 22:00:00,0.006642254945507785
2019-05-08 23:00:00,0.03576697614525981
2019-05-09 00:00:00,0.01790776542325565
2019-05-09 01:00:00,0.007316011264296473
2019-05-09 02:00:00,0.02051935530247401
2019-05-09 03:00:00,0.0064589673212756445
2019-05-09 04:00:00,0.03169820393901667
2019-05-09 05:00:00,0.02361197583885842
2019-05-09 06:00:00,0.03702794184912168
2019-05-09 07:00:00,0.03691667607060362
2019-05-09 08:00:00,0.03682862111698383
2019-05-09 09:00:00,0.025462932897211913
2019-05-09 10:00:00,0.024072110225329808
2019-05-09 11:00:00,0.020589576670301906
2019-05-09 12:00:00,0.032200337543935316
2019-05-09 13:00:00,0.02080539021085808
2019-05-09 14:00:00,0.004588290548679093
2019-05-09 15:00:00,0.023097002324963985
2019-05-09 16:00:00,0.023053137002650954
2019-05-09 17:00:00,0.004108948573359859
2019-05-09 18:00:00,0.00682627468519722
2019-05-09 19:00:00,0.022617838143251908
2019-05-09 20:00:00,0.007250723855861599
2019-05-09 21:00:00,0.026681356118626164
2019-05-09 22:00:00,0.016657329346395144
2019-05-09 23:00:00,0.004584436544308491
2019-05-10 00:00:00,0.02140042318219557
2019-05-10 01:00:00,0.018331087298795953
2019-05-10 02:00:00,0.020655304132747593
2019-05-10 03:00:00,0.035330793828229144
2019-05-10 04:00:00,0.016487533837692903
2019-05-10 05:00:00,0.0284131953708582
2019-05-10 06:00:00,0.02012440141106475
2019-05-10 07:00:00,0.019289114086290787
2019-05-10 08:00:00,0.017487618408958492
2019-05-10 09:00:00,0.03846317936407771
2019-05-10 10:00:00,0.01996593353112136
2019-05-10 11:00:00,0.02143449316578897
2019-05-10 12:00:00,0.00645655262875494
2019-05-10 13:00:00,0.061205384455806616
2019-05-10 14:00:00,0.016395899991935022
2019-05-10 15:00:00,0.029557111474934762
2019-05-10 16:00:00,0.018788577317074437
2019-05-10 17:00:00,0.03313169494924507
2019-05-10 18:00:00,0.022514228683134428
2019-05-10 19:00:00,0.01846083850345369
2019-05-10 20:00:00,0.027417000066507637
2019-05-10 21:00:00,0.008588688942260144
2019-05-10 22:00:00,0.017214537534328434
2019-05-10 23:00:00,0.032225974326932375
2019-05-11 00:00:00,0.04604823894534047
2019-05-11 01:00:00,0.028677704124528896
2019-05-11 02:00:00,0.01090631661584299
2019-05-11 03:00:00,0.016691113750355854
2019-05-11 04:00:00,0.026350198742598124
2019-05-11 05:00:00,0.007080629250311359
2019-05-11 06:00:00,0.05601171553246016
2019-05-11 07:00:00,0.04179369849512619
2019-05-11 08:00:00,0.01648337923423745
2019-05-11 09:00:00,0.030265891407279224
2019-05-11 10:00:00,0.006082281069416779
2019-05-11 11:00:00,0.01472014241191805
2019-05-11 12:00:00,0.030000106266792507
2019-05-11 13:00:00,0.02288576354694068
2019-05-11 14:00:00,0.03313625628876756
2019-05-11 15:00:00,0.03536817029776994
2019-05-11 16:00:00,0.007370114038114012
2019-05-11 17:00:00,0.035681284942009096
2019-05-11 18:00:00,0.0353310547894996
2019-05-11 19:00:00,0.035290207174727486
2019-05-11 20:00:00,0.03526855187210717
2019-05-11 21:00:00,0.035246830725092944
2019-05-11 22:00:00,0.022394600373021857
2019-05-11 23:00:00,0.011936944523257722
2019-05-12 00:00:00,0.020153635517194318
2019-05-12 01:00:00,0.020155782623625988
2019-05-12 02:00:00,0.028294402860006715
2019-05-12 03:00:00,0.03784766254193266
2019-05-12 04:00:00,0.016456210647786938
2019-05-12 05:00:00,0.029677398517336268
2019-05-12 06:00:00,0.016314205981747692
2019-05-12 07:00:00,0.016852629296844685
2019-05-12 08:00:00,0.015605367909020965
2019-05-12 09:00:00,0.024324166551133675
2019-05-12 10:00:00,0.029072195840606774
2019-05-12 11:00:00,0.029853729402139314
2019-05-12 12:00:00,0.0016115418930623857
2019-05-12 13:00:00,0.0023599193676646524
2019-05-12 14:00:00,0.03561313286968472
2019-05-12 15:00:00,0.018499479847719495
2019-05-12 16:00:00,0.025338568296141013
2019-05-12 17:00:00,0.010068619278762712
2019-05-12 18:00:00,0.004413745690872335
2019-05-12 19:00:00,0.0034445528149462446
2019-05-12 20:00:00,0.038079599041281505
2019-05-12 21:00:00,0.03563643471109684
2019-05-12 22:00:00,0.023234629185048948
2019-05-12 23:00:00,0.022012725011846885
2019-05-13 00:00:00,0.01439298581322301
2019-05-13 01:00:00,0.009079719516317145
2019-05-13 02:00:00,0.01010445631066724
2019-05-13 03:00:00,0.02992983154974262
2019-05-13 04:00:00,0.017247897888250072
2019-05-13 05:00:00,0.02094940888630512
2019-05-13 06:00:00,0.021470047127719567
2019-05-13 07:00:00,0.01632272196307092
2019-05-13 08:00:00,0.011627000682038018
2019-05-13 09:00:00,0.03609496659222308
2019-05-13 10:00:00,0.015147225782380378
2019-05-13 11:00:00,0.03912858340717241
2019-05-13 12:00:00,0.0023269364758755034
2019-05-13 13:00:00,0.005534359365023768
2019-05-13 14:00:00,0.03089944889638538
2019-05-13 15:00:00,0.030685180033518177
2019-05-13 16:00:00,0.034719382343611424
2019-05-13 17:00:00,0.02545784889507198
2019-05-13 18:00:00,0.023838403966704707
2019-05-13 19:00:00,0.02760837571012974
2019-05-13 20:00:00,0.017968536874986736
2019-05-13 21:00:00,0.03519011675800279
2019-05-13 22:00:00,0.018308789536826568
2019-05-13 23:00:00,0.0241904161313363
2019-05-14 00:00:00,0.03293779506317784
2019-05-14 01:00:00,0.014512824192419555
2019-05-14 02:00:00,0.005440514470411954
2019-05-14 03:00:00,0.01983463615145035
2019-05-14 04:00:00,0.020057124238928865
2019-05-14 05:00:00,0.020307668213062464
2019-05-14 06:00:00,0.00905293885814465
2019-05-14 07:00:00,0.01409313322765461
2019-05-14 08:00:00,0.020055206448248174
2019-05-14 09:00:00,0.03261056729370115
2019-05-14 10:00:00,0.032105038723889055
2019-05-14 11:00:00,0.02862391141159176
2019-05-14 12:00:00,0.03528699382138207
2019-05-14 13:00:00,0.020430442460912406
2019-05-14 14:00:00,0.01986930451967625
2019-05-14 15:00:00,0.031137404238229454
2019-05-14 16:00:00,0.0192874639722005
2019-05-14 17:00:00,0.02010736735446106
2019-05-14 18:00:00,0.02329847930988079
2019-05-14 19:00:00,0.016772464010341645
2019-05-14 20:00:00,0.0339616628384847
2019-05-14 21:00:00,0.031365013593558394
2019-05-14 22:00:00,0.014135276999670312
2019-05-14 23:00:00,0.009613514965148064
2019-05-15 00:00:00,0.026234127062142003
2019-05-15 01:00:00,0.031035192567218935
2019-05-15 02:00:00,0.021621809607559845
2019-05-15 03:00:00,0.01031398744365281
2019-05-15 04:00:00,0.014533305768069917
2019-05-15 05:00:00,0.00845979929929405
2019-05-15 06:00:00,0.02594885762305989
2019-05-15 07:00:00,0.02216452682248049
2019-05-15 08:00:00,0.029599824244967952
2019-05-15 09:00:00,0.029754613167878575
2019-05-15 10:00:00,0.013662540197669128
2019-05-15 11:00:00,0.015310648045432265
2019-05-15 12:00:00,0.009539688443645096
2019-05-15 13:00:00,0.029250442780332054
2019-05-15 14:00:00,0.008845969669068324
2019-05-15 15:00:00,0.00920872370103014
2019-05-15 16:00:00,0.013700067807445884
2019-05-15 17:00:00,0.02259485112037669
2019-05-15 18:00:00,0.022650130782134827
2019-05-15 19:00:00,0.020131319356893846
2019-05-15 20:00:00,0.026517645551239886
2019-05-15 21:00:00,0.020425478278808733
2019-05-15 22:00:00,0.0024112934856724425
2019-05-15 23:00:00,0.019655907744210638
2019-05-16 00:00:00,0.03584995796332418
2019-05-16 01:00:00,0.02359344628708867
2019-05-16 02:00:00,0.005182458667950355
2019-05-16 03:00:00,0.023619765783168475
2019-05-16 04:00:00,0.013965361188655918
2019-05-16 05:00:00,0.02101400618242829
2019-05-16 06:00:00,0.02065196361105265
2019-05-16 07:00:00,0.012625556248228819
2019-05-16 08:00:00,0.01811734411619036
2019-05-16 09:00:00,0.021909175053886454
2019-05-16 10:00:00,0.014706812553598732
2019-05-16 11:00:00,0.021289331992604976
2019-05-16 12:00:00,0.026921741718758982
2019-05-16 13:00:00,0.01527213361807775
2019-05-16 14:00:00,0.015262072764255962
2019-05-16 15:00:00,0.015217675473441708
2019-05-16 16:00:00,0.015152748568215024
2019-05-16 17:00:00,0.015145188477907188
2019-05-16 18:00:00,0.015192078414247528
2019-05-16 19:00:00,0.021331396747663885
2019-05-16 20:00:00,0.018800337094177565
2019-05-16 21:00:00,0.01896830216803658
2019-05-16 22:00:00,0.004187545153676446
2019-05-16 23:00:00,0.01858172991954832
2019-05-17 00:00:00,0.018825536450074377
2019-05-17 01:00:00,0.030687053974113265
2019-05-17 02:00:00,0.017323657280273907
2019-05-17 03:00:00,0.02273357413337306
2019-05-17 04:00:00,0.026613676503134048
2019-05-17 05:00:00,0.008446049517571743
2019-05-17 06:00:00,0.026433300922006468
2019-05-17 07:00:00,0.011950814684765401
2019-05-17 08:00:00,0.026364229147461525
2019-05-17 09:00:00,0.023976337563500757
2019-05-17 10:00:00,0.006756468249173862
2019-05-17 11:00:00,0.02391596570611042
2019-05-17 12:00:00,0.02202250909757928
2019-05-17 13:00:00,0.018470249689603743
2019-05-17 14:00:00,0.02475095913071315
2019-05-17 15:00:00,0.01744417244684797
2019-05-17 16:00:00,0.012159787247015946
2019-05-17 17:00:00,0.033468296544115574
2019-05-17 18:00:00,0.01647832054443329
2019-05-17 19:00:00,0.015464324217145654
2019-05-17 20:00:00,0.02283484858022734
2019-05-17 21:00:00,0.01771101050658503
2019-05-17 22:00:00,0.008898341726460143
2019-05-17 23:00:00,0.017502631157742293
2019-05-18 00:00:00,0.02518139005585066
2019-05-18 01:00:00,0.022485142171525297
2019-05-18 02:00:00,0.009764331375291153
2019-05-18 03:00:00,0.015340215864052265
2019-05-18 04:00:00,0.025150902045150362
2019-05-18 05:00:00,0.017353411167532317
2019-05-18 06:00:00,0.01876347487552698
2019-05-18 07:00:00,0.02630179856776227
2019-05-18 08:00:00,0.02178720292973137
2019-05-18 09:00:00,0.020549115070572582
2019-05-18 10:00:00,0.024259777439323452
2019-05-18 11:00:00,0.009901596069504
2019-05-18 12:00:00,0.002830588640383377
2019-05-18 13:00:00,0.01756671870040314
2019-05-18 14:00:00,0.01923025433690133
2019-05-18 15:00:00,0.01952201875579444
2019-05-18 16:00:00,0.014082538595493526
2019-05-18 17:00:00,0.014249820459896156
2019-05-18 18:00:00,0.017769409595831027
2019-05-18 19:00:00,0.016988172659146292
2019-05-18 20:00:00,0.021875079276045466
2019-05-18 21:00:00,0.020167130259624574
2019-05-18 22:00:00,0.029358148512464672
2019-05-18 23:00:00,0.012796133230946569
2019-05-19 00:00:00,0.016940764998973932
2019-05-19 01:00:00,0.01635987172584294
2019-05-19 02:00:00,0.0158282464407561
2019-05-19 03:00:00,0.022108314076853104
2019-05-19 04:00:00,0.019828752047556346
2019-05-19 05:00:00,0.019590716085624512
2019-05-19 06:00:00,0.015738804884395035
2019-05-19 07:00:00,0.002067242738003216
2019-05-19 08:00:00,0.01812090757652152
2019-05-19 09:00:00,0.02032932634844168
2019-05-19 10:00:00,0.020337628864303712
2019-05-19 11:00:00,0.012862893466583395
2019-05-19 12:00:00,0.005974542725241981
2019-05-19 13:00:00,0.01578953889299808
2019-05-19 14:00:00,0.019029769766182748
2019-05-19 15:00:00,0.018450256871551596
2019-05-19 16:00:00,0.01128825941348462
2019-05-19 17:00:00,0.017957823243735082
2019-05-19 18:00:00,0.010133190522157285
2019-05-19 19:00:00,0.009860148714839326
2019-05-19 20:00:00,0.018860407883624752
2019-05-19 21:00:00,0.025567834726588745
2019-05-19 22:00:00,0.009252535092668003
2019-05-19 23:00:00,0.01599555645447243
2019-05-20 00:00:00,0.019608827802463237
2019-05-20 01:00:00,0.014815430385923116
2019-05-20 02:00:00,0.013518450350334147
2019-05-20 03:00:00,0.021613277989647083
2019-05-20 04:00:00,0.01682923037933371
2019-05-20 05:00:00,0.021061314090506395
2019-05-20 06:00:00,0.016872269402200248
2019-05-20 07:00:00,0.008749118068934388
2019-05-20 08:00:00,0.017215183714927376
2019-05-20 09:00:00,0.003285568078546893
2019-05-20 10:00:00,0.018855987885226275
2019-05-20 11:00:00,0.00652476263185208
2019-05-20 12:00:00,0.01724390095662539
2019-05-20 13:00:00,0.01530612040660475
2019-05-20 14:00:00,0.009432942810413224
2019-05-20 15:00:00,0.014723208245250809
2019-05-20 16:00:00,0.015707166871006213
2019-05-20 17:00:00,0.014780425284007167
2019-05-20 18:00:00,0.004916840402078237
2019-05-20 19:00:00,0.01257397590463674
2019-05-20 20:00:00,0.021101643073511842
2019-05-20 21:00:00,0.011474348177897354
2019-05-20 22:00:00,0.005318150720316151
2019-05-20 23:00:00,0.017595708199430578
2019-05-21 00:00:00,0.011600528615480516
2019-05-21 01:00:00,0.012640248993945353
2019-05-21 02:00:00,0.013920568197440265
2019-05-21 03:00:00,0.014604291769481517
2019-05-21 04:00:00,0.011749360899286803
2019-05-21 05:00:00,0.016280401069022354
2019-05-21 06:00:00,0.011799235654871908
2019-05-21 07:00:00,0.011236158130597045
2019-05-21 08:00:00,0.014626600535650727
2019-05-21 09:00:00,0.012261517328552313
2019-05-21 10:00:00,0.009690697083218961
2019-05-21 11:00:00,0.012128003405925576
2019-05-21 12:00:00,0.0118592891458019
2019-05-21 13:00:00,0.011435535932171323
2019-05-21 14:00:00,0.011036914242113293
2019-05-21 15:00:00,0.010675757089739139
2019-05-21 16:00:00,0.01289571400280441
2019-05-21 17:00:00,0.01596234683603565
2019-05-21 18:00:00,0.012648313935468525
2019-05-21 19:00:00,0.025491426654053923
2019-05-21 20:00:00,0.012284949886369063
2019-05-21 21:00:00,0.015702938887426462
2019-05-21 22:00:00,0.006607906041186681
2019-05-21 23:00:00,0.013177609188911225
2019-05-22 00:00:00,0.012474836353185229
2019-05-22 01:00:00,0.015063582384247655
2019-05-22 02:00:00,0.01266391659650841
2019-05-22 03:00:00,0.009446123368878139
2019-05-22 04:00:00,0.012368119835245826
2019-05-22 05:00:00,0.0064033516599680046
2019-05-22 06:00:00,0.016933359349128287
2019-05-22 07:00:00,0.0100492792613353
2019-05-22 08:00:00,0.015772001012593875
2019-05-22 09:00:00,0.007790145770019599
2019-05-22 10:00:00,0.00812059344986433
2019-05-22 11:00:00,0.011500003238782827
2019-05-22 12:00:00,0.010509562160501808
2019-05-22 13:00:00,0.01052308317805185
2019-05-22 14:00:00,0.0032305943630379984
2019-05-22 15:00:00,0.017539878643327414
2019-05-22 16:00:00,0.006538116262903341
2019-05-22 17:00:00,0.013364507416155379
2019-05-22 18:00:00,0.007185543598860288
2019-05-22 19:00:00,0.010838817243522541
2019-05-22 20:00:00,0.009637280976835895
2019-05-22 21:00:00,0.004327261791105169
2019-05-22 22:00:00,0.010106314158379285
2019-05-22 23:00:00,0.01164486731216282
2019-05-23 00:00:00,0.014760026315816549
2019-05-23 01:00:00,0.01267398985675101
2019-05-23 02:00:00,0.015242162394978226
2019-05-23 03:00:00,0.0077681677740563445
2019-05-23 04:00:00,0.016341148504958634
2019-05-23 05:00:00,0.01021536816344631
2019-05-23 06:00:00,0.013118371980970107
2019-05-23 07:00:00,0.03607535405764213
2019-05-23 08:00:00,0.012785675786421905
2019-05-23 09:00:00,0.012337589279879792
2019-05-23 10:00:00,0.012500331520491037
2019-05-23 11:00:00,0.013580485236088841
2019-05-23 12:00:00,0.008081618709908464
2019-05-23 13:00:00,0.015474456538176173
2019-05-23 14:00:00,0.01083288879869308
2019-05-23 15:00:00,0.013789606324703335
2019-05-23 16:00:00,0.015513376759347185
2019-05-23 17:00:00,0.012782776560928286
2019-05-23 18:00:00,0.015757360583042033
2019-05-23 19:00:00,0.0053645384630023425
2019-05-23 20:00:00,0.011674700939412997
2019-05-23 21:00:00,0.009575648264229844
2019-05-23 22:00:00,0.00967028410078194
2019-05-23 23:00:00,0.009791788800104563
2019-05-24 00:00:00,0.010709661465321617
2019-05-24 01:00:00,0.01340613324491613
2019-05-24 02:00:00,0.011029360720780803
2019-05-24 03:00:00,0.016314877823635977
2019-05-24 04:00:00,0.007509979146227906
2019-05-24 05:00:00,0.011339948635375248
2019-05-24 06:00:00,0.012740965661564733
2019-05-24 07:00:00,0.015860163915448932
2019-05-24 08:00:00,0.011289911777938333
2019-05-24 09:00:00,0.006223074089127114
2019-05-24 10:00:00,0.013074675606886493
2019-05-24 11:00:00,0.015625341174611937
2019-05-24 12:00:00,0.011254355239817956
2019-05-24 13:00:00,0.010200137316264428
2019-05-24 14:00:00,0.018469179026244245
2019-05-24 15:00:00,0.016954167614184796
2019-05-24 16:00:00,0.007898630562001721
2019-05-24 17:00:00,0.009309062376815886
2019-05-24 18:00:00,0.011171175766730004
2019-05-24 19:00:00,0.00691445011578668
2019-05-24 20:00:00,0.014460972589859497
2019-05-24 21:00:00,0.012747178602164184
2019-05-24 22:00:00,0.01580080642761355
2019-05-24 23:00:00,0.010444144779759799
2019-05-25 00:00:00,0.015174736643916966
2019-05-25 01:00:00,0.012460596300522485
2019-05-25 02:00:00,0.011944859024615354
2019-05-25 03:00:00,0.01630298567860149
2019-05-25 04:00:00,0.014964519836622916
2019-05-25 05:00:00,0.022059053258959755
2019-05-25 06:00:00,0.013734532501097688
2019-05-25 07:00:00,0.006686695662243197
2019-05-25 08:00:00,0.017539482312849734
2019-05-25 09:00:00,0.015297358005277699
2019-05-25 10:00:00,0.027447110197312753
2019-05-25 11:00:00,0.010015870857864847
2019-05-25 12:00:00,0.013084679744096167
2019-05-25 13:00:00,0.01450107699364167
2019-05-25 14:00:00,0.007510989468127865
2019-05-25 15:00:00,0.009315029113505192
2019-05-25 16:00:00,0.009090134053504225
2019-05-25 17:00:00,0.013054251853981394
2019-05-25 18:00:00,0.009012405861334814
2019-05-25 19:00:00,0.015849099646696643
2019-05-25 20:00:00,0.011863594812024487
2019-05-25 21:00:00,0.008086737630885845
2019-05-25 22:00:00,0.007309895243897478
2019-05-25 23:00:00,0.0033898317351475065
2019-05-26 00:00:00,0.012061293053071253
2019-05-26 01:00:00,0.011593184721622976
2019-05-26 02:00:00,0.009428207469586843
2019-05-26 03:00:00,0.007472373758081974
2019-05-26 04:00:00,0.009635255813310355
2019-05-26 05:00:00,0.010419457305750814
2019-05-26 06:00:00,0.007258297979634302
2019-05-26 07:00:00,0.009725136319532623
2019-05-26 08:00:00,0.012683473042199533
2019-05-26 09:00:00,0.012378415602726019
2019-05-26 10:00:00,0.012428541855566076
2019-05-26 11:00:00,0.01250804922186472
2019-05-26 12:00:00,0.012593984155737606
2019-05-26 13:00:00,0.010461193663910621
2019-05-26 14:00:00,0.012824400613616291
2019-05-26 15:00:00,0.00666416147108696
2019-05-26 16:00:00,0.018058489013017497
2019-05-26 17:00:00,0.007786096692919931
2019-05-26 18:00:00,0.011024464357707865
2019-05-26 19:00:00,0.008366643953311544
2019-05-26 20:00:00,0.005600772744461422
2019-05-26 21:00:00,0.006722063815524231
2019-05-26 22:00:00,0.01594626446085208
2019-05-26 23:00:00,0.006416048395529777
2019-05-27 00:00:00,0.005897971537043184
2019-05-27 01:00:00,0.0058230745015653475
2019-05-27 02:00:00,0.0011293663965537767
2019-05-27 03:00:00,0.013910265673386227
2019-05-27 04:00:00,0.010948948370530785
2019-05-27 05:00:00,0.011659127825668743
2019-05-27 06:00:00,0.010370760988341554
2019-05-27 07:00:00,0.006764255932080574
2019-05-27 08:00:00,0.010080478301079766
2019-05-27 09:00:00,0.010504479686117686
2019-05-27 10:00:00,0.016934404492143774
2019-05-27 11:00:00,0.0036230923490779762
2019-05-27 12:00:00,0.011404724806128166
2019-05-27 13:00:00,0.009180356080165953
2019-05-27 14:00:00,0.007378034505696507
2019-05-27 15:00:00,0.0027849680263712815
2019-05-27 16:00:00,0.010018679880255305
2019-05-27 17:00:00,0.0022796161740796066
2019-05-27 18:00:00,0.010390242155827654
2019-05-27 19:00:00,0.010956285776751559
2019-05-27 20:00:00,0.014712048190780926
2019-05-27 21:00:00,0.005265300097689072
2019-05-27 22:00:00,0.005572190457188461
2019-05-27 23:00:00,0.01483072826838475
2019-05-28 00:00:00,0.005874818881408781
2019-05-28 01:00:00,0.009764494559214758
2019-05-28 02:00:00,0.003976698935809159
2019-05-28 03:00:00,0.010038018709638897
2019-05-28 04:00:00,0.030267626417170537
2019-05-28 05:00:00,0.004852724506354933
2019-05-28 06:00:00,0.01300909764558514
2019-05-28 07:00:00,0.0052760733862723275
2019-05-28 08:00:00,0.006540719275600531
2019-05-28 09:00:00,0.005522277693361057
2019-05-28 10:00:00,0.005608124049858409
2019-05-28 11:00:00,0.009545981349510763
2019-05-28 12:00:00,0.01254130296278288
2019-05-28 13:00:00,0.011163574420116569
2019-05-28 14:00:00,0.01020620637238799
2019-05-28 15:00:00,0.005098626092087636
2019-05-28 16:00:00,0.014550055449833236
2019-05-28 17:00:00,0.012906666239367455
2019-05-28 18:00:00,0.016455360003504626
2019-05-28 19:00:00,0.016410541946152723
2019-05-28 20:00:00,0.016394370753169265
2019-05-28 21:00:00,0.00941033170091285
2019-05-28 22:00:00,0.01269126529042811
2019-05-28 23:00:00,0.003996418540731045
2019-05-29 00:00:00,0.004859507751150506
2019-05-29 01:00:00,0.01096373058985442
2019-05-29 02:00:00,0.005954908715091841
2019-05-29 03:00:00,0.003453521270348491
2019-05-29 04:00:00,0.007825187561256374
2019-05-29 05:00:00,0.007627164735165582
2019-05-29 06:00:00,0.006112076917576647
2019-05-29 07:00:00,0.006498799456840067
2019-05-29 08:00:00,0.01391435924814675
2019-05-29 09:00:00,0.009383068190039664
2019-05-29 10:00:00,0.010115933157562037
2019-05-29 11:00:00,0.006839148748906767
2019-05-29 12:00:00,0.006102971215657555
2019-05-29 13:00:00,0.007941439165475095
2019-05-29 14:00:00,0.011186360719151444
2019-05-29 15:00:00,0.011777125678716877
2019-05-29 16:00:00,0.008671812280903673
2019-05-29 17:00:00,0.008338928729486099
2019-05-29 18:00:00,0.010951102709724733
2019-05-29 19:00:00,0.005143465771221673
2019-05-29 20:00:00,0.010422734592891428
2019-05-29 21:00:00,0.008016784664542094
2019-05-29 22:00:00,0.0038828752868084395
2019-05-29 23:00:00,0.008099233336029006
2019-05-30 00:00:00,0.007930023900989992
2019-05-30 01:00:00,0.005557235959904801
2019-05-30 02:00:00,0.009802817563501483
2019-05-30 03:00:00,0.00572604096664273
2019-05-30 04:00:00,0.006421761597569833
2019-05-30 05:00:00,0.009721934726139206
2019-05-30 06:00:00,0.015128428381522807
2019-05-30 07:00:00,0.00400247489117074
2019-05-30 08:00:00,0.011059204918220832
2019-05-30 09:00:00,0.008151463895970719
2019-05-30 10:00:00,0.013130409302538525
2019-05-30 11:00:00,0.00782821270237039
2019-05-30 12:00:00,0.008009298702282801
2019-05-30 13:00:00,0.010007961033077701
2019-05-30 14:00:00,0.005555525024796912
2019-05-30 15:00:00,0.010968329633950807
2019-05-30 16:00:00,0.01221796018790195
2019-05-30 17:00:00,0.014377289827356964
2019-05-30 18:00:00,0.006306731309351883
2019-05-30 19:00:00,0.007652406156196205
2019-05-30 20:00:00,0.014403268954031514
2019-05-30 21:00:00,0.008389619439570695
2019-05-30 22:00:00,0.007652093103994585
2019-05-30 23:00:00,0.0067375409324009275
2019-05-31 00:00:00,0.008625718440510972
2019-05-31 01:00:00,0.0074464623295169225
2019-05-31 02:00:00,0.003783341776385109
2019-05-31 03:00:00,0.004848856061210888
2019-05-31 04:00:00,0.011470744102139281
2019-05-31 05:00:00,0.015839884762321784
2019-05-31 06:00:00,0.015663081108461187
2019-05-31 07:00:00,0.01563527746563254
2019-05-31 08:00:00,0.015622037090961225
2019-05-31 09:00:00,0.015612075398606038
2019-05-31 10:00:00,0.008791054449524618
2019-05-31 11:00:00,0.012017264092063882
2019-05-31 12:00:00,0.007845353528357774
2019-05-31 13:00:00,0.010895839875841902
2019-05-31 14:00:00,0.00603723169598547
2019-05-31 15:00:00,0.006391252371129488
2019-05-31 16:00:00,0.006431115867908149
2019-05-31 17:00:00,0.004030814866697564
2019-05-31 18:00:00,0.011621203125799172
2019-05-31 19:00:00,0.0058431017083130955
2019-05-31 20:00:00,0.0057735321603702
2019-05-31 21:00:00,0.010376687961833999
2019-05-31 22:00:00,0.007165598892972977
2019-05-31 23:00:00,0.010413895392566607
2019-06-01 00:00:00,0.004358617078151312
2019-06-01 01:00:00,0.00871396569032962
2019-06-01 02:00:00,0.012256033001592365
2019-06-01 03:00:00,0.0017967380883059816
2019-06-01 04:00:00,0.00799788910594425
2019-06-01 05:00:00,0.005354355795558924
2019-06-01 06:00:00,0.003989357708042624
2019-06-01 07:00:00,0.00309548454020285
2019-06-01 08:00:00,0.012630696516196447
2019-06-01 09:00:00,0.011856673760524666
2019-06-01 10:00:00,0.005736086980749893
2019-06-01 11:00:00,0.005955316568304531
2019-06-01 12:00:00,0.00939410117290786
2019-06-01 13:00:00,0.012620534188149108
2019-06-01 14:00:00,0.009651084343894334
2019-06-01 15:00:00,0.009416821533467493
2019-06-01 16:00:00,0.006293924741585686
2019-06-01 17:00:00,0.00747625196063403
2019-06-01 18:00:00,0.005390049176688697
2019-06-01 19:00:00,0.006802320472626378
2019-06-01 20:00:00,0.008143356161524
2019-06-01 21:00:00,0.013260890397720678
2019-06-01 22:00:00,0.01030784798037167
2019-06-01 23:00:00,0.009194037710260203
2019-06-02 00:00:00,0.008905119380965424
2019-06-02 01:00:00,0.00832986261595858
2019-06-02 02:00:00,0.002945828727110491
2019-06-02 03:00:00,0.019635678642397146
2019-06-02 04:00:00,0.010840722913155108
2019-06-02 05:00:00,0.011294260409628028
2019-06-02 06:00:00,0.007390760043866739
2019-06-02 07:00:00,0.013321124250453868
2019-06-02 08:00:00,0.01235671220939915
2019-06-02 09:00:00,0.004209739985815635
2019-06-02 10:00:00,0.006877427068934009
2019-06-02 11:00:00,0.004603566059080286
2019-06-02 12:00:00,0.011083074287247537
2019-06-02 13:00:00,0.01088861602712136
2019-06-02 14:00:00,0.010083122446601435
2019-06-02 15:00:00,0.015776440266151662
2019-06-02 16:00:00,0.015747547524131506
2019-06-02 17:00:00,0.01572228677409426
2019-06-02 18:00:00,0.005012522620466566
2019-06-02 19:00:00,0.010631196062483594
2019-06-02 20:00:00,0.009783187183968438
2019-06-02 21:00:00,0.01211303060329461
2019-06-02 22:00:00,0.0044646191614986135
2019-06-02 23:00:00,0.008046437402062196
2019-06-03 00:00:00,0.011022698753558916
2019-06-03 01:00:00,0.007488402465986807
2019-06-03 02:00:00,0.006096807402661997
2019-06-03 03:00:00,0.016065043673802435
2019-06-03 04:00:00,0.0064533339931100685
2019-06-03 05:00:00,0.004647879276680798
2019-06-03 06:00:00,0.007488165097486489
2019-06-03 07:00:00,0.005276362746461244
2019-06-03 08:00:00,0.007044183395693906
2019-06-03 09:00:00,0.0027940472423006145
2019-06-03 10:00:00,0.010657921129422503
2019-06-03 11:00:00,0.005698838310161013
2019-06-03 12:00:00,0.010640366788566556
2019-06-03 13:00:00,0.013828870810105464
2019-06-03 14:00:00,0.006618510942815114
2019-06-03 15:00:00,0.0103414379504089
2019-06-03 16:00:00,0.003520499672533267
2019-06-03 17:00:00,0.005505786377244191
2019-06-03 18:00:00,0.010557061578217673
2019-06-03 19:00:00,0.007709419540964547
2019-06-03 20:00:00,0.005554034065054554
2019-06-03 21:00:00,0.009590117351478631
2019-06-03 22:00:00,0.002094119840809876
2019-06-03 23:00:00,0.009395371624838637
2019-06-04 00:00:00,0.009364697493717745
2019-06-04 01:00:00,0.004941633645621119
2019-06-04 02:00:00,0.003330646450272119
2019-06-04 03:00:00,0.008517284416557008
2019-06-04 04:00:00,0.0031364122490509924
2019-06-04 05:00:00,0.006562180358027293
2019-06-04 06:00:00,0.006933279464297138
2019-06-04 07:00:00,0.011257454712808599
2019-06-04 08:00:00,0.011796812571845217
2019-06-04 09:00:00,0.007019686541280848
2019-06-04 10:00:00,0.009579390476085609
2019-06-04 11:00:00,0.006697890066719843
2019-06-04 12:00:00,0.007955738831098926
2019-06-04 13:00:00,0.006494340874106761
2019-06-04 14:00:00,0.001785129303690916
2019-06-04 15:00:00,0.007808095825923021
2019-06-04 16:00:00,0.014900513555695145
2019-06-04 17:00:00,0.014161534293578748
2019-06-04 18:00:00,0.007484040784938476
2019-06-04 19:00:00,0.005744049814667087
2019-06-04 20:00:00,0.017189321823965674
2019-06-04 21:00:00,0.0093568257097059
2019-06-04 22:00:00,0.003208075332611256
2019-06-04 23:00:00,0.007025327987634788
2019-06-05 00:00:00,0.012568222650131326
2019-06-05 01:00:00,0.006974619391853937
2019-06-05 02:00:00,0.014441372211992867
2019-06-05 03:00:00,0.014359160765930374
2019-06-05 04:00:00,0.014351675818671588
2019-06-05 05:00:00,0.014352441702200739
2019-06-05 06:00:00,0.014354556614923719
2019-06-05 07:00:00,0.0052123797596607515
2019-06-05 08:00:00,0.0020945790514611965
2019-06-05 09:00:00,0.0016623446821735486
2019-06-05 10:00:00,0.020485120026166505
2019-06-05 11:00:00,0.008484398475053822
2019-06-05 12:00:00,0.010516807390923177
2019-06-05 13:00:00,0.00745280996177
2019-06-05 14:00:00,0.011944739726477114
2019-06-05 15:00:00,0.012441101543664438
2019-06-05 16:00:00,0.00833819611606623
2019-06-05 17:00:00,0.004783633392703873
2019-06-05 18:00:00,0.007597104300229577
2019-06-05 19:00:00,0.006234483084351555
2019-06-05 20:00:00,0.01162551845017674
2019-06-05 21:00:00,0.006892871752564702
2019-06-05 22:00:00,0.0035327304022296922
2019-06-05 23:00:00,0.0059183435936596895
2019-06-06 00:00:00,0.0053853875553575474
2019-06-06 01:00:00,0.0072133671814392465
2019-06-06 02:00:00,0.0030664570532594328
2019-06-06 03:00:00,0.0071760687598000404
2019-06-06 04:00:00,0.014684993313456332
2019-06-06 05:00:00,0.004988303345658712
2019-06-06 06:00:00,0.003011766504884665
2019-06-06 07:00:00,0.0032579336312519814
2019-06-06 08:00:00,0.0034781083992525964
2019-06-06 09:00:00,0.00845897410712336
2019-06-06 10:00:00,0.005925696523703401
2019-06-06 11:00:00,0.011307614655482377
2019-06-06 12:00:00,0.010044554914465586
2019-06-06 13:00:00,0.004149150778254632
2019-06-06 14:00:00,0.011641144890803333
2019-06-06 15:00:00,0.006452180373581226
2019-06-06 16:00:00,0.015925596331266483
2019-06-06 17:00:00,0.0064427209164584975
2019-06-06 18:00:00,0.00647645548926692
2019-06-06 19:00:00,0.0018374607261968045
2019-06-06 20:00:00,0.0065860805119639446
2019-06-06 21:00:00,0.010790189955892803
2019-06-06 22:00:00,0.005037718703713643
2019-06-06 23:00:00,0.010321109679243904
2019-06-07 00:00:00,0.013048480741623287
2019-06-07 01:00:00,0.006217342948730632
2019-06-07 02:00:00,0.0016228474970519842
2019-06-07 03:00:00,0.003968915323682899
2019-06-07 04:00:00,0.004035685501854155
2019-06-07 05:00:00,0.0072397377282657415
2019-06-07 06:00:00,0.006288995553346568
2019-06-07 07:00:00,0.007981692843572467
2019-06-07 08:00:00,0.0018618500290084885
2019-06-07 09:00:00,0.018785977311962153
2019-06-07 10:00:00,0.005191557185135578
2019-06-07 11:00:00,0.005623940412393561
2019-06-07 12:00:00,0.013291991892137643
2019-06-07 13:00:00,0.01327534385090082
2019-06-07 14:00:00,0.006322528115968843
2019-06-07 15:00:00,0.004979137048551438
2019-06-07 16:00:00,0.004165635346115795
2019-06-07 17:00:00,0.011838793317915675
2019-06-07 18:00:00,0.005946504344249923
2019-06-07 19:00:00,0.002134056929370013
2019-06-07 20:00:00,0.0021165150623217205
2019-06-07 21:00:00,0.01401916291556184
2019-06-07 22:00:00,0.01006087139328215
2019-06-07 23:00:00,0.010537884687945252
2019-06-08 00:00:00,0.007241398568627749
2019-06-08 01:00:00,0.0288400639194712
2019-06-08 02:00:00,0.025306340346170592
2019-06-08 03:00:00,0.02955411452303403
2019-06-08 04:00:00,0.005133799108860564
2019-06-08 05:00:00,0.004469179962851571
2019-06-08 06:00:00,0.03237392271344957
2019-06-08 07:00:00,0.0072765549733215884
2019-06-08 08:00:00,0.004775078584670224
2019-06-08 09:00:00,0.003266445985942075
2019-06-08 10:00:00,0.008146583420792735
2019-06-08 11:00:00,0.009267550025025554
2019-06-08 12:00:00,0.010213322265957172
2019-06-08 13:00:00,0.009333258345946395
2019-06-08 14:00:00,0.00741046550192982
2019-06-08 15:00:00,0.007567105791303171
2019-06-08 16:00:00,0.004382190379029601
2019-06-08 17:00:00,0.009094801593177026
2019-06-08 18:00:00,0.007729641463458795
2019-06-08 19:00:00,0.016120902502749713
2019-06-08 20:00:00,0.011209117138229386
2019-06-08 21:00:00,0.007016373967021845
2019-06-08 22:00:00,0.005456740508891845
2019-06-08 23:00:00,0.009001894536807085
2019-06-09 00:00:00,0.003129476974767341
2019-06-09 01:00:00,0.00792427340936651
2019-06-09 02:00:00,0.004094697012081798
2019-06-09 03:00:00,0.004022271616311977
2019-06-09 04:00:00,0.007639012197118404
2019-06-09 05:00:00,0.005416764883513533
2019-06-09 06:00:00,0.0030417040544705324
2019-06-09 07:00:00,0.009751391484693582
2019-06-09 08:00:00,0.005191127157000591
2019-06-09 09:00:00,0.004665184356485482
2019-06-09 10:00:00,0.00499027116234297
2019-06-09 11:00:00,0.011276110082233521
2019-06-09 12:00:00,0.006307129775975673
2019-06-09 13:00:00,0.014604372603636243
2019-06-09 14:00:00,0.016379764228407406
2019-06-09 15:00:00,0.004744888731907118
2019-06-09 16:00:00,0.003400615104475556
2019-06-09 17:00:00,0.006046057605279943
2019-06-09 18:00:00,0.008880735839617454
2019-06-09 19:00:00,0.006990007169240187
2019-06-09 20:00:00,0.028133333980827055
2019-06-09 21:00:00,0.0038540336505058
2019-06-09 22:00:00,0.006499740653654359
2019-06-09 23:00:00,0.013507601479371259
2019-06-10 00:00:00,0.013256623911048667
2019-06-10 01:00:00,0.013223987103203994
2019-06-10 02:00:00,0.013211890695091495
2019-06-10 03:00:00,0.013205232505351529
2019-06-10 04:00:00,0.004891084148052217
2019-06-10 05:00:00,0.014117070674605011
2019-06-10 06:00:00,0.004947108358250034
2019-06-10 07:00:00,0.004389994901160484
2019-06-10 08:00:00,0.009788227298215537
2019-06-10 09:00:00,0.011190122458472096
2019-06-10 10:00:00,0.008700570439833457
2019-06-10 11:00:00,0.010850677102953786
2019-06-10 12:00:00,0.006049589972140412
2019-06-10 13:00:00,0.0030088400224123632
2019-06-10 14:00:00,0.004024612582058779
2019-06-10 15:00:00,0.008694771835891926
2019-06-10 16:00:00,0.007745446494016616
2019-06-10 17:00:00,0.00932350134829863
2019-06-10 18:00:00,0.003784544547403769
2019-06-10 19:00:00,0.0017357643654393271
2019-06-10 20:00:00,0.007817752889795965
2019-06-10 21:00:00,0.007399940759676779
2019-06-10 22:00:00,0.005712501523182329
2019-06-10 23:00:00,0.005342031324522855
2019-06-11 00:00:00,0.009287844940256095
2019-06-11 01:00:00,0.00862142974650104
2019-06-11 02:00:00,0.01115994785291286
2019-06-11 03:00:00,0.007976860372873772
2019-06-11 04:00:00,0.006349687424801391
2019-06-11 05:00:00,0.004061298266239348
2019-06-11 06:00:00,0.02318185309647675
2019-06-11 07:00:00,0.00716689670784589
2019-06-11 08:00:00,0.010101873045398968
2019-06-11 09:00:00,0.005576160244708444
2019-06-11 10:00:00,0.006236865377601093
2019-06-11 11:00:00,0.009669451046501226
2019-06-11 12:00:00,0.0028321527851463807
2019-06-11 13:00:00,0.010806283776418112
2019-06-11 14:00:00,0.005472475644050519
2019-06-11 15:00:00,0.02230839134975299
2019-06-11 16:00:00,0.009804286246644183
2019-06-11 17:00:00,0.0048677742311215655
2019-06-11 18:00:00,0.006231732820506021
2019-06-11 19:00:00,0.010340654642055585
2019-06-11 20:00:00,0.011986325437776184
2019-06-11 21:00:00,0.002988798018099251
2019-06-11 22:00:00,0.0036569868605381
2019-06-11 23:00:00,0.008749446883029912
2019-06-12 00:00:00,0.008739041716885278
2019-06-12 01:00:00,0.0038230813201729
2019-06-12 02:00:00,0.008875475352155408
2019-06-12 03:00:00,0.009957547452249041
2019-06-12 04:00:00,0.009258721650823698
2019-06-12 05:00:00,0.006051805284582209
2019-06-12 06:00:00,0.0031884662151239296
2019-06-12 07:00:00,0.008034341833311361
2019-06-12 08:00:00,0.0064653392205839605
2019-06-12 09:00:00,0.010853406890122652
2019-06-12 10:00:00,0.010873622050419425
2019-06-12 11:00:00,0.005652141274778317
2019-06-12 12:00:00,0.003770837259900692
2019-06-12 13:00:00,0.005011188651854773
2019-06-12 14:00:00,0.00765107637503379
2019-06-12 15:00:00,0.008438198509551366
2019-06-12 16:00:00,0.012937180412375418
2019-06-12 17:00:00,0.005360991141221684
2019-06-12 18:00:00,0.012039163588748795
2019-06-12 19:00:00,0.012928062770247545
2019-06-12 20:00:00,0.007173375202026387
2019-06-12 21:00:00,0.01455602317793562
2019-06-12 22:00:00,0.007734836366374005
2019-06-12 23:00:00,0.011733571479777981
2019-06-13 00:00:00,0.005602157588347359
2019-06-13 01:00:00,0.0044115277483426744
2019-06-13 02:00:00,0.006713247198732455
2019-06-13 03:00:00,0.010428617517967555
2019-06-13 04:00:00,0.005310212175633896
2019-06-13 05:00:00,0.007088538606118033
2019-06-13 06:00:00,0.006679361521554737
2019-06-13 07:00:00,0.009850421437570181
2019-06-13 08:00:00,0.007144464143092633
2019-06-13 09:00:00,0.00786358471638889
2019-06-13 10:00:00,0.009667030838828515
2019-06-13 11:00:00,0.008537362540601005
2019-06-13 12:00:00,0.013356513545229683
2019-06-13 13:00:00,0.012121842074769466
2019-06-13 14:00:00,0.013517750885835506
2019-06-13 15:00:00,0.0042061696734188025
2019-06-13 16:00:00,0.00468079519129369
2019-06-13 17:00:00,0.013034424377742385
2019-06-13 18:00:00,0.006695159072680211
2019-06-13 19:00:00,0.00587758979936315
2019-06-13 20:00:00,0.007881312808681096
2019-06-13 21:00:00,0.008033819638749023
2019-06-13 22:00:00,0.006767175042083643
2019-06-13 23:00:00,0.006538127757621258
2019-06-14 00:00:00,0.015023433895867485
2019-06-14 01:00:00,0.009698835783175151
2019-06-14 02:00:00,0.0076513740815887495
2019-06-14 03:00:00,0.011198703464378497
2019-06-14 04:00:00,0.009432831966479566
2019-06-14 05:00:00,0.006030550649737835
2019-06-14 06:00:00,0.007336048794864097
2019-06-14 07:00:00,0.004955138968710599
2019-06-14 08:00:00,0.0020502832653747243
2019-06-14 09:00:00,0.003218713328870166
2019-06-14 10:00:00,0.0027878200287781325
2019-06-14 11:00:00,0.011004861515900756
2019-06-14 12:00:00,0.012252559946160854
2019-06-14 13:00:00,0.012611399036553114
2019-06-14 14:00:00,0.0022557002533236024
2019-06-14 15:00:00,0.012527437152937986
2019-06-14 16:00:00,0.012083785991629414
2019-06-14 17:00:00,0.006051073133115955
2019-06-14 18:00:00,0.006806555056617509
2019-06-14 19:00:00,0.01057483447590621
2019-06-14 20:00:00,0.011805451695239498
2019-06-14 21:00:00,0.011536198483437609
2019-06-14 22:00:00,0.011538665923834854
2019-06-14 23:00:00,0.011566062596346523
2019-06-15 00:00:00,0.011599357120907037
2019-06-15 01:00:00,0.006266138288454501
2019-06-15 02:00:00,0.0013381124840701147
2019-06-15 03:00:00,0.003721689116925662
2019-06-15 04:00:00,0.009470216926739999
2019-06-15 05:00:00,0.003943206033678871
2019-06-15 06:00:00,0.004718607845140907
2019-06-15 07:00:00,0.008683918523414404
2019-06-15 08:00:00,0.0038434862009574097
2019-06-15 09:00:00,0.007688322239539305
2019-06-15 10:00:00,0.005912083639303709
2019-06-15 11:00:00,0.004393713187385953
2019-06-15 12:00:00,0.005598501074472521
2019-06-15 13:00:00,0.003629609350447895
2019-06-15 14:00:00,0.004497227790626913
2019-06-15 15:00:00,0.009618471862006048
2019-06-15 16:00:00,0.00517347762649355
2019-06-15 17:00:00,0.00655931225298157
2019-06-15 18:00:00,0.0067837833063789064
2019-06-15 19:00:00,0.004867138472174204
2019-06-15 20:00:00,0.0031601819476482474
2019-06-15 21:00:00,0.0030394014060574556
2019-06-15 22:00:00,0.00558419650166035
2019-06-15 23:00:00,0.004578880466733434
2019-06-16 00:00:00,0.005254203082240976
2019-06-16 01:00:00,0.0039034856631090745
2019-06-16 02:00:00,0.00931906723140623
2019-06-16 03:00:00,0.0072061894241185
2019-06-16 04:00:00,0.004274539684479959
2019-06-16 05:00:00,0.002233678085362573
2019-06-16 06:00:00,0.007629093668951418
2019-06-16 07:00:00,0.011589496782827592
2019-06-16 08:00:00,0.007198369018643218
2019-06-16 09:00:00,0.008405606422694703
2019-06-16 10:00:00,0.00839809789840781
2019-06-16 11:00:00,0.00793317601412229
2019-06-16 12:00:00,0.010078545621701653
2019-06-16 13:00:00,0.009572106456671477
2019-06-16 14:00:00,0.007366289059365471
2019-06-16 15:00:00,0.0016160200901975984
2019-06-16 16:00:00,0.008812422787180599
2019-06-16 17:00:00,0.008110604694048328
2019-06-16 18:00:00,0.007996457571331899
2019-06-16 19:00:00,0.005011499630648217
2019-06-16 20:00:00,0.011765087124374558
2019-06-16 21:00:00,0.008260959794948316
2019-06-16 22:00:00,0.00603235344391572
2019-06-16 23:00:00,0.0036068355011249827
2019-06-17 00:00:00,0.009531960191596156
2019-06-17 01:00:00,0.006216727269451636
2019-06-17 02:00:00,0.007751346883480539
2019-06-17 03:00:00,0.005169813983336227
2019-06-17 04:00:00,0.003359312024855395
2019-06-17 05:00:00,0.003762964467387855
2019-06-17 06:00:00,0.011559617853839509
2019-06-17 07:00:00,0.011547120198561318
2019-06-17 08:00:00,0.005097357681758227
2019-06-17 09:00:00,0.004216528234433834
2019-06-17 10:00:00,0.006618797516172621
2019-06-17 11:00:00,0.007130842404598215
2019-06-17 12:00:00,0.007346996898240238
2019-06-17 13:00:00,0.009443032700639073
2019-06-17 14:00:00,0.004127822942021295
2019-06-17 15:00:00,0.008061748903001077
2019-06-17 16:00:00,0.002163229194140468
2019-06-17 17:00:00,0.00237022735406601
2019-06-17 18:00:00,0.00620316479061922
2019-06-17 19:00:00,0.007543671496964732
2019-06-17 20:00:00,0.012411479982919287
2019-06-17 21:00:00,0.007379858445486315
2019-06-17 22:00:00,0.004784456219046827
2019-06-17 23:00:00,0.006710809479899503
2019-06-18 00:00:00,0.005255516620520453
2019-06-18 01:00:00,0.009728013939850856
2019-06-18 02:00:00,0.020443774222846805
2019-06-18 03:00:00,0.008584346564637838
2019-06-18 04:00:00,0.006617960250478904
2019-06-18 05:00:00,0.005012353790774228
2019-06-18 06:00:00,0.010249943763185722
2019-06-18 07:00:00,0.012776362468561705
2019-06-18 08:00:00,0.005779853041055414
2019-06-18 09:00:00,0.004930373942721591
2019-06-18 10:00:00,0.0071718877437040775
2019-06-18 11:00:00,0.007283264880625311
2019-06-18 12:00:00,0.010699237074565675
2019-06-18 13:00:00,0.0037476978455739736
2019-06-18 14:00:00,0.004967286657066586
2019-06-18 15:00:00,0.002460788066812863
2019-06-18 16:00:00,0.006311380839051084
2019-06-18 17:00:00,0.008321757766302913
2019-06-18 18:00:00,0.01804761134830693
2019-06-18 19:00:00,0.004159478104406898
2019-06-18 20:00:00,0.016709044051406365
2019-06-18 21:00:00,0.0028035632874172677
2019-06-18 22:00:00,0.004700319044992338
2019-06-18 23:00:00,0.005418075673563109
2019-06-19 00:00:00,0.010115920622608795
2019-06-19 01:00:00,0.005256308526278541
2019-06-19 02:00:00,0.005378123344417316
2019-06-19 03:00:00,0.0032978281213589863
2019-06-19 04:00:00,0.0069679959523831205
2019-06-19 05:00:00,0.003473014212739883
2019-06-19 06:00:00,0.004149229194529783
2019-06-19 07:00:00,0.005312238143314489
2019-06-19 08:00:00,0.006721309429201273
2019-06-19 09:00:00,0.011531293014209291
2019-06-19 10:00:00,0.008245259560969392
2019-06-19 11:00:00,0.0130851738630341
2019-06-19 12:00:00,0.007119580478027301
2019-06-19 13:00:00,0.0058584803913955845
2019-06-19 14:00:00,0.008069066039799058
2019-06-19 15:00:00,0.007031824766583933
2019-06-19 16:00:00,0.0023928304549803293
2019-06-19 17:00:00,0.010302842770108235
2019-06-19 18:00:00,0.010183648985360958
2019-06-19 19:00:00,0.010220708110873049
2019-06-19 20:00:00,0.010271863843020116
2019-06-19 21:00:00,0.010325602505583694
2019-06-19 22:00:00,0.004671084260625431
2019-06-19 23:00:00,0.004569334121288229
2019-06-20 00:00:00,0.004234056661959748
2019-06-20 01:00:00,0.0032101210621554768
2019-06-20 02:00:00,0.016041397343758756
2019-06-20 03:00:00,0.009341196868473447
2019-06-20 04:00:00,0.008024924186324348
2019-06-20 05:00:00,0.01024404675906312
2019-06-20 06:00:00,0.009767477759835828
2019-06-20 07:00:00,0.006769667651483025
2019-06-20 08:00:00,0.008916568890739595
2019-06-20 09:00:00,0.004971895748689049
2019-06-20 10:00:00,0.004808709770886177
2019-06-20 11:00:00,0.005885384714180185
2019-06-20 12:00:00,0.00869833443621712
2019-06-20 13:00:00,0.007006066931098936
2019-06-20 14:00:00,0.0025593996610893343
2019-06-20 15:00:00,0.01199404415072994
2019-06-20 16:00:00,0.008055894186411673
2019-06-20 17:00:00,0.007051482602447335
2019-06-20 18:00:00,0.0020147048233781677
2019-06-20 19:00:00,0.008528435016286804
2019-06-20 20:00:00,0.0072471249475772265
2019-06-20 21:00:00,0.008222336961697297
2019-06-20 22:00:00,0.0012269914239534062
2019-06-20 23:00:00,0.007264542679316689
2019-06-21 00:00:00,0.006754100208970436
2019-06-21 01:00:00,0.004784455093960826
2019-06-21 02:00:00,0.014043653734508667
2019-06-21 03:00:00,0.009210355592694125
2019-06-21 04:00:00,0.003822124095920537
2019-06-21 05:00:00,0.005084406999729028
2019-06-21 06:00:00,0.003908598241094756
2019-06-21 07:00:00,0.00996787474118276
2019-06-21 08:00:00,0.007852808759408542
2019-06-21 09:00:00,0.007006977725907214
2019-06-21 10:00:00,0.005410306658190467
2019-06-21 11:00:00,0.008804774179369649
2019-06-21 12:00:00,0.0058858749332541095
2019-06-21 13:00:00,0.00941795949896794
2019-06-21 14:00:00,0.009415030734664561
2019-06-21 15:00:00,0.012668141894010923
2019-06-21 16:00:00,0.00576712972837634
2019-06-21 17:00:00,0.00763849817087677
2019-06-21 18:00:00,0.004687623436378576
2019-06-21 19:00:00,0.006084369690233346
2019-06-21 20:00:00,0.004096689307117017
2019-06-21 21:00:00,0.002835133697409951
2019-06-21 22:00:00,0.007500821486596054
2019-06-21 23:00:00,0.0077821420850442535
2019-06-22 00:00:00,0.013774226066312718
2019-06-22 01:00:00,0.00876969442137254
2019-06-22 02:00:00,0.013959224390070904
2019-06-22 03:00:00,0.012458288933660208
2019-06-22 04:00:00,0.012419012132861394
2019-06-22 05:00:00,0.009993213545605001
2019-06-22 06:00:00,0.01429410512253178
2019-06-22 07:00:00,0.006984140576776307
2019-06-22 08:00:00,0.00448436053824895
2019-06-22 09:00:00,0.007040277526382588
2019-06-22 10:00:00,0.00474910137522919
2019-06-22 11:00:00,0.005099517096785607
2019-06-22 12:00:00,0.006798433970393017
2019-06-22 13:00:00,0.009043680786115546
2019-06-22 14:00:00,0.0054133568563350986
2019-06-22 15:00:00,0.008729856725033168
2019-06-22 16:00:00,0.01216922365230186
2019-06-22 17:00:00,0.005839269272638424
2019-06-22 18:00:00,0.004515757873642537
2019-06-22 19:00:00,0.00692734616697606
2019-06-22 20:00:00,0.010105891059111157
2019-06-22 21:00:00,0.002970762568160901
2019-06-22 22:00:00,0.010256267985509744
2019-06-22 23:00:00,0.009951034761173655
2019-06-23 00:00:00,0.007645766086164708
2019-06-23 01:00:00,0.004803943548275003
2019-06-23 02:00:00,0.00229550596297697
2019-06-23 03:00:00,0.011903065913655088
2019-06-23 04:00:00,0.003893405325769777
2019-06-23 05:00:00,0.008760101460896806
2019-06-23 06:00:00,0.008829148740409002
2019-06-23 07:00:00,0.0017349062293097249
2019-06-23 08:00:00,0.005222184320703554
2019-06-23 09:00:00,0.004857111801412371
2019-06-23 10:00:00,0.008320650548014293
2019-06-23 11:00:00,0.006905981877732637
2019-06-23 12:00:00,0.002324040372670444
2019-06-23 13:00:00,0.00656371566126945
2019-06-23 14:00:00,0.0042218409611289535
2019-06-23 15:00:00,0.007837363004684511
2019-06-23 16:00:00,0.00787666860214417
2019-06-23 17:00:00,0.00548939616771246
2019-06-23 18:00:00,0.005702975967931947
2019-06-23 19:00:00,0.009097550218992553
2019-06-23 20:00:00,0.005519160574678058
2019-06-23 21:00:00,0.007823460915857085
2019-06-23 22:00:00,0.005385566666299272
2019-06-23 23:00:00,0.005988261395067517
2019-06-24 00:00:00,0.0028472180070992148
2019-06-24 01:00:00,0.010824702946493502
2019-06-24 02:00:00,0.008003273633753544
2019-06-24 03:00:00,0.015361107198112373
2019-06-24 04:00:00,0.005187020274831148
2019-06-24 05:00:00,0.0025592520131574896
2019-06-24 06:00:00,0.0038405785987577607
2019-06-24 07:00:00,0.005550475491205104
2019-06-24 08:00:00,0.009937048185199556
2019-06-24 09:00:00,0.002620169642488547
2019-06-24 10:00:00,0.005509078437849815
2019-06-24 11:00:00,0.00503862214296282
2019-06-24 12:00:00,0.005865532458538625
2019-06-24 13:00:00,0.0059464733903011385
2019-06-24 14:00:00,0.012978741981036103
2019-06-24 15:00:00,0.012716018704247852
2019-06-24 16:00:00,0.012668593441448212
2019-06-24 17:00:00,0.012643650686156267
2019-06-24 18:00:00,0.012625054024468426
2019-06-24 19:00:00,0.008095312582804118
2019-06-24 20:00:00,0.008020373785650932
2019-06-24 21:00:00,0.006180554881033127
2019-06-24 22:00:00,0.005909849278034603
2019-06-24 23:00:00,0.005812163622675137
2019-06-25 00:00:00,0.0066319608207752335
2019-06-25 01:00:00,0.0034292773109340048
2019-06-25 02:00:00,0.002762926380983768
2019-06-25 03:00:00,0.00649205871352673
2019-06-25 04:00:00,0.007246995163979572
2019-06-25 05:00:00,0.0006974506149683558
2019-06-25 06:00:00,0.013197872230408894
2019-06-25 07:00:00,0.008984062174311126
2019-06-25 08:00:00,0.007100745759122663
2019-06-25 09:00:00,0.005059476727345217
2019-06-25 10:00:00,0.004629448098826177
2019-06-25 11:00:00,0.011867259619725597
2019-06-25 12:00:00,0.004258295639367005
2019-06-25 13:00:00,0.008187049734167916
2019-06-25 14:00:00,0.0043753216909919726
2019-06-25 15:00:00,0.012479924703876393
2019-06-25 16:00:00,0.008120795903452754
2019-06-25 17:00:00,0.004221290696169062
2019-06-25 18:00:00,0.0057207097710736
2019-06-25 19:00:00,0.0035854804985921054
2019-06-25 20:00:00,0.0075397581445429
2019-06-25 21:00:00,0.0059090594083842495
2019-06-25 22:00:00,0.012305074228468929
2019-06-25 23:00:00,0.011685974587987723
2019-06-26 00:00:00,0.004140181430043211
2019-06-26 01:00:00,0.005882994611292989
2019-06-26 02:00:00,0.0021214114708644144
2019-06-26 03:00:00,0.008880764393336068
2019-06-26 04:00:00,0.0029209317710875544
2019-06-26 05:00:00,0.013024507360966203
2019-06-26 06:00:00,0.008017651872609244
2019-06-26 07:00:00,0.007977789109374507
2019-06-26 08:00:00,0.005837681804086065
2019-06-26 09:00:00,0.006642192721745102
2019-06-26 10:00:00,0.005100262924000963
2019-06-26 11:00:00,0.00856941391542255
2019-06-26 12:00:00,0.006510608601605302
2019-06-26 13:00:00,0.009543149330312271
2019-06-26 14:00:00,0.008189787337048237
2019-06-26 15:00:00,0.004838160511673287
2019-06-26 16:00:00,0.0029228896123742487
2019-06-26 17:00:00,0.006936530672916959
2019-06-26 18:00:00,0.017351778861781162
2019-06-26 19:00:00,0.006114292171343908
2019-06-26 20:00:00,0.004734893308615226
2019-06-26 21:00:00,0.004756771204175009
2019-06-26 22:00:00,0.00719016848473797
2019-06-26 23:00:00,0.004490112916801344
2019-06-27 00:00:00,0.012291614394607601
2019-06-27 01:00:00,0.012243461649639282
2019-06-27 02:00:00,0.005439754371917219
2019-06-27 03:00:00,0.008001374538552831
2019-06-27 04:00:00,0.005287000187463366
2019-06-27 05:00:00,0.009666576424356369
2019-06-27 06:00:00,0.007013181960277474
2019-06-27 07:00:00,0.006807768665272698
2019-06-27 08:00:00,0.01303881918434802
2019-06-27 09:00:00,0.008888045035668528
2019-06-27 10:00:00,0.004529910221002569
2019-06-27 11:00:00,0.008278135727198117
2019-06-27 12:00:00,0.0015230658976891315
2019-06-27 13:00:00,0.010535708130196848
2019-06-27 14:00:00,0.011980405560722744
2019-06-27 15:00:00,0.008608344764409305
2019-06-27 16:00:00,0.004969319231413637
2019-06-27 17:00:00,0.0033778006529030877
2019-06-27 18:00:00,0.005964356033046134
2019-06-27 19:00:00,0.011819095211655275
2019-06-27 20:00:00,0.007436386072744804
2019-06-27 21:00:00,0.0058022433677631675
2019-06-27 22:00:00,0.003079918359863193
2019-06-27 23:00:00,0.006000398403031104
2019-06-28 00:00:00,0.005586957579552617
2019-06-28 01:00:00,0.01399865895020646
2019-06-28 02:00:00,0.006277116304273143
2019-06-28 03:00:00,0.004793448117718799
2019-06-28 04:00:00,0.01270166662601396
2019-06-28 05:00:00,0.004967832773831436
2019-06-28 06:00:00,0.007193793770712849
2019-06-28 07:00:00,0.008307184139488765
2019-06-28 08:00:00,0.00626345792946942
2019-06-28 09:00:00,0.005660671263647676
2019-06-28 10:00:00,0.004291294712627752
2019-06-28 11:00:00,0.005082813298575555
2019-06-28 12:00:00,0.004378217855089632
2019-06-28 13:00:00,0.002901305340213834
2019-06-28 14:00:00,0.008072616082810236
2019-06-28 15:00:00,0.004814891348994479
2019-06-28 16:00:00,0.005147493208937645
2019-06-28 17:00:00,0.006984967721996502
2019-06-28 18:00:00,0.005655996046972008
2019-06-28 19:00:00,0.00812141162787275
2019-06-28 20:00:00,0.012033762012875796
2019-06-28 21:00:00,0.006475159593860263
2019-06-28 22:00:00,0.011754862657507628
2019-06-28 23:00:00,0.004178903377151999
2019-06-29 00:00:00,0.016229636783090876
2019-06-29 01:00:00,0.0021538767428033873
2019-06-29 02:00:00,0.008231165121957425
2019-06-29 03:00:00,0.009994705541446498
2019-06-29 04:00:00,0.0049795979389152265
2019-06-29 05:00:00,0.005238963132497461
2019-06-29 06:00:00,0.007220399263193062
2019-06-29 07:00:00,0.006720206467743616
2019-06-29 08:00:00,0.005880165808634409
2019-06-29 09:00:00,0.007047156065533653
2019-06-29 10:00:00,0.0031731238016456907
2019-06-29 11:00:00,0.012057956568748631
2019-06-29 12:00:00,0.011797757857414016
2019-06-29 13:00:00,0.0117652338108122
2019-06-29 14:00:00,0.011755768576138267
2019-06-29 15:00:00,0.011752597428461914
2019-06-29 16:00:00,0.007400471921250936
2019-06-29 17:00:00,0.0023665886127400065
2019-06-29 18:00:00,0.007584358641355661
2019-06-29 19:00:00,0.007154938077656397
2019-06-29 20:00:00,0.0034002030443388825
2019-06-29 21:00:00,0.00819410033982702
2019-06-29 22:00:00,0.008333471653643919
2019-06-29 23:00:00,0.0018967631185699788
2019-06-30 00:00:00,0.005281709055581133
2019-06-30 01:00:00,0.005289225885314223
2019-06-30 02:00:00,0.044302853430342355
2019-06-30 03:00:00,0.01611040117371607
2019-06-30 04:00:00,0.004323725910220691
2019-06-30 05:00:00,0.007885695603434077
2019-06-30 06:00:00,0.006164296767730235
2019-06-30 07:00:00,0.005009348070699348
2019-06-30 08:00:00,0.005657246871140476
2019-06-30 09:00:00,0.0020915727125802616
2019-06-30 10:00:00,0.008126865740047005
2019-06-30 11:00:00,0.006980911395405111
2019-06-30 12:00:00,0.010306130345941664
2019-06-30 13:00:00,0.009873621350579667
2019-06-30 14:00:00,0.005794569912681809
2019-06-30 15:00:00,0.003050059694643202
2019-06-30 16:00:00,0.006023751790947028
2019-06-30 17:00:00,0.00825471057815968
2019-06-30 18:00:00,0.008944461390334809
2019-06-30 19:00:00,0.007263616109066243
2019-06-30 20:00:00,0.007064231056697506
2019-06-30 21:00:00,0.007661395114806824
2019-06-30 22:00:00,0.00964074669158213
2019-06-30 23:00:00,0.004664961604222781
2019-07-01 00:00:00,0.00664335771956854
2019-07-01 01:00:00,0.01970135584796981
2019-07-01 02:00:00,0.0037909917276342
2019-07-01 03:00:00,0.0035131158500004817
2019-07-01 04:00:00,0.003642434593010629
2019-07-01 05:00:00,0.010965662827145683
2019-07-01 06:00:00,0.011904691228828592
2019-07-01 07:00:00,0.0077047497800495955
2019-07-01 08:00:00,0.0017059649510392358
2019-07-01 09:00:00,0.0018728608611465868
2019-07-01 10:00:00,0.002231452601063533
2019-07-01 11:00:00,0.008342934737908292
2019-07-01 12:00:00,0.006670157172028338
2019-07-01 13:00:00,0.005421287300337835
2019-07-01 14:00:00,0.0060233503586265
2019-07-01 15:00:00,0.004798070957482684
2019-07-01 16:00:00,0.0022023485782780637
2019-07-01 17:00:00,0.004338563837299704
2019-07-01 18:00:00,0.005942111637596701
2019-07-01 19:00:00,0.0027670241788950133
2019-07-01 20:00:00,0.005991950818090747
2019-07-01 21:00:00,0.013546361084175541
2019-07-01 22:00:00,0.013521402817614022
2019-07-01 23:00:00,0.0029664113790350897
2019-07-02 00:00:00,0.004192453910212979
2019-07-02 01:00:00,0.011603409159750706
2019-07-02 02:00:00,0.009677350012937786
2019-07-02 03:00:00,0.005850400220502586
2019-07-02 04:00:00,0.005335353419834527
2019-07-02 05:00:00,0.010788098202411521
2019-07-02 06:00:00,0.013811054924954188
2019-07-02 07:00:00,0.005671681538423071
2019-07-02 08:00:00,0.006529918893713855
2019-07-02 09:00:00,0.005516113116041446
2019-07-02 10:00:00,0.0072821379504019014
2019-07-02 11:00:00,0.004879431712816973
2019-07-02 12:00:00,0.014824567488014608
2019-07-02 13:00:00,0.001106626880789182
2019-07-02 14:00:00,0.007338026781445099
2019-07-02 15:00:00,0.006480071434960083
2019-07-02 16:00:00,0.0016675498310820495
2019-07-02 17:00:00,0.00859385137300723
2019-07-02 18:00:00,0.004911518910218354
2019-07-02 19:00:00,0.011237275510359624
2019-07-02 20:00:00,0.021452778572575937
2019-07-02 21:00:00,0.007847803143379765
2019-07-02 22:00:00,0.011010702772462222
2019-07-02 23:00:00,0.007354596960276369
2019-07-03 00:00:00,0.013350435076642856
2019-07-03 01:00:00,0.011512751221401845
2019-07-03 02:00:00,0.0052581704779864884
2019-07-03 03:00:00,0.0072151548474123925
2019-07-03 04:00:00,0.0053121147045047425
2019-07-03 05:00:00,0.005163370100343598
2019-07-03 06:00:00,0.006414825590363889
2019-07-03 07:00:00,0.0035561389657233432
2019-07-03 08:00:00,0.007704213054543886
2019-07-03 09:00:00,0.00594831537701642
2019-07-03 10:00:00,0.0033325464867246728
2019-07-03 11:00:00,0.004329760868904162
2019-07-03 12:00:00,0.009678272917008979
2019-07-03 13:00:00,0.0035762372060030865
2019-07-03 14:00:00,0.006243535791806193
2019-07-03 15:00:00,0.0023359068438740674
2019-07-03 16:00:00,0.004931038593374136
2019-07-03 17:00:00,0.00577923669773056
2019-07-03 18:00:00,0.00826193748817611
2019-07-03 19:00:00,0.006039959361898194
2019-07-03 20:00:00,0.01721230735146507
2019-07-03 21:00:00,0.0020381414788760736
2019-07-03 22:00:00,0.013351266041777063
2019-07-03 23:00:00,0.016256475722310648
2019-07-04 00:00:00,0.005825689963202875
2019-07-04 01:00:00,0.0022231354722915984
2019-07-04 02:00:00,0.010124241587180099
2019-07-04 03:00:00,0.006326066189703453
2019-07-04 04:00:00,0.00892462481133427
2019-07-04 05:00:00,0.0064468299416724755
2019-07-04 06:00:00,0.009927504122556174
2019-07-04 07:00:00,0.007350912047154473
2019-07-04 08:00:00,0.012415493335876687
2019-07-04 09:00:00,0.012364228211123525
2019-07-04 10:00:00,0.01234223118892394
2019-07-04 11:00:00,0.012326567463009998
2019-07-04 12:00:00,0.012312459616421642
2019-07-04 13:00:00,0.017495367752025034
2019-07-04 14:00:00,0.00337603442608683
2019-07-04 15:00:00,0.004944203263175153
2019-07-04 16:00:00,0.015586764276287456
2019-07-04 17:00:00,0.004429010953954948
2019-07-04 18:00:00,0.0036260434640545793
2019-07-04 19:00:00,0.006278006526542414
2019-07-04 20:00:00,0.016550751430331485
2019-07-04 21:00:00,0.005114009390371586
2019-07-04 22:00:00,0.0037990627684244952
2019-07-04 23:00:00,0.023853362415196255
2019-07-05 00:00:00,0.003758601536189561
2019-07-05 01:00:00,0.004723543844215762
2019-07-05 02:00:00,0.011209829549900966
2019-07-05 03:00:00,0.003704193685868162
2019-07-05 04:00:00,0.0074543485207164565
2019-07-05 05:00:00,0.002060386814264016
2019-07-05 06:00:00,0.006171947489638447
2019-07-05 07:00:00,0.004420882357194724
2019-07-05 08:00:00,0.00458301830406354
2019-07-05 09:00:00,0.012371662807871523
2019-07-05 10:00:00,0.007492367669494725
2019-07-05 11:00:00,0.007951876356869832
2019-07-05 12:00:00,0.00967509422512409
2019-07-05 13:00:00,0.006327924775878338
2019-07-05 14:00:00,0.008151382543049973
2019-07-05 15:00:00,0.008054332059676154
2019-07-05 16:00:00,0.0028794300441078854
2019-07-05 17:00:00,0.005218328039254111
2019-07-05 18:00:00,0.0034151412906411357
2019-07-05 19:00:00,0.004843110054168102
2019-07-05 20:00:00,0.0037417798727025988
2019-07-05 21:00:00,0.0090247379546376
2019-07-05 22:00:00,0.00965921649940425
2019-07-05 23:00:00,0.0056759584428401014
2019-07-06 00:00:00,0.00407377836699447
2019-07-06 01:00:00,0.005454160645091428
2019-07-06 02:00:00,0.0031693583438441456
2019-07-06 03:00:00,0.005411461041938869
2019-07-06 04:00:00,0.006932651937564775
2019-07-06 05:00:00,0.003068365949312375
2019-07-06 06:00:00,0.007296116362264486
2019-07-06 07:00:00,0.006121663666705178
2019-07-06 08:00:00,0.0036335335688332396
2019-07-06 09:00:00,0.004879220872659562
2019-07-06 10:00:00,0.00807336416862428
2019-07-06 11:00:00,0.00631767589774404
2019-07-06 12:00:00,0.007106497698788321
2019-07-06 13:00:00,0.0076945436357868996
2019-07-06 14:00:00,0.007645584135358286
2019-07-06 15:00:00,0.008684913336367532
2019-07-06 16:00:00,0.007614917393790423
2019-07-06 17:00:00,0.007997349321930674
2019-07-06 18:00:00,0.010949407737847349
2019-07-06 19:00:00,0.010914569408238003
2019-07-06 20:00:00,0.0022266705818602874
2019-07-06 21:00:00,0.0034013645887922125
2019-07-06 22:00:00,0.003284639561437258
2019-07-06 23:00:00,0.0075818281112270715
2019-07-07 00:00:00,0.0050707620127819755
2019-07-07 01:00:00,0.0018187130617546006
2019-07-07 02:00:00,0.004104540103219776
2019-07-07 03:00:00,0.0029068910885617313
2019-07-07 04:00:00,0.004921033886241217
2019-07-07 05:00:00,0.0045737129671130925
2019-07-07 06:00:00,0.0050291941195743034
2019-07-07 07:00:00,0.004135117451280687
2019-07-07 08:00:00,0.006401134102058953
2019-07-07 09:00:00,0.017470740732763033
2019-07-07 10:00:00,0.006261104972922278
2019-07-07 11:00:00,0.0031800638424375792
2019-07-07 12:00:00,0.00845326601477809
2019-07-07 13:00:00,0.01092145637574744
2019-07-07 14:00:00,0.0019386808611237337
2019-07-07 15:00:00,0.004806878002407783
2019-07-07 16:00:00,0.00820260224789826
2019-07-07 17:00:00,0.0032778142188059803
2019-07-07 18:00:00,0.009667770670194097
2019-07-07 19:00:00,0.0059205421475619505
2019-07-07 20:00:00,0.009174302648195295
2019-07-07 21:00:00,0.004698858743323049
2019-07-07 22:00:00,0.007640681162736779
2019-07-07 23:00:00,0.00897987412633526
2019-07-08 00:00:00,0.011361657871753344
2019-07-08 01:00:00,0.004665175819619818
2019-07-08 02:00:00,0.009792200965957237
2019-07-08 03:00:00,0.0042784601856303275
2019-07-08 04:00:00,0.006975241302279879
2019-07-08 05:00:00,0.0022736763720171715
2019-07-08 06:00:00,0.004798606357456497
2019-07-08 07:00:00,0.0016437868812776953
2019-07-08 08:00:00,0.008919531412755545
2019-07-08 09:00:00,0.006343035715296259
2019-07-08 10:00:00,0.0056115714257153745
2019-07-08 11:00:00,0.007641637441713795
2019-07-08 12:00:00,0.007258680402084571
2019-07-08 13:00:00,0.0038124706344366084
2019-07-08 14:00:00,0.004396491265902302
2019-07-08 15:00:00,0.01300298975488209
2019-07-08 16:00:00,0.0062872406736320325
2019-07-08 17:00:00,0.004862678369158039
2019-07-08 18:00:00,0.0022248295703576715
2019-07-08 19:00:00,0.007726238280661841
2019-07-08 20:00:00,0.006947578670148081
2019-07-08 21:00:00,0.007073655680168626
2019-07-08 22:00:00,0.003254185529147052
2019-07-08 23:00:00,0.0046244949790844115
2019-07-09 00:00:00,0.004763736560203775
2019-07-09 01:00:00,0.009280192518391621
2019-07-09 02:00:00,0.007516982304831926
2019-07-09 03:00:00,0.010804188405168735
2019-07-09 04:00:00,0.0012229077879153244
2019-07-09 05:00:00,0.011460580774384195
2019-07-09 06:00:00,0.011127647849652448
2019-07-09 07:00:00,0.011075679060439372
2019-07-09 08:00:00,0.011054089064316257
2019-07-09 09:00:00,0.011041534114661052
2019-07-09 10:00:00,0.0020110885391566003
2019-07-09 11:00:00,0.005387495059023534
2019-07-09 12:00:00,0.007295928583049514
2019-07-09 13:00:00,0.004483510009915327
2019-07-09 14:00:00,0.0038873047943309884
2019-07-09 15:00:00,0.004164618523865891
2019-07-09 16:00:00,0.004414729046762288
2019-07-09 17:00:00,0.02105337567514296
2019-07-09 18:00:00,0.008389467709034823
2019-07-09 19:00:00,0.0009044244024017288
2019-07-09 20:00:00,0.009501780024353175
2019-07-09 21:00:00,0.004388880054778939
2019-07-09 22:00:00,0.007063520133469822
2019-07-09 23:00:00,0.005004536243546783
2019-07-10 00:00:00,0.006177273505427247
2019-07-10 01:00:00,0.00582552057479781
2019-07-10 02:00:00,0.008684497923976043
2019-07-10 03:00:00,0.00388005603405772
2019-07-10 04:00:00,0.0031237058379986198
2019-07-10 05:00:00,0.00780077402395411
2019-07-10 06:00:00,0.00415824973445449
2019-07-10 07:00:00,0.0053647818760108965
2019-07-10 08:00:00,0.0032285673930271142
2019-07-10 09:00:00,0.0017909689099652082
2019-07-10 10:00:00,0.006304458927100684
2019-07-10 11:00:00,0.0064946519284728955
2019-07-10 12:00:00,0.0045201241247746155
2019-07-10 13:00:00,0.007710849559898119
2019-07-10 14:00:00,0.006519684094663645
2019-07-10 15:00:00,0.006111185548946789
2019-07-10 16:00:00,0.0030547314294471473
2019-07-10 17:00:00,0.004757539220510394
2019-07-10 18:00:00,0.004954926654539861
2019-07-10 19:00:00,0.005943301174794702
2019-07-10 20:00:00,0.0033365588964520796
2019-07-10 21:00:00,0.004588957857997983
2019-07-10 22:00:00,0.006976578325727611
2019-07-10 23:00:00,0.0017840782721546605
2019-07-11 00:00:00,0.003356757280515265
2019-07-11 01:00:00,0.010339820716663634
2019-07-11 02:00:00,0.005472217104153821
2019-07-11 03:00:00,0.0054947515372445474
2019-07-11 04:00:00,0.00917312498348217
2019-07-11 05:00:00,0.00839459455488991
2019-07-11 06:00:00,0.01139145822172473
2019-07-11 07:00:00,0.012242479246624144
2019-07-11 08:00:00,0.004482008346322466
2019-07-11 09:00:00,0.005488139597744741
2019-07-11 10:00:00,0.011410075129525545
2019-07-11 11:00:00,0.0076016025158739745
2019-07-11 12:00:00,0.004265650470875766
2019-07-11 13:00:00,0.0011618753311995898
2019-07-11 14:00:00,0.002613178550101633
2019-07-11 15:00:00,0.0109985126027301
2019-07-11 16:00:00,0.011039340879442864
2019-07-11 17:00:00,0.004109619736862603
2019-07-11 18:00:00,0.004969215398217384
2019-07-11 19:00:00,0.01053584469366623
2019-07-11 20:00:00,0.002687222967964762
2019-07-11 21:00:00,0.0033686739293553015
2019-07-11 22:00:00,0.030043483330972932
2019-07-11 23:00:00,0.007094149482172352
2019-07-12 00:00:00,0.016209249732813888
2019-07-12 01:00:00,0.0072687390740614494
2019-07-12 02:00:00,0.000593767116755569
2019-07-12 03:00:00,0.0037215771489811193
2019-07-12 04:00:00,0.003910140261275655
2019-07-12 05:00:00,0.0064944006248921484
2019-07-12 06:00:00,0.004784871072453038
2019-07-12 07:00:00,0.008671999593686785
2019-07-12 08:00:00,0.016929735004445192
2019-07-12 09:00:00,0.0030186582582673203
2019-07-12 10:00:00,0.009032515119124913
2019-07-12 11:00:00,0.002041195699035244
2019-07-12 12:00:00,0.003727051885173606
2019-07-12 13:00:00,0.0017891377269865607
2019-07-12 14:00:00,0.007333192901478416
2019-07-12 15:00:00,0.005795126979031543
2019-07-12 16:00:00,0.002037846715634149
2019-07-12 17:00:00,0.006709879908153367
2019-07-12 18:00:00,0.004225836544265739
2019-07-12 19:00:00,0.006809983021389812
2019-07-12 20:00:00,0.007869602587730885
2019-07-12 21:00:00,0.0018141118367537169
2019-07-12 22:00:00,0.005611735781859752
2019-07-12 23:00:00,0.006024461376242505
2019-07-13 00:00:00,0.0062527284284292165
2019-07-13 01:00:00,0.005965697796999948
2019-07-13 02:00:00,0.004135146514886594
2019-07-13 03:00:00,0.0090981906943141
2019-07-13 04:00:00,0.005267215444632579
2019-07-13 05:00:00,0.0028039127002554955
2019-07-13 06:00:00,0.007336694033380612
2019-07-13 07:00:00,0.0021413263122281503
2019-07-13 08:00:00,0.0016734688298830078
2019-07-13 09:00:00,0.004198880836274815
2019-07-13 10:00:00,0.003968263626835623
2019-07-13 11:00:00,0.00881430225452091
2019-07-13 12:00:00,0.005989362498997248
2019-07-13 13:00:00,0.006883272144650293
2019-07-13 14:00:00,0.007395437872180854
2019-07-13 15:00:00,0.010328729568125711
2019-07-13 16:00:00,0.00861533144768798
2019-07-13 17:00:00,0.005202769031416432
2019-07-13 18:00:00,0.003338106429474197
2019-07-13 19:00:00,0.007936366558030586
2019-07-13 20:00:00,0.005007487240392827
2019-07-13 21:00:00,0.004284624410118435
2019-07-13 22:00:00,0.004357317462972886
2019-07-13 23:00:00,0.004159612148665668
2019-07-14 00:00:00,0.01736500706829299
2019-07-14 01:00:00,0.012914022663569277
2019-07-14 02:00:00,0.009536988371103944
2019-07-14 03:00:00,0.009865704991647958
2019-07-14 04:00:00,0.00993979709828657
2019-07-14 05:00:00,0.009985453642069953
2019-07-14 06:00:00,0.010021108190226521
2019-07-14 07:00:00,0.0030736659658561474
2019-07-14 08:00:00,0.0030987929267561084
2019-07-14 09:00:00,0.00958297999155772
2019-07-14 10:00:00,0.008674169054479614
2019-07-14 11:00:00,0.007129559995674201
2019-07-14 12:00:00,0.013088437625858028
2019-07-14 13:00:00,0.0034736461230288436
2019-07-14 14:00:00,0.006189540360906031
2019-07-14 15:00:00,0.0038231168374116653
2019-07-14 16:00:00,0.005574289995555213
2019-07-14 17:00:00,0.00578082355032244
2019-07-14 18:00:00,0.0027938219558040624
2019-07-14 19:00:00,0.00170304027786756
2019-07-14 20:00:00,0.00602342535076879
2019-07-14 21:00:00,0.001083251393217336
2019-07-14 22:00:00,0.007272988095904303
2019-07-14 23:00:00,0.004270741162485417
2019-07-15 00:00:00,0.020341164501004642
2019-07-15 01:00:00,0.0032980385977752665
2019-07-15 02:00:00,0.004609333470174532
2019-07-15 03:00:00,0.0012147318278605144
2019-07-15 04:00:00,0.0028311664892567375
2019-07-15 05:00:00,0.006967196189338115
2019-07-15 06:00:00,0.0077832972700144975
2019-07-15 07:00:00,0.005680572129955932
2019-07-15 08:00:00,0.0022361290223383255
2019-07-15 09:00:00,0.008801185525360676
2019-07-15 10:00:00,0.004718195608614469
2019-07-15 11:00:00,0.007252862017498512
2019-07-15 12:00:00,0.0039574027142154355
2019-07-15 13:00:00,0.0110201791613325
2019-07-15 14:00:00,0.004263214424920096
2019-07-15 15:00:00,0.004804596287076789
2019-07-15 16:00:00,0.0019168280217020906
2019-07-15 17:00:00,0.0035703311938568875
2019-07-15 18:00:00,0.003276189218827089
2019-07-15 19:00:00,0.005327012156136572
2019-07-15 20:00:00,0.011671047969577074
2019-07-15 21:00:00,0.003914249144673676
2019-07-15 22:00:00,0.0071675645068315025
2019-07-15 23:00:00,0.005762886200612029
2019-07-16 00:00:00,0.0069495556406113145
2019-07-16 01:00:00,0.0046189524129148785
2019-07-16 02:00:00,0.0038331593381793353
2019-07-16 03:00:00,0.004237255152863869
2019-07-16 04:00:00,0.006883726279019738
2019-07-16 05:00:00,0.0029070252854082176
2019-07-16 06:00:00,0.0025820716040743223
2019-07-16 07:00:00,0.01679772405820935
2019-07-16 08:00:00,0.007999330668327425
2019-07-16 09:00:00,0.0033989726336996887
2019-07-16 10:00:00,0.004834913116988394
2019-07-16 11:00:00,0.005828568177672821
2019-07-16 12:00:00,0.007465397186070216
2019-07-16 13:00:00,0.007562492387360918
2019-07-16 14:00:00,0.007142256869741841
2019-07-16 15:00:00,0.0038344690180157023
2019-07-16 16:00:00,0.021896594107703424
2019-07-16 17:00:00,0.004174796919405991
2019-07-16 18:00:00,0.008268328813524016
2019-07-16 19:00:00,0.009177567847360084
2019-07-16 20:00:00,0.006029817982064276
2019-07-16 21:00:00,0.010516324986043353
2019-07-16 22:00:00,0.0032333090571697674
2019-07-16 23:00:00,0.004657957682973422
2019-07-17 00:00:00,0.005784274551764289
2019-07-17 01:00:00,0.017144110328169804
2019-07-17 02:00:00,0.0036724557273384276
2019-07-17 03:00:00,0.006613494583487637
2019-07-17 04:00:00,0.01114829075565952
2019-07-17 05:00:00,0.004343455141535361
2019-07-17 06:00:00,0.004214909595027654
2019-07-17 07:00:00,0.008419366411979953
2019-07-17 08:00:00,0.00967868312735361
2019-07-17 09:00:00,0.005186618971640992
2019-07-17 10:00:00,0.006771466655124783
2019-07-17 11:00:00,0.004505984812986961
2019-07-17 12:00:00,0.004023089457042743
2019-07-17 13:00:00,0.004798551426942638
2019-07-17 14:00:00,0.004947864485354756
2019-07-17 15:00:00,0.0097613382069475
2019-07-17 16:00:00,0.008218671085474602
2019-07-17 17:00:00,0.008414295426917141
2019-07-17 18:00:00,0.006787646262402501
2019-07-17 19:00:00,0.0031529670701470605
2019-07-17 20:00:00,0.007660597003695438
2019-07-17 21:00:00,0.004704327975208445
2019-07-17 22:00:00,0.007777488577488719
2019-07-17 23:00:00,0.020225471919822314
2019-07-18 00:00:00,0.0032172828967731784
2019-07-18 01:00:00,0.005415596263778613
2019-07-18 02:00:00,0.0065770255874734685
2019-07-18 03:00:00,0.005948352271063738
2019-07-18 04:00:00,0.00780713953577758
2019-07-18 05:00:00,0.009755009731831481
2019-07-18 06:00:00,0.01492355807651976
2019-07-18 07:00:00,0.01464342671909629
2019-07-18 08:00:00,0.003525396906586067
2019-07-18 09:00:00,0.006988509798341194
2019-07-18 10:00:00,0.00707139435574422
2019-07-18 11:00:00,0.009409143336200968
2019-07-18 12:00:00,0.006745049300492539
2019-07-18 13:00:00,0.00522966463491614
2019-07-18 14:00:00,0.009830912293208647
2019-07-18 15:00:00,0.007054132949537026
2019-07-18 16:00:00,0.007820472469673078
2019-07-18 17:00:00,0.004663580931800925
2019-07-18 18:00:00,0.004885294591231019
2019-07-18 19:00:00,0.004854541727255979
2019-07-18 20:00:00,0.006626466823541884
2019-07-18 21:00:00,0.0024668700360699425
2019-07-18 22:00:00,0.010457575285579617
2019-07-18 23:00:00,0.006221510760666002
2019-07-19 00:00:00,0.00659795141582427
2019-07-19 01:00:00,0.006724811149508645
2019-07-19 02:00:00,0.00682369413008968
2019-07-19 03:00:00,0.006913527255789962
2019-07-19 04:00:00,0.008578749245649388
2019-07-19 05:00:00,0.0032977186524367854
2019-07-19 06:00:00,0.008837040966292039
2019-07-19 07:00:00,0.018095222027552833
2019-07-19 08:00:00,0.0041898051048566524
2019-07-19 09:00:00,0.006598973126642881
2019-07-19 10:00:00,0.00532327259034785
2019-07-19 11:00:00,0.003998950054714747
2019-07-19 12:00:00,0.002255878167483858
2019-07-19 13:00:00,0.011123991483490511
2019-07-19 14:00:00,0.004758577588493286
2019-07-19 15:00:00,0.015537879144927361
2019-07-19 16:00:00,0.0076346692101832295
2019-07-19 17:00:00,0.006942226244642262
2019-07-19 18:00:00,0.009482323287641115
2019-07-19 19:00:00,0.0012778983787267886
2019-07-19 20:00:00,0.00796699440388956
2019-07-19 21:00:00,0.006404226746804813
2019-07-19 22:00:00,0.0045455029056410065
2019-07-19 23:00:00,0.004328105846321595
2019-07-20 00:00:00,0.006953130417166486
2019-07-20 01:00:00,0.010597830131956169
2019-07-20 02:00:00,0.004495781699037319
2019-07-20 03:00:00,0.0012165729200929295
2019-07-20 04:00:00,0.005795196245016659
2019-07-20 05:00:00,0.007673243138944476
2019-07-20 06:00:00,0.0054385989732872965
2019-07-20 07:00:00,0.00852130768253894
2019-07-20 08:00:00,0.004584408463854405
2019-07-20 09:00:00,0.005035797163401241
2019-07-20 10:00:00,0.010222499686725993
2019-07-20 11:00:00,0.018167917378835396
2019-07-20 12:00:00,0.007972684726801278
2019-07-20 13:00:00,0.0058222975019902035
2019-07-20 14:00:00,0.00560422053671463
2019-07-20 15:00:00,0.006844735486046702
2019-07-20 16:00:00,0.007828443797245078
2019-07-20 17:00:00,0.012071783398904384
2019-07-20 18:00:00,0.03129282919704277
2019-07-20 19:00:00,0.004469996075582156
2019-07-20 20:00:00,0.010526338017589119
2019-07-20 21:00:00,0.0046319258134207
2019-07-20 22:00:00,0.010376235633434509
2019-07-20 23:00:00,0.003828410102016994
2019-07-21 00:00:00,0.00345578150469153
2019-07-21 01:00:00,0.004418194433358175
2019-07-21 02:00:00,0.004327293132570669
2019-07-21 03:00:00,0.002769566923277237
2019-07-21 04:00:00,0.003668170364584449
2019-07-21 05:00:00,0.023422195195740077
2019-07-21 06:00:00,0.0037625961165021395
2019-07-21 07:00:00,0.034344892826158886
2019-07-21 08:00:00,0.005292356544370717
2019-07-21 09:00:00,0.008009378572717513
2019-07-21 10:00:00,0.008122581330948977
2019-07-21 11:00:00,0.006407769944722001
2019-07-21 12:00:00,0.013248601757385209
2019-07-21 13:00:00,0.003446752565869544
2019-07-21 14:00:00,0.010919758410482924
2019-07-21 15:00:00,0.00959242980616325
2019-07-21 16:00:00,0.005163534552961498
2019-07-21 17:00:00,0.01106407431437675
2019-07-21 18:00:00,0.013464323118218664
2019-07-21 19:00:00,0.004591284959789793
2019-07-21 20:00:00,0.005577976977203101
2019-07-21 21:00:00,0.004990821138247602
2019-07-21 22:00:00,0.0136643617907486
2019-07-21 23:00:00,0.014542656543121304
2019-07-22 00:00:00,0.00619952781738165
2019-07-22 01:00:00,0.00985135827318906
2019-07-22 02:00:00,0.005617544522317232
2019-07-22 03:00:00,0.0071511166213619115
2019-07-22 04:00:00,0.006631546270833455
2019-07-22 05:00:00,0.009922479366443082
2019-07-22 06:00:00,0.00421820320152333
2019-07-22 07:00:00,0.010948240677702416
2019-07-22 08:00:00,0.008849165277994628
2019-07-22 09:00:00,0.005117713964421826
2019-07-22 10:00:00,0.0059097393014089
2019-07-22 11:00:00,0.008748837374730043
2019-07-22 12:00:00,0.0025497900598857462
2019-07-22 13:00:00,0.0066142188015647085
2019-07-22 14:00:00,0.0056528135147693535
2019-07-22 15:00:00,0.005462718131406761
2019-07-22 16:00:00,0.004321157896551649
2019-07-22 17:00:00,0.012998720164867656
2019-07-22 18:00:00,0.004746664340198159
2019-07-22 19:00:00,0.003909567758272409
2019-07-22 20:00:00,0.007481942107728909
2019-07-22 21:00:00,0.005198695694846948
2019-07-22 22:00:00,0.023118610885169616
2019-07-22 23:00:00,0.011767978107442886
2019-07-23 00:00:00,0.0024423438258343835
2019-07-23 01:00:00,0.006462891179409146
2019-07-23 02:00:00,0.007221877502611775
2019-07-23 03:00:00,0.0068466857167093845
2019-07-23 04:00:00,0.008401921369391606
2019-07-23 05:00:00,0.0019729352221183197
2019-07-23 06:00:00,0.004817987560318841
2019-07-23 07:00:00,0.005571975708042465
2019-07-23 08:00:00,0.007285384572580311
2019-07-23 09:00:00,0.005482198000784505
2019-07-23 10:00:00,0.0035998962497259036
2019-07-23 11:00:00,0.007704148261132048
2019-07-23 12:00:00,0.0038415744512276485
2019-07-23 13:00:00,0.0015685100895544118
2019-07-23 14:00:00,0.01032490711235654
2019-07-23 15:00:00,0.004896299445259642
2019-07-23 16:00:00,0.015307932197463731
2019-07-23 17:00:00,0.020494423389200888
2019-07-23 18:00:00,0.009931512150931078
2019-07-23 19:00:00,0.015420891459827172
2019-07-23 20:00:00,0.00691912429492166
2019-07-23 21:00:00,0.007309532368198172
2019-07-23 22:00:00,0.007433973327261598
2019-07-23 23:00:00,0.007528919397352882
2019-07-24 00:00:00,0.007614629357500923
2019-07-24 01:00:00,0.004042185774031531
2019-07-24 02:00:00,0.0057764514282205815
2019-07-24 03:00:00,0.007759075321505218
2019-07-24 04:00:00,0.0031147283100471513
2019-07-24 05:00:00,0.029851260972774775
2019-07-24 06:00:00,0.009589029178450803
2019-07-24 07:00:00,0.007454488972508498
2019-07-24 08:00:00,0.014514577727805565
2019-07-24 09:00:00,0.008164110106760882
2019-07-24 10:00:00,0.007756616349881578
2019-07-24 11:00:00,0.0075206484967031305
2019-07-24 12:00:00,0.0022598547652495095
2019-07-24 13:00:00,0.00691680116304746
2019-07-24 14:00:00,0.010078015616323377
2019-07-24 15:00:00,0.011406682467000608
2019-07-24 16:00:00,0.008396646715465564
2019-07-24 17:00:00,0.006717956427302214
2019-07-24 18:00:00,0.005584806260607267
2019-07-24 19:00:00,0.007972192600834564
2019-07-24 20:00:00,0.007405718485171853
2019-07-24 21:00:00,0.016222933002705924
2019-07-24 22:00:00,0.004602004224837305
2019-07-24 23:00:00,0.005090141360872728
2019-07-25 00:00:00,0.006605343239978454
2019-07-25 01:00:00,0.012712462766176033
2019-07-25 02:00:00,0.016248029536732884
2019-07-25 03:00:00,0.0049721500599234055
2019-07-25 04:00:00,0.009097400157509261
2019-07-25 05:00:00,0.004847419941292161
2019-07-25 06:00:00,0.009775763139520938
2019-07-25 07:00:00,0.016673962374928623
2019-07-25 08:00:00,0.0035882507077743143
2019-07-25 09:00:00,0.00853856731776616
2019-07-25 10:00:00,0.013525073980734758
2019-07-25 11:00:00,0.007167666408075493
2019-07-25 12:00:00,0.0157867413813225
2019-07-25 13:00:00,0.004661136201955809
2019-07-25 14:00:00,0.008563269930044045
2019-07-25 15:00:00,0.0028421916425175704
2019-07-25 16:00:00,0.01384506090450057
2019-07-25 17:00:00,0.008433683963383473
2019-07-25 18:00:00,0.006061444835785093
2019-07-25 19:00:00,0.006451800068576417
2019-07-25 20:00:00,0.027122967151844053
2019-07-25 21:00:00,0.007152120476598384
2019-07-25 22:00:00,0.005647108253509488
2019-07-25 23:00:00,0.01408800503883486
2019-07-26 00:00:00,0.0054912892185908216
2019-07-26 01:00:00,0.010935371166063725
2019-07-26 02:00:00,0.003485591914671882
2019-07-26 03:00:00,0.0032526638712131765
2019-07-26 04:00:00,0.005894383451362518
2019-07-26 05:00:00,0.010863872803727958
2019-07-26 06:00:00,0.005041227011113781
2019-07-26 07:00:00,0.005172216075796509
2019-07-26 08:00:00,0.00759113361279092
2019-07-26 09:00:00,0.003639863917698024
2019-07-26 10:00:00,0.003342638635967034
2019-07-26 11:00:00,0.004217131426759195
2019-07-26 12:00:00,0.005072606759664804
2019-07-26 13:00:00,0.014360279844722537
2019-07-26 14:00:00,0.005913601438480801
2019-07-26 15:00:00,0.028501724587134347
2019-07-26 16:00:00,0.008525644631583394
2019-07-26 17:00:00,0.005365105825720024
2019-07-26 18:00:00,0.006049112733731174
2019-07-26 19:00:00,0.0042266362603647
2019-07-26 20:00:00,0.002045856905576173
2019-07-26 21:00:00,0.005868967023599605
2019-07-26 22:00:00,0.02986814105571619
2019-07-26 23:00:00,0.0176863576836428
2019-07-27 00:00:00,0.014574576673392344
2019-07-27 01:00:00,0.002823645655214546
2019-07-27 02:00:00,0.002466812072691413
2019-07-27 03:00:00,0.004715801577117904
2019-07-27 04:00:00,0.0061694292862932735
2019-07-27 05:00:00,0.005240545566038881
2019-07-27 06:00:00,0.00655694337213436
2019-07-27 07:00:00,0.014920409329274135
2019-07-27 08:00:00,0.014072818846809347
2019-07-27 09:00:00,0.02905606580433753
2019-07-27 10:00:00,0.012949894892010066
2019-07-27 11:00:00,0.006825034654737302
2019-07-27 12:00:00,0.008379591835497881
2019-07-27 13:00:00,0.0015659697792717074
2019-07-27 14:00:00,0.010373833899414727
2019-07-27 15:00:00,0.009674117737702732
2019-07-27 16:00:00,0.004531528492437072
2019-07-27 17:00:00,0.004203498422185076
2019-07-27 18:00:00,0.0041431518137472695
2019-07-27 19:00:00,0.012520624000242448
2019-07-27 20:00:00,0.01633585123697383
2019-07-27 21:00:00,0.008490556437482167
2019-07-27 22:00:00,0.006202045322919234
2019-07-27 23:00:00,0.006846141070766021
2019-07-28 00:00:00,0.006683725879144079
2019-07-28 01:00:00,0.0060716264350183825
2019-07-28 02:00:00,0.007690505409320806
2019-07-28 03:00:00,0.0031844938898171245
2019-07-28 04:00:00,0.006867249224140068
2019-07-28 05:00:00,0.017933715246428887
2019-07-28 06:00:00,0.007144750481886699
2019-07-28 07:00:00,0.0036768976757919803
2019-07-28 08:00:00,0.0018782133819888376
2019-07-28 09:00:00,0.007233460642864556
2019-07-28 10:00:00,0.014310611050781718
2019-07-28 11:00:00,0.00787685487314231
2019-07-28 12:00:00,0.006128699420025965
2019-07-28 13:00:00,0.008164564579969053
2019-07-28 14:00:00,0.005024650512312225
2019-07-28 15:00:00,0.006716438378610057
2019-07-28 16:00:00,0.00812406705178192
2019-07-28 17:00:00,0.00426071716891611
2019-07-28 18:00:00,0.0046077035747024596
2019-07-28 19:00:00,0.004759637606377311
2019-07-28 20:00:00,0.004893282820326264
2019-07-28 21:00:00,0.005023611929491274
2019-07-28 22:00:00,0.0209633814692922
2019-07-28 23:00:00,0.003403911526926253
2019-07-29 00:00:00,0.0061459591432516565
2019-07-29 01:00:00,0.010097544257521658
2019-07-29 02:00:00,0.012315677033649358
2019-07-29 03:00:00,0.005760089298514454
2019-07-29 04:00:00,0.007279966114372453
2019-07-29 05:00:00,0.0046273671723728775
2019-07-29 06:00:00,0.004286682472051049
2019-07-29 07:00:00,0.011230657747208507
2019-07-29 08:00:00,0.010518038064074977
2019-07-29 09:00:00,0.004227443802092625
2019-07-29 10:00:00,0.005015212416133918
2019-07-29 11:00:00,0.021543764992400617
2019-07-29 12:00:00,0.010382112562697849
2019-07-29 13:00:00,0.027883976470057303
2019-07-29 14:00:00,0.0064795075720939545
2019-07-29 15:00:00,0.01636163986607608
2019-07-29 16:00:00,0.012465051566198667
2019-07-29 17:00:00,0.008893621280743062
2019-07-29 18:00:00,0.00828802961958867
2019-07-29 19:00:00,0.004903831100428483
2019-07-29 20:00:00,0.00905644886491169
2019-07-29 21:00:00,0.014615056471218189
2019-07-29 22:00:00,0.006141930057204844
2019-07-29 23:00:00,0.0016262863355071555
2019-07-30 00:00:00,0.004221729405283328
2019-07-30 01:00:00,0.002829773205369977
2019-07-30 02:00:00,0.010379169121227145
2019-07-30 03:00:00,0.0063172544934706224
2019-07-30 04:00:00,0.010000764548995532
2019-07-30 05:00:00,0.006892643562655666
2019-07-30 06:00:00,0.012234445130838245
2019-07-30 07:00:00,0.008493800525216878
2019-07-30 08:00:00,0.0031393218144123176
2019-07-30 09:00:00,0.003699840199877144
2019-07-30 10:00:00,0.005301324623816982
2019-07-30 11:00:00,0.01735487033226075
2019-07-30 12:00:00,0.010439992026878078
2019-07-30 13:00:00,0.007416644457705781
2019-07-30 14:00:00,0.006453451995480727
2019-07-30 15:00:00,0.00622648756795766
2019-07-30 16:00:00,0.0023620499856906504
2019-07-30 17:00:00,0.0075734348000497005
2019-07-30 18:00:00,0.02679501530701801
2019-07-30 19:00:00,0.013629669356876014
2019-07-30 20:00:00,0.025152928723944267
2019-07-30 21:00:00,0.006937288459199462
2019-07-30 22:00:00,0.01827646441897215
2019-07-30 23:00:00,0.007221311915944938
2019-07-31 00:00:00,0.009811936718652887
2019-07-31 01:00:00,0.014725442387611327
2019-07-31 02:00:00,0.005545194111190714
2019-07-31 03:00:00,0.0070275590420010945
2019-07-31 04:00:00,0.0071654928781929
2019-07-31 05:00:00,0.006099528398941227
2019-07-31 06:00:00,0.013237305686286971
2019-07-31 07:00:00,0.009263697426310372
2019-07-31 08:00:00,0.017105900510821635
2019-07-31 09:00:00,0.003970005778216765
2019-07-31 10:00:00,0.012405622886671614
2019-07-31 11:00:00,0.005212748249586486
2019-07-31 12:00:00,0.005838101343878491
2019-07-31 13:00:00,0.003008490087289423
2019-07-31 14:00:00,0.009483654127970097
2019-07-31 15:00:00,0.005279485444552656
2019-07-31 16:00:00,0.00400033566712637
2019-07-31 17:00:00,0.019379616845051236
2019-07-31 18:00:00,0.003284165637762568
2019-07-31 19:00:00,0.03052533433091558
2019-07-31 20:00:00,0.020050396841579738
2019-07-31 21:00:00,0.00908429666352622
2019-07-31 22:00:00,0.006763278288810546
2019-07-31 23:00:00,0.008734007557325466
2019-08-01 00:00:00,0.004656246184588549
2019-08-01 01:00:00,0.006898954483559135
2019-08-01 02:00:00,0.0074120282491970165
2019-08-01 03:00:00,0.00425010517473155
2019-08-01 04:00:00,0.015189991555635543
2019-08-01 05:00:00,0.005359476253210372
2019-08-01 06:00:00,0.012139188633673597
2019-08-01 07:00:00,0.003952044055896784
2019-08-01 08:00:00,0.007632671825553768
2019-08-01 09:00:00,0.008526206040312099
2019-08-01 10:00:00,0.0065381203355073135
2019-08-01 11:00:00,0.005251271527328596
2019-08-01 12:00:00,0.0042598183343558116
2019-08-01 13:00:00,0.024783328942634186
2019-08-01 14:00:00,0.02766820278172036
2019-08-01 15:00:00,0.01007712902692415
2019-08-01 16:00:00,0.013046562403826296
2019-08-01 17:00:00,0.009363083330675984
2019-08-01 18:00:00,0.02553912089746819
2019-08-01 19:00:00,0.009630313902539902
2019-08-01 20:00:00,0.006547219745511027
2019-08-01 21:00:00,0.012657643004426976
2019-08-01 22:00:00,0.015262019021208271
2019-08-01 23:00:00,0.005286213883577
2019-08-02 00:00:00,0.010211238739457678
2019-08-02 01:00:00,0.006352280696061081
2019-08-02 02:00:00,0.008983455965670038
2019-08-02 03:00:00,0.010578919076978454
2019-08-02 04:00:00,0.003250495348413202
2019-08-02 05:00:00,0.012854907027899626
2019-08-02 06:00:00,0.010245608098178746
2019-08-02 07:00:00,0.008345160514709182
2019-08-02 08:00:00,0.00749336115536516
2019-08-02 09:00:00,0.004773213736361817
2019-08-02 10:00:00,0.016354149967222356
2019-08-02 11:00:00,0.02854268629684544
2019-08-02 12:00:00,0.01272827558061587
2019-08-02 13:00:00,0.005667746801672512
2019-08-02 14:00:00,0.009822289138839941
2019-08-02 15:00:00,0.010179208433538768
2019-08-02 16:00:00,0.010292379962885453
2019-08-02 17:00:00,0.010376682817489442
2019-08-02 18:00:00,0.010451178786583692
2019-08-02 19:00:00,0.006080480672101854
2019-08-02 20:00:00,0.011411593746733097
2019-08-02 21:00:00,0.006502723250493201
2019-08-02 22:00:00,0.005058744869094461
2019-08-02 23:00:00,0.007100728558584799
2019-08-03 00:00:00,0.005829533072410767
2019-08-03 01:00:00,0.007059457450367979
2019-08-03 02:00:00,0.0051973091820006045
2019-08-03 03:00:00,0.024326438564126314
2019-08-03 04:00:00,0.0107066814948267
2019-08-03 05:00:00,0.01470409214067972
2019-08-03 06:00:00,0.007463811697479043
2019-08-03 07:00:00,0.004562182954301182
2019-08-03 08:00:00,0.010539571964809787
2019-08-03 09:00:00,0.004917820700550273
2019-08-03 10:00:00,0.008866678497480036
2019-08-03 11:00:00,0.005641289907907802
2019-08-03 12:00:00,0.00860446539444635
2019-08-03 13:00:00,0.012111654780610732
2019-08-03 14:00:00,0.010917990506305363
2019-08-03 15:00:00,0.005607019724590767
2019-08-03 16:00:00,0.014695113177729351
2019-08-03 17:00:00,0.016424067232633895
2019-08-03 18:00:00,0.003496707221955033
2019-08-03 19:00:00,0.01322132558467991
2019-08-03 20:00:00,0.012590101946240903
2019-08-03 21:00:00,0.0037438938118901756
2019-08-03 22:00:00,0.008443723786412866
2019-08-03 23:00:00,0.020883691584065892
2019-08-04 00:00:00,0.006377188422224113
2019-08-04 01:00:00,0.009957933552456695
2019-08-04 02:00:00,0.024614793523562436
2019-08-04 03:00:00,0.011781990374433051
2019-08-04 04:00:00,0.005041404483410145
2019-08-04 05:00:00,0.014972108544967307
2019-08-04 06:00:00,0.005621431312864928
2019-08-04 07:00:00,0.004110037667937646
2019-08-04 08:00:00,0.008280304862461174
2019-08-04 09:00:00,0.020814381504952933
2019-08-04 10:00:00,0.017740929762515
2019-08-04 11:00:00,0.008367283341660696
2019-08-04 12:00:00,0.004212528079360718
2019-08-04 13:00:00,0.003953376845725788
2019-08-04 14:00:00,0.005911599109405582
2019-08-04 15:00:00,0.005202395392933018
2019-08-04 16:00:00,0.007632784826187893
2019-08-04 17:00:00,0.0040585893151950094
2019-08-04 18:00:00,0.014857999534870658
2019-08-04 19:00:00,0.007526080682476156
2019-08-04 20:00:00,0.007707107881293465
2019-08-04 21:00:00,0.011880591362514275
2019-08-04 22:00:00,0.007951510932837632
2019-08-04 23:00:00,0.0044970874499701
2019-08-05 00:00:00,0.010382229762890908
2019-08-05 01:00:00,0.010519178606754807
2019-08-05 02:00:00,0.004954257352557843
2019-08-05 03:00:00,0.029746601162471326
2019-08-05 04:00:00,0.014175109002877512
2019-08-05 05:00:00,0.010097331878045632
2019-08-05 06:00:00,0.004566331342241707
2019-08-05 07:00:00,0.046670638861126
2019-08-05 08:00:00,0.017336839301480323
2019-08-05 09:00:00,0.012357053845631724
2019-08-05 10:00:00,0.01216143047891686
2019-08-05 11:00:00,0.008325505497496815
2019-08-05 12:00:00,0.02051839640816338
2019-08-05 13:00:00,0.01104184916932679
2019-08-05 14:00:00,0.007456893887063945
2019-08-05 15:00:00,0.007303969222208059
2019-08-05 16:00:00,0.009606442119289607
2019-08-05 17:00:00,0.003741525067349744
2019-08-05 18:00:00,0.009634723070494889
2019-08-05 19:00:00,0.01972588020174589
2019-08-05 20:00:00,0.011772777608736705
2019-08-05 21:00:00,0.004837195233152461
2019-08-05 22:00:00,0.014983893005851916
2019-08-05 23:00:00,0.0037665177876632554
2019-08-06 00:00:00,0.012175713324162615
2019-08-06 01:00:00,0.007744418968786073
2019-08-06 02:00:00,0.013859128120873039
2019-08-06 03:00:00,0.008935638730204743
2019-08-06 04:00:00,0.0075184794630102445
2019-08-06 05:00:00,0.011376199084238174
2019-08-06 06:00:00,0.003375469998428066
2019-08-06 07:00:00,0.006407860032310428
2019-08-06 08:00:00,0.00954222332865499
2019-08-06 09:00:00,0.005392344933897877
2019-08-06 10:00:00,0.005387643668802504
2019-08-06 11:00:00,0.015824594151830778
2019-08-06 12:00:00,0.01104809825285738
2019-08-06 13:00:00,0.02407865103670622
2019-08-06 14:00:00,0.004469162330467309
2019-08-06 15:00:00,0.015874974081482012
2019-08-06 16:00:00,0.010428362190242157
2019-08-06 17:00:00,0.007890366553978862
2019-08-06 18:00:00,0.008707830909425935
2019-08-06 19:00:00,0.007459896019881422
2019-08-06 20:00:00,0.014248140859004367
2019-08-06 21:00:00,0.007020676163230586
2019-08-06 22:00:00,0.004412959711612936
2019-08-06 23:00:00,0.008345149595343252
2019-08-07 00:00:00,0.00934451727737686
2019-08-07 01:00:00,0.022275945666736675
2019-08-07 02:00:00,0.010013182382733347
2019-08-07 03:00:00,0.006375387540506093
2019-08-07 04:00:00,0.006307651231347114
2019-08-07 05:00:00,0.023372041713483612
2019-08-07 06:00:00,0.017350048743139116
2019-08-07 07:00:00,0.016533039036038064
2019-08-07 08:00:00,0.006730708850807216
2019-08-07 09:00:00,0.02031311823356327
2019-08-07 10:00:00,0.008677854961756774
2019-08-07 11:00:00,0.010403236675727802
2019-08-07 12:00:00,0.010709196128115488
2019-08-07 13:00:00,0.010840391761656553
2019-08-07 14:00:00,0.010949805715793948
2019-08-07 15:00:00,0.011050993517750464
2019-08-07 16:00:00,0.004122946139302987
2019-08-07 17:00:00,0.018275873119773103
2019-08-07 18:00:00,0.01195867448298387
2019-08-07 19:00:00,0.004520092736238264
2019-08-07 20:00:00,0.0016997380185039025
2019-08-07 21:00:00,0.0087658623739387
2019-08-07 22:00:00,0.007493664623555485
2019-08-07 23:00:00,0.023288650883617378
2019-08-08 00:00:00,0.019570277724561477
2019-08-08 01:00:00,0.0140001268883776
2019-08-08 02:00:00,0.005376694344226336
2019-08-08 03:00:00,0.003246492233413224
2019-08-08 04:00:00,0.007822194400557177
2019-08-08 05:00:00,0.007728450417914214
2019-08-08 06:00:00,0.005752777834674855
2019-08-08 07:00:00,0.021195948979769508
2019-08-08 08:00:00,0.009560233189727584
2019-08-08 09:00:00,0.008110380327251707
2019-08-08 10:00:00,0.01145764711484885
2019-08-08 11:00:00,0.012040818097493666
2019-08-08 12:00:00,0.010158553082761083
2019-08-08 13:00:00,0.009912899432227036
2019-08-08 14:00:00,0.003538828497503771
2019-08-08 15:00:00,0.013216529278477307
2019-08-08 16:00:00,0.008868211398542809
2019-08-08 17:00:00,0.007243082737496193
2019-08-08 18:00:00,0.00418137194661314
2019-08-08 19:00:00,0.036115701590028915
2019-08-08 20:00:00,0.003060737474003475
2019-08-08 21:00:00,0.015659491342982845
2019-08-08 22:00:00,0.005338014345597229
2019-08-08 23:00:00,0.012769499292616967
2019-08-09 00:00:00,0.01302719268833993
2019-08-09 01:00:00,0.008210851514109475
2019-08-09 02:00:00,0.010766588817585028
2019-08-09 03:00:00,0.0075336233002934955
2019-08-09 04:00:00,0.00818922281257399
2019-08-09 05:00:00,0.004251869872716747
2019-08-09 06:00:00,0.011774545161445538
2019-08-09 07:00:00,0.016305435530465876
2019-08-09 08:00:00,0.02747118032819035
2019-08-09 09:00:00,0.009306601622038693
2019-08-09 10:00:00,0.019189515914506176
2019-08-09 11:00:00,0.013544371509303346
2019-08-09 12:00:00,0.009450767658259359
2019-08-09 13:00:00,0.007561756460372136
2019-08-09 14:00:00,0.005112756900688286
2019-08-09 15:00:00,0.007270219822376189
2019-08-09 16:00:00,0.006801265797031868
2019-08-09 17:00:00,0.0096136431305544
2019-08-09 18:00:00,0.002610505869764251
2019-08-09 19:00:00,0.0059445450428256864
2019-08-09 20:00:00,0.010382040425444869
2019-08-09 21:00:00,0.009849618588245098
2019-08-09 22:00:00,0.009987710970965858
2019-08-09 23:00:00,0.005768364606533334
2019-08-10 00:00:00,0.00820231409353112
2019-08-10 01:00:00,0.030169785823524236
2019-08-10 02:00:00,0.00965597093162019
2019-08-10 03:00:00,0.004873945609134202
2019-08-10 04:00:00,0.005800462382754385
2019-08-10 05:00:00,0.0068882399928006845
2019-08-10 06:00:00,0.011617828261190156
2019-08-10 07:00:00,0.02598256872243403
2019-08-10 08:00:00,0.007408072398269175
2019-08-10 09:00:00,0.0066548100136730745
2019-08-10 10:00:00,0.009162543902325685
2019-08-10 11:00:00,0.0072709536849623205
2019-08-10 12:00:00,0.017532459284869045
2019-08-10 13:00:00,0.0013266860614723171
2019-08-10 14:00:00,0.024417396628532134
2019-08-10 15:00:00,0.02397248310044598
2019-08-10 16:00:00,0.005039206842645488
2019-08-10 17:00:00,0.0029013422164959396
2019-08-10 18:00:00,0.019410888138506645
2019-08-10 19:00:00,0.016046637022348938
2019-08-10 20:00:00,0.014800816268467484
2019-08-10 21:00:00,0.004599210128889751
2019-08-10 22:00:00,0.004719588783238888
2019-08-10 23:00:00,0.010296742805954275
2019-08-11 00:00:00,0.0050783121994505825
2019-08-11 01:00:00,0.010723911969928657
2019-08-11 02:00:00,0.013357273983939407
2019-08-11 03:00:00,0.005102545855380482
2019-08-11 04:00:00,0.006514855641069552
2019-08-11 05:00:00,0.005946373202655357
2019-08-11 06:00:00,0.004685633158290663
2019-08-11 07:00:00,0.02248671477974907
2019-08-11 08:00:00,0.009256835177408091
2019-08-11 09:00:00,0.006192335329693965
2019-08-11 10:00:00,0.01189274782435074
2019-08-11 11:00:00,0.014079163451810203
2019-08-11 12:00:00,0.0033283187618695677
2019-08-11 13:00:00,0.009437448407748914
2019-08-11 14:00:00,0.013181338201982364
2019-08-11 15:00:00,0.025366136488217766
2019-08-11 16:00:00,0.01826936106940503
2019-08-11 17:00:00,0.007816529180173908
2019-08-11 18:00:00,0.009695787469870537
2019-08-11 19:00:00,0.006775224594403461
2019-08-11 20:00:00,0.007913982834753109
2019-08-11 21:00:00,0.038611192652907536
2019-08-11 22:00:00,0.014649361160304014
2019-08-11 23:00:00,0.012372784462356175
2019-08-12 00:00:00,0.00603942156998774
2019-08-12 01:00:00,0.012897142840213566
2019-08-12 02:00:00,0.007325189024558216
2019-08-12 03:00:00,0.009353269983459455
2019-08-12 04:00:00,0.013983387874685128
2019-08-12 05:00:00,0.011560178186903478
2019-08-12 06:00:00,0.004184928812981009
2019-08-12 07:00:00,0.009270517647051542
2019-08-12 08:00:00,0.008356918128871498
2019-08-12 09:00:00,0.008734425621001234
2019-08-12 10:00:00,0.008905903853413938
2019-08-12 11:00:00,0.009053274012087024
2019-08-12 12:00:00,0.009192792246947643
2019-08-12 13:00:00,0.0021079923229678395
2019-08-12 14:00:00,0.010258867932606348
2019-08-12 15:00:00,0.023399255827175485
2019-08-12 16:00:00,0.01715090406695872
2019-08-12 17:00:00,0.015008764470771005
2019-08-12 18:00:00,0.0032312860713565607
2019-08-12 19:00:00,0.0075874344054410224
2019-08-12 20:00:00,0.007296536226086249
2019-08-12 21:00:00,0.007752550639209169
2019-08-12 22:00:00,0.014007107229415802
2019-08-12 23:00:00,0.004845379399757409
2019-08-13 00:00:00,0.006985477180673377
2019-08-13 01:00:00,0.02116333708535473
2019-08-13 02:00:00,0.011077849353854688
2019-08-13 03:00:00,0.006668404324054917
2019-08-13 04:00:00,0.03028964015937408
2019-08-13 05:00:00,0.02805998915715481
2019-08-13 06:00:00,0.016280118754531177
2019-08-13 07:00:00,0.004087323861116856
2019-08-13 08:00:00,0.008423307725998216
2019-08-13 09:00:00,0.007055603305495732
2019-08-13 10:00:00,0.01404408628318264
2019-08-13 11:00:00,0.014151212117005218
2019-08-13 12:00:00,0.017282981278246914
2019-08-13 13:00:00,0.01888180943056417
2019-08-13 14:00:00,0.010978886661634019
2019-08-13 15:00:00,0.030139727235715747
2019-08-13 16:00:00,0.010595547322194214
2019-08-13 17:00:00,0.017811224666669165
2019-08-13 18:00:00,0.007239955650443669
2019-08-13 19:00:00,0.02055433205708665
2019-08-13 20:00:00,0.00843317201375296
2019-08-13 21:00:00,0.0056271168270064465
2019-08-13 22:00:00,0.009727868468543047
2019-08-13 23:00:00,0.013034660784487636
2019-08-14 00:00:00,0.008390971849607985
2019-08-14 01:00:00,0.04608226850696372
2019-08-14 02:00:00,0.01618509097318036
2019-08-14 03:00:00,0.009105961497807168
2019-08-14 04:00:00,0.004636776569190445
2019-08-14 05:00:00,0.002473230601019632
2019-08-14 06:00:00,0.02903212784658703
2019-08-14 07:00:00,0.00830118741275906
2019-08-14 08:00:00,0.005049476125375763
2019-08-14 09:00:00,0.02382686094092881
2019-08-14 10:00:00,0.003984824648761205
2019-08-14 11:00:00,0.01631436091400585
2019-08-14 12:00:00,0.04360915899564745
2019-08-14 13:00:00,0.009513814113683395
2019-08-14 14:00:00,0.007661598701174645
2019-08-14 15:00:00,0.004479155947137928
2019-08-14 16:00:00,0.015521974928376616
2019-08-14 17:00:00,0.0038904780071433876
2019-08-14 18:00:00,0.010372960982653985
2019-08-14 19:00:00,0.010527280865871808
2019-08-14 20:00:00,0.02092033014384446
2019-08-14 21:00:00,0.0162163841425047
2019-08-14 22:00:00,0.03519479437486511
2019-08-14 23:00:00,0.00656372147522478
2019-08-15 00:00:00,0.030646637042614663
2019-08-15 01:00:00,0.0048484718191905895
2019-08-15 02:00:00,0.023161228594200133
2019-08-15 03:00:00,0.0018320205233050206
2019-08-15 04:00:00,0.008400577087649177
2019-08-15 05:00:00,0.01751669077746785
2019-08-15 06:00:00,0.010734036007617334
2019-08-15 07:00:00,0.006519881613007775
2019-08-15 08:00:00,0.0030858264547789726
2019-08-15 09:00:00,0.01302295703084391
2019-08-15 10:00:00,0.03951348247167488
2019-08-15 11:00:00,0.010969812985099917
2019-08-15 12:00:00,0.0060009402549899005
2019-08-15 13:00:00,0.023401040829438623
2019-08-15 14:00:00,0.02485293873968094
2019-08-15 15:00:00,0.01073570922762156
2019-08-15 16:00:00,0.0019679921639463864
2019-08-15 17:00:00,0.009705387536747984
2019-08-15 18:00:00,0.00846988135885282
2019-08-15 19:00:00,0.00817018110240268
2019-08-15 20:00:00,0.0030910917566108623
2019-08-15 21:00:00,0.00541610967472196
2019-08-15 22:00:00,0.010895665882274023
2019-08-15 23:00:00,0.002379862429474981
2019-08-16 00:00:00,0.011822831599230482
2019-08-16 01:00:00,0.0053382739491657175
2019-08-16 02:00:00,0.012415849103875028
2019-08-16 03:00:00,0.016077878403222303
2019-08-16 04:00:00,0.04399240508094202
2019-08-16 05:00:00,0.0011649605675422559
2019-08-16 06:00:00,0.009724573974124252
2019-08-16 07:00:00,0.018348847637989094
2019-08-16 08:00:00,0.05014764335299717
2019-08-16 09:00:00,0.03070327338726065
2019-08-16 10:00:00,0.006269753122543556
2019-08-16 11:00:00,0.007861406024518852
2019-08-16 12:00:00,0.008264459670881958
2019-08-16 13:00:00,0.030958061998900693
2019-08-16 14:00:00,0.005091510019175421
2019-08-16 15:00:00,0.02362693490494109
2019-08-16 16:00:00,0.005221899940518169
2019-08-16 17:00:00,0.010038148367856475
2019-08-16 18:00:00,0.01997252360911144
2019-08-16 19:00:00,0.012184974966339215
2019-08-16 20:00:00,0.007756266671698203
2019-08-16 21:00:00,0.04516847537754269
2019-08-16 22:00:00,0.017941849721341482
2019-08-16 23:00:00,0.011904948114552684
2019-08-17 00:00:00,0.02250186283475494
2019-08-17 01:00:00,0.024082385651613022
2019-08-17 02:00:00,0.024057061689628383
2019-08-17 03:00:00,0.02586074551747413
2019-08-17 04:00:00,0.005493247986390416
2019-08-17 05:00:00,0.008571799073379831
2019-08-17 06:00:00,0.008910757721917632
2019-08-17 07:00:00,0.009074994339007665
2019-08-17 08:00:00,0.009226321184943532
2019-08-17 09:00:00,0.00937814919605497
2019-08-17 10:00:00,0.012715889610971334
2019-08-17 11:00:00,0.019577580192783016
2019-08-17 12:00:00,0.015788361034552372
2019-08-17 13:00:00,0.008766647890339289
2019-08-17 14:00:00,0.008929372287616979
2019-08-17 15:00:00,0.006389472064374514
2019-08-17 16:00:00,0.008771821403978428
2019-08-17 17:00:00,0.009564763331939757
2019-08-17 18:00:00,0.008917895548095007
2019-08-17 19:00:00,0.012626105161608898
2019-08-17 20:00:00,0.012879608198263174
2019-08-17 21:00:00,0.010987721732422247
2019-08-17 22:00:00,0.0114083086549097
2019-08-17 23:00:00,0.015185995208442894
2019-08-18 00:00:00,0.006550492908867293
2019-08-18 01:00:00,0.006345310744917908
2019-08-18 02:00:00,0.014657588016690997
2019-08-18 03:00:00,0.0033218199839851283
2019-08-18 04:00:00,0.029974138268110902
2019-08-18 05:00:00,0.016342825525520358
2019-08-18 06:00:00,0.01824593239072224
2019-08-18 07:00:00,0.01113182807260641
2019-08-18 08:00:00,0.014530394047412753
2019-08-18 09:00:00,0.028201698736918034
2019-08-18 10:00:00,0.013739771979102828
2019-08-18 11:00:00,0.007033267105556625
2019-08-18 12:00:00,0.014006949961067112
2019-08-18 13:00:00,0.010200037352242432
2019-08-18 14:00:00,0.01987136942105576
2019-08-18 15:00:00,0.009785676160643094
2019-08-18 16:00:00,0.04915023108989155
2019-08-18 17:00:00,0.006563994329332483
2019-08-18 18:00:00,0.01931798989863555
2019-08-18 19:00:00,0.056947641250607924
2019-08-18 20:00:00,0.016163838086905705
2019-08-18 21:00:00,0.01588769725590976
2019-08-18 22:00:00,0.018767445095310142
2019-08-18 23:00:00,0.008088096879286018
2019-08-19 00:00:00,0.011276757135718306
2019-08-19 01:00:00,0.02156374363491012
2019-08-19 02:00:00,0.01092579937992628
2019-08-19 03:00:00,0.012475007198912673
2019-08-19 04:00:00,0.009726291563938238
2019-08-19 05:00:00,0.01726144936516956
2019-08-19 06:00:00,0.005683679512511819
2019-08-19 07:00:00,0.01849625721091855
2019-08-19 08:00:00,0.04189476772163391
2019-08-19 09:00:00,0.021817037544229468
2019-08-19 10:00:00,0.03336715195213415
2019-08-19 11:00:00,0.007129505656118749
2019-08-19 12:00:00,0.005147776350050799
2019-08-19 13:00:00,0.03160781212306748
2019-08-19 14:00:00,0.029070083136603062
2019-08-19 15:00:00,0.009855462660314552
2019-08-19 16:00:00,0.01008772783846732
2019-08-19 17:00:00,0.018037505587603763
2019-08-19 18:00:00,0.009224295675168878
2019-08-19 19:00:00,0.023404539817543143
2019-08-19 20:00:00,0.008680942112845248
2019-08-19 21:00:00,0.008148546347383346
2019-08-19 22:00:00,0.009937442955532986
2019-08-19 23:00:00,0.011776501739243382
2019-08-20 00:00:00,0.03532157027379043
2019-08-20 01:00:00,0.027605255704445532
2019-08-20 02:00:00,0.018332352416139005
2019-08-20 03:00:00,0.009009757902291141
2019-08-20 04:00:00,0.011131940186306259
2019-08-20 05:00:00,0.022688501039071527
2019-08-20 06:00:00,0.020513571348058784
2019-08-20 07:00:00,0.009080936799764655
2019-08-20 08:00:00,0.023348199156722576
2019-08-20 09:00:00,0.024925483890001116
2019-08-20 10:00:00,0.025789633636873557
2019-08-20 11:00:00,0.009876934612518734
2019-08-20 12:00:00,0.009697847691002726
2019-08-20 13:00:00,0.016741504658025236
2019-08-20 14:00:00,0.012173339081089987
2019-08-20 15:00:00,0.004328796620655431
2019-08-20 16:00:00,0.007879231222263356
2019-08-20 17:00:00,0.015229998978662042
2019-08-20 18:00:00,0.0558006839173075
2019-08-20 19:00:00,0.009649361400734201
2019-08-20 20:00:00,0.0105297858816956
2019-08-20 21:00:00,0.014434099517171149
2019-08-20 22:00:00,0.015593887759141516
2019-08-20 23:00:00,0.010513517759200543
2019-08-21 00:00:00,0.009690410656332351
2019-08-21 01:00:00,0.0072346567281707805
2019-08-21 02:00:00,0.006623583207276845
2019-08-21 03:00:00,0.026567161145654036
2019-08-21 04:00:00,0.012976915555572826
2019-08-21 05:00:00,0.031062098827159247
2019-08-21 06:00:00,0.021528152053468485
2019-08-21 07:00:00,0.013015109155992145
2019-08-21 08:00:00,0.004036025133840807
2019-08-21 09:00:00,0.011832767306021732
2019-08-21 10:00:00,0.006524489020642052
2019-08-21 11:00:00,0.01379648163125372
2019-08-21 12:00:00,0.01907027870909663
2019-08-21 13:00:00,0.013581424731050442
2019-08-21 14:00:00,0.010251652352082537
2019-08-21 15:00:00,0.015145555669270607
2019-08-21 16:00:00,0.031907764766451734
2019-08-21 17:00:00,0.0447024985865774
2019-08-21 18:00:00,0.018383459066476555
2019-08-21 19:00:00,0.05562604139262404
2019-08-21 20:00:00,0.04080744343209349
2019-08-21 21:00:00,0.014009339133703991
2019-08-21 22:00:00,0.018452031751108575
2019-08-21 23:00:00,0.0480603380762938
2019-08-22 00:00:00,0.011552574473771374
2019-08-22 01:00:00,0.010316282160081267
2019-08-22 02:00:00,0.010639161393254716
2019-08-22 03:00:00,0.011043911231608155
2019-08-22 04:00:00,0.01125865373531219
2019-08-22 05:00:00,0.01145301114146156
2019-08-22 06:00:00,0.011641857324220264
2019-08-22 07:00:00,0.016006872726721775
2019-08-22 08:00:00,0.037018090842632564
2019-08-22 09:00:00,0.01600719993831025
2019-08-22 10:00:00,0.03242459199809477
2019-08-22 11:00:00,0.01203782283210038
2019-08-22 12:00:00,0.006632579833164841
2019-08-22 13:00:00,0.021702623233017998
2019-08-22 14:00:00,0.01684416499196744
2019-08-22 15:00:00,0.016620373593254318
2019-08-22 16:00:00,0.022334057425951834
2019-08-22 17:00:00,0.016062089890339373
2019-08-22 18:00:00,0.012858612416805254
2019-08-22 19:00:00,0.011134685916476247
2019-08-22 20:00:00,0.005191790141325753
2019-08-22 21:00:00,0.017328402327265516
2019-08-22 22:00:00,0.03495830209594956
2019-08-22 23:00:00,0.039703461863337716
2019-08-23 00:00:00,0.00832032837405497
2019-08-23 01:00:00,0.023884328179143707
2019-08-23 02:00:00,0.02332902543442597
2019-08-23 03:00:00,0.014835997981711991
2019-08-23 04:00:00,0.008878781441687144
2019-08-23 05:00:00,0.011199582574421484
2019-08-23 06:00:00,0.0137020027652348
2019-08-23 07:00:00,0.03543234855189864
2019-08-23 08:00:00,0.003199515552192293
2019-08-23 09:00:00,0.013719599600955763
2019-08-23 10:00:00,0.025421910386889773
2019-08-23 11:00:00,0.014951321574991594
2019-08-23 12:00:00,0.029826534626136523
2019-08-23 13:00:00,0.0034684089574152695
2019-08-23 14:00:00,0.006045934729688801
2019-08-23 15:00:00,0.01842634097641598
2019-08-23 16:00:00,0.0055126355548349056
2019-08-23 17:00:00,0.022580146248969847
2019-08-23 18:00:00,0.019927455408679247
2019-08-23 19:00:00,0.016210187806354803
2019-08-23 20:00:00,0.01614000986002865
2019-08-23 21:00:00,0.012154168862762625
2019-08-23 22:00:00,0.01594811542265441
2019-08-23 23:00:00,0.04233438252315556
2019-08-24 00:00:00,0.02409684412727936
2019-08-24 01:00:00,0.024437155456021802
2019-08-24 02:00:00,0.01999024943266467
2019-08-24 03:00:00,0.009994618701257526
2019-08-24 04:00:00,0.006534539703980901
2019-08-24 05:00:00,0.02386735477024055
2019-08-24 06:00:00,0.011325221142301597
2019-08-24 07:00:00,0.01731731162736994
2019-08-24 08:00:00,0.01946724490078261
2019-08-24 09:00:00,0.03264870687402673
2019-08-24 10:00:00,0.007882666275970443
2019-08-24 11:00:00,0.005042624286876443
2019-08-24 12:00:00,0.013308784693771362
2019-08-24 13:00:00,0.01352910054448741
2019-08-24 14:00:00,0.0341548606950642
2019-08-24 15:00:00,0.009167063302609958
2019-08-24 16:00:00,0.03483173752957624
2019-08-24 17:00:00,0.025596611734892787
2019-08-24 18:00:00,0.015003058318720116
2019-08-24 19:00:00,0.0077497540882807935
2019-08-24 20:00:00,0.01688981730176614
2019-08-24 21:00:00,0.03610504306791345
2019-08-24 22:00:00,0.013108212028924406
2019-08-24 23:00:00,0.011129937173318349
2019-08-25 00:00:00,0.007722822978664078
2019-08-25 01:00:00,0.007158461270544687
2019-08-25 02:00:00,0.039934005644229754
2019-08-25 03:00:00,0.009966861183324559
2019-08-25 04:00:00,0.09307684116313057
2019-08-25 05:00:00,0.017567347398698387
2019-08-25 06:00:00,0.008765167126647709
2019-08-25 07:00:00,0.03743188050784878
2019-08-25 08:00:00,0.020288402363124045
2019-08-25 09:00:00,0.0148666092475064
2019-08-25 10:00:00,0.009105420065861474
2019-08-25 11:00:00,0.03825363732331917
2019-08-25 12:00:00,0.01851579131278944
2019-08-25 13:00:00,0.018498974368098157
2019-08-25 14:00:00,0.024454782054241304
2019-08-25 15:00:00,0.008271080561660647
2019-08-25 16:00:00,0.028482187722971074
2019-08-25 17:00:00,0.017899954434035196
2019-08-25 18:00:00,0.017806301369819102
2019-08-25 19:00:00,0.027914259662237057
2019-08-25 20:00:00,0.04361758553214105
2019-08-25 21:00:00,0.025892336827491567
2019-08-25 22:00:00,0.012594804738036543
2019-08-25 23:00:00,0.012914189778708843
2019-08-26 00:00:00,0.01697456299925566
2019-08-26 01:00:00,0.02360493166056367
2019-08-26 02:00:00,0.01746646659925721
2019-08-26 03:00:00,0.009152374095891855
2019-08-26 04:00:00,0.008468979381911367
2019-08-26 05:00:00,0.03726153514281973
2019-08-26 06:00:00,0.051334793081679396
2019-08-26 07:00:00,0.018575002522813053
2019-08-26 08:00:00,0.008976320067408948
2019-08-26 09:00:00,0.033168939622217786
2019-08-26 10:00:00,0.03711881743426339
2019-08-26 11:00:00,0.01922296602616122
2019-08-26 12:00:00,0.02045552029166145
2019-08-26 13:00:00,0.06813782335040958
2019-08-26 14:00:00,0.01720222103667233
2019-08-26 15:00:00,0.026284496151629977
2019-08-26 16:00:00,0.013408868026629418
2019-08-26 17:00:00,0.011396642916824736
2019-08-26 18:00:00,0.01492985397109098
2019-08-26 19:00:00,0.03312369541127568
2019-08-26 20:00:00,0.043624829037244704
2019-08-26 21:00:00,0.008403541203521266
2019-08-26 22:00:00,0.020286139730218162
2019-08-26 23:00:00,0.02016826190588082
2019-08-27 00:00:00,0.020485743011500697
2019-08-27 01:00:00,0.020599043676580726
2019-08-27 02:00:00,0.020688303990273025
2019-08-27 03:00:00,0.020770011786917723
2019-08-27 04:00:00,0.020608018481052343
2019-08-27 05:00:00,0.013419232725301912
2019-08-27 06:00:00,0.01237840035893996
2019-08-27 07:00:00,0.019670974503934666
2019-08-27 08:00:00,0.008731151414256268
2019-08-27 09:00:00,0.014680437377427927
2019-08-27 10:00:00,0.04238638339191408
2019-08-27 11:00:00,0.018790898010531992
2019-08-27 12:00:00,0.016069341622436395
2019-08-27 13:00:00,0.0029728534025951514
2019-08-27 14:00:00,0.0229938196531057
2019-08-27 15:00:00,0.02522405206517923
2019-08-27 16:00:00,0.009970148390534199
2019-08-27 17:00:00,0.009499128313731689
2019-08-27 18:00:00,0.019459674851948515
2019-08-27 19:00:00,0.021294825331332236
2019-08-27 20:00:00,0.00905970862953256
2019-08-27 21:00:00,0.01143057500698161
2019-08-27 22:00:00,0.042204353844793
2019-08-27 23:00:00,0.011032554100448106
2019-08-28 00:00:00,0.014671992043040873
2019-08-28 01:00:00,0.036354734778098446
2019-08-28 02:00:00,0.017079314823745445
2019-08-28 03:00:00,0.01441568233641886
2019-08-28 04:00:00,0.033826419037424366
2019-08-28 05:00:00,0.0617699292946313
2019-08-28 06:00:00,0.03582958725674716
2019-08-28 07:00:00,0.01124886257560251
2019-08-28 08:00:00,0.03379897408706006
2019-08-28 09:00:00,0.0025740459244944446
2019-08-28 10:00:00,0.0021408924821370895
2019-08-28 11:00:00,0.05316672263653551
2019-08-28 12:00:00,0.019975246850459545
2019-08-28 13:00:00,0.012081497441701703
2019-08-28 14:00:00,0.03302774523869202
2019-08-28 15:00:00,0.007195814716320006
2019-08-28 16:00:00,0.02714344318392187
2019-08-28 17:00:00,0.0623111316360741
2019-08-28 18:00:00,0.008726978826201002
2019-08-28 19:00:00,0.031878119768919
2019-08-28 20:00:00,0.020941311454285468
2019-08-28 21:00:00,0.02758263140616456
2019-08-28 22:00:00,0.009140727843469252
2019-08-28 23:00:00,0.017773926020986656
2019-08-29 00:00:00,0.023514322773105105
2019-08-29 01:00:00,0.01097269367723192
2019-08-29 02:00:00,0.006859518501309935
2019-08-29 03:00:00,0.012995778899840153
2019-08-29 04:00:00,0.04281203796613538
2019-08-29 05:00:00,0.006354474627559808
2019-08-29 06:00:00,0.03286325189420987
2019-08-29 07:00:00,0.019966764328187704
2019-08-29 08:00:00,0.02665767295235243
2019-08-29 09:00:00,0.0257359074601485
2019-08-29 10:00:00,0.02581826716969085
2019-08-29 11:00:00,0.007811793503003309
2019-08-29 12:00:00,0.02344352462515917
2019-08-29 13:00:00,0.01529473744551173
2019-08-29 14:00:00,0.013820876895148859
2019-08-29 15:00:00,0.0197205942062153
2019-08-29 16:00:00,0.016084987700690577
2019-08-29 17:00:00,0.007895158965746175
2019-08-29 18:00:00,0.010706245343202452
2019-08-29 19:00:00,0.016802960017783572
2019-08-29 20:00:00,0.02255666711748779
2019-08-29 21:00:00,0.016761750297891592
2019-08-29 22:00:00,0.014382213131829386
2019-08-29 23:00:00,0.010817487206879294
2019-08-30 00:00:00,0.032419926124018596
2019-08-30 01:00:00,0.02839790063266491
2019-08-30 02:00:00,0.02084332978892103
2019-08-30 03:00:00,0.013905650115156154
2019-08-30 04:00:00,0.019895174825663556
2019-08-30 05:00:00,0.01175137777911858
2019-08-30 06:00:00,0.014917280382779593
2019-08-30 07:00:00,0.03189383999280311
2019-08-30 08:00:00,0.039969040353616855
2019-08-30 09:00:00,0.016013435927877056
2019-08-30 10:00:00,0.006703502046479928
2019-08-30 11:00:00,0.07705384449628068
2019-08-30 12:00:00,0.01099097555763291
2019-08-30 13:00:00,0.011332125796361392
2019-08-30 14:00:00,0.00805990061705021
2019-08-30 15:00:00,0.03817627205092138
2019-08-30 16:00:00,0.005523420533883268
2019-08-30 17:00:00,0.029390601909373586
2019-08-30 18:00:00,0.030560871820553948
2019-08-30 19:00:00,0.014300765079748189
2019-08-30 20:00:00,0.021484263145828054
2019-08-30 21:00:00,0.02018600023290375
2019-08-30 22:00:00,0.034905568796639384
2019-08-30 23:00:00,0.00963300310650345
2019-08-31 00:00:00,0.028783383901832185
2019-08-31 01:00:00,0.008398977581476435
2019-08-31 02:00:00,0.0075335632155511005
2019-08-31 03:00:00,0.014750253289846166
2019-08-31 04:00:00,0.017555810956906254
2019-08-31 05:00:00,0.020133546299318864
2019-08-31 06:00:00,0.010283236576494596
2019-08-31 07:00:00,0.009839429662143134
2019-08-31 08:00:00,0.03008875332681669
2019-08-31 09:00:00,0.02135016238865509
2019-08-31 10:00:00,0.004701392988854099
2019-08-31 11:00:00,0.01699983671602794
2019-08-31 12:00:00,0.0360278632770014
2019-08-31 13:00:00,0.027898212563529895
2019-08-31 14:00:00,0.022798428417763434
2019-08-31 15:00:00,0.019713849392380054
2019-08-31 16:00:00,0.04745742945501193
2019-08-31 17:00:00,0.04759930154544606
2019-08-31 18:00:00,0.03122124713459403
2019-08-31 19:00:00,0.036454705337007835
2019-08-31 20:00:00,0.034720862816067156
2019-08-31 21:00:00,0.0347350142155734
2019-08-31 22:00:00,0.034617540163477026
2019-08-31 23:00:00,0.03448492540535922
2019-09-01 00:00:00,0.03434783550187031
2019-09-01 01:00:00,0.009217208448458969
2019-09-01 02:00:00,0.017078576361337874
2019-09-01 03:00:00,0.07718342710757028
2019-09-01 04:00:00,0.06404058976355506
2019-09-01 05:00:00,0.011385164917734761
2019-09-01 06:00:00,0.010312244350268241
2019-09-01 07:00:00,0.022427682750139868
2019-09-01 08:00:00,0.017528394057057355
2019-09-01 09:00:00,0.03217430722317551
2019-09-01 10:00:00,0.047085710476914545
2019-09-01 11:00:00,0.047778601670762685
2019-09-01 12:00:00,0.03287094938146856
2019-09-01 13:00:00,0.006076012627930181
2019-09-01 14:00:00,0.027837384403550266
2019-09-01 15:00:00,0.028826594015030366
2019-09-01 16:00:00,0.03338503473920239
2019-09-01 17:00:00,0.017327032916024183
2019-09-01 18:00:00,0.022274898133569646
2019-09-01 19:00:00,0.01940921240278479
2019-09-01 20:00:00,0.003987943632407834
2019-09-01 21:00:00,0.023342464543853907
2019-09-01 22:00:00,0.044166462342696375
2019-09-01 23:00:00,0.018294863691179317
2019-09-02 00:00:00,0.034462129631164434
2019-09-02 01:00:00,0.031833033296207375
2019-09-02 02:00:00,0.013238225559271458
2019-09-02 03:00:00,0.020143770036043302
2019-09-02 04:00:00,0.010145676114833555
2019-09-02 05:00:00,0.019297191071386804
2019-09-02 06:00:00,0.10118876241778843
2019-09-02 07:00:00,0.0194368130079474
2019-09-02 08:00:00,0.05002413304968288
2019-09-02 09:00:00,0.01333336728794992
2019-09-02 10:00:00,0.02084743557719473
2019-09-02 11:00:00,0.030796586930797024
2019-09-02 12:00:00,0.015586041683979198
2019-09-02 13:00:00,0.016622502007279136
2019-09-02 14:00:00,0.029453545533642177
2019-09-02 15:00:00,0.006998870610885822
2019-09-02 16:00:00,0.029698094124840955
2019-09-02 17:00:00,0.037012151307167895
2019-09-02 18:00:00,0.009686334207713334
2019-09-02 19:00:00,0.03157584326537173
2019-09-02 20:00:00,0.02587551118235829
2019-09-02 21:00:00,0.018388503470205368
2019-09-02 22:00:00,0.015388806127422366
2019-09-02 23:00:00,0.03338128240012552
2019-09-03 00:00:00,0.009578435870910975
2019-09-03 01:00:00,0.0038898039675909126
2019-09-03 02:00:00,0.008581807121384726
2019-09-03 03:00:00,0.041707621286126484
2019-09-03 04:00:00,0.024833770500611804
2019-09-03 05:00:00,0.02621956406312452
2019-09-03 06:00:00,0.03718523335977999
2019-09-03 07:00:00,0.03703651982461975
2019-09-03 08:00:00,0.021093162158154537
2019-09-03 09:00:00,0.025782965234352178
2019-09-03 10:00:00,0.02710344544601459
2019-09-03 11:00:00,0.041200814901758115
2019-09-03 12:00:00,0.015563085503111123
2019-09-03 13:00:00,0.01099893417084631
2019-09-03 14:00:00,0.008445209436241021
2019-09-03 15:00:00,0.028321196162407258
2019-09-03 16:00:00,0.01894653295357167
2019-09-03 17:00:00,0.02027736124370277
2019-09-03 18:00:00,0.01571119130753786
2019-09-03 19:00:00,0.020174626348445822
2019-09-03 20:00:00,0.008075046759682611
2019-09-03 21:00:00,0.007278990697509351
2019-09-03 22:00:00,0.025774915051639785
2019-09-03 23:00:00,0.025581237527263663
2019-09-04 00:00:00,0.014649739787312608
2019-09-04 01:00:00,0.02998686725275334
2019-09-04 02:00:00,0.014306797241933126
2019-09-04 03:00:00,0.009552042886806895
2019-09-04 04:00:00,0.006065786970266625
2019-09-04 05:00:00,0.014202097676062222
2019-09-04 06:00:00,0.010748328995082521
2019-09-04 07:00:00,0.06149952394890719
2019-09-04 08:00:00,0.06445637722700431
2019-09-04 09:00:00,0.014929962643472152
2019-09-04 10:00:00,0.028744548766739583
2019-09-04 11:00:00,0.032997705513245816
2019-09-04 12:00:00,0.04263222355160362
2019-09-04 13:00:00,0.012664340558854648
2019-09-04 14:00:00,0.021565674522507437
2019-09-04 15:00:00,0.010018291817804193
2019-09-04 16:00:00,0.013507643637160524
2019-09-04 17:00:00,0.008325553683690048
2019-09-04 18:00:00,0.02963493796349504
2019-09-04 19:00:00,0.02052427773622491
2019-09-04 20:00:00,0.03874451836172672
2019-09-04 21:00:00,0.008983015893598751
2019-09-04 22:00:00,0.009436830562201263
2019-09-04 23:00:00,0.0073306119917124464
2019-09-05 00:00:00,0.010734566566565596
2019-09-05 01:00:00,0.025467125927221723
2019-09-05 02:00:00,0.029113431747199502
2019-09-05 03:00:00,0.02475590414310823
2019-09-05 04:00:00,0.02239695608060105
2019-09-05 05:00:00,0.0043280607785951015
2019-09-05 06:00:00,0.0052537840696990105
2019-09-05 07:00:00,0.021228421600752403
2019-09-05 08:00:00,0.038350383204234575
2019-09-05 09:00:00,0.017696704595702783
2019-09-05 10:00:00,0.033403924500037756
2019-09-05 11:00:00,0.02226542687066112
2019-09-05 12:00:00,0.019218993594736822
2019-09-05 13:00:00,0.03128308041913058
2019-09-05 14:00:00,0.024811329200162657
2019-09-05 15:00:00,0.01036466538648059
2019-09-05 16:00:00,0.023490570878356324
2019-09-05 17:00:00,0.0394695330562769
2019-09-05 18:00:00,0.03901229968539657
2019-09-05 19:00:00,0.038723789188100016
2019-09-05 20:00:00,0.03846202419895033
2019-09-05 21:00:00,0.038212287136998965
2019-09-05 22:00:00,0.016299345546356776
2019-09-05 23:00:00,0.03677577179749778
2019-09-06 00:00:00,0.022191897288374052
2019-09-06 01:00:00,0.03815375918235765
2019-09-06 02:00:00,0.017302390835742372
2019-09-06 03:00:00,0.03992994266761845
2019-09-06 04:00:00,0.027414503053579158
2019-09-06 05:00:00,0.021274846826272904
2019-09-06 06:00:00,0.017592552235160777
2019-09-06 07:00:00,0.020256382175522475
2019-09-06 08:00:00,0.0374450312585324
2019-09-06 09:00:00,0.023687712048506615
2019-09-06 10:00:00,0.02779858833689795
2019-09-06 11:00:00,0.021505941948525367
2019-09-06 12:00:00,0.021546055508809458
2019-09-06 13:00:00,0.016240100097356654
2019-09-06 14:00:00,0.013101102299183412
2019-09-06 15:00:00,0.017520921731523174
2019-09-06 16:00:00,0.011208001646023057
2019-09-06 17:00:00,0.027357657991597468
2019-09-06 18:00:00,0.008466513662448053
2019-09-06 19:00:00,0.020768878301779276
2019-09-06 20:00:00,0.008140247574509752
2019-09-06 21:00:00,0.01550443272695519
2019-09-06 22:00:00,0.019857253206551486
2019-09-06 23:00:00,0.00932614269999674
2019-09-07 00:00:00,0.007252153740798379
2019-09-07 01:00:00,0.03647191058709527
2019-09-07 02:00:00,0.01856346782685022
2019-09-07 03:00:00,0.03310453943419907
2019-09-07 04:00:00,0.010844718563462382
2019-09-07 05:00:00,0.02134671746214763
2019-09-07 06:00:00,0.01337265889808992
2019-09-07 07:00:00,0.016588792790673972
2019-09-07 08:00:00,0.01639389773178138
2019-09-07 09:00:00,0.023834537703863592
2019-09-07 10:00:00,0.027499643261701096
2019-09-07 11:00:00,0.018260184997910867
2019-09-07 12:00:00,0.034082344396525376
2019-09-07 13:00:00,0.022722450379110706
2019-09-07 14:00:00,0.029919213812526515
2019-09-07 15:00:00,0.00820478517446491
2019-09-07 16:00:00,0.019427699021313083
2019-09-07 17:00:00,0.015621409222872588
2019-09-07 18:00:00,0.027662908535408853
2019-09-07 19:00:00,0.01513991776705574
2019-09-07 20:00:00,0.02143505714264291
2019-09-07 21:00:00,0.02674909256997596
2019-09-07 22:00:00,0.009445102950666922
2019-09-07 23:00:00,0.029138058358460794
2019-09-08 00:00:00,0.01953429991927404
2019-09-08 01:00:00,0.017071552579513264
2019-09-08 02:00:00,0.030933129274642573
2019-09-08 03:00:00,0.02819244985996406
2019-09-08 04:00:00,0.02818848888529118
2019-09-08 05:00:00,0.027106702063456226
2019-09-08 06:00:00,0.010106189439799285
2019-09-08 07:00:00,0.030177727385033572
2019-09-08 08:00:00,0.01914282766714414
2019-09-08 09:00:00,0.025615003084361328
2019-09-08 10:00:00,0.04061421608090775
2019-09-08 11:00:00,0.02288204159523506
2019-09-08 12:00:00,0.020580858219364093
2019-09-08 13:00:00,0.02157883605677349
2019-09-08 14:00:00,0.012539967504191547
2019-09-08 15:00:00,0.019014373970430577
2019-09-08 16:00:00,0.04613040078531221
2019-09-08 17:00:00,0.01772638441776781
2019-09-08 18:00:00,0.03107553718200207
2019-09-08 19:00:00,0.03628498026214617
2019-09-08 20:00:00,0.017032364473771783
2019-09-08 21:00:00,0.021142131032043546
2019-09-08 22:00:00,0.012269305079157423
2019-09-08 23:00:00,0.01149065874268693
2019-09-09 00:00:00,0.028818333367788843
2019-09-09 01:00:00,0.008163301701644615
2019-09-09 02:00:00,0.02568639172889861
2019-09-09 03:00:00,0.007860043476682415
2019-09-09 04:00:00,0.06526847757361685
2019-09-09 05:00:00,0.030232063684169582
2019-09-09 06:00:00,0.022413111447288615
2019-09-09 07:00:00,0.031196014910865558
2019-09-09 08:00:00,0.015317516587709407
2019-09-09 09:00:00,0.01814317969103531
2019-09-09 10:00:00,0.015072731543851163
2019-09-09 11:00:00,0.025017716440789296
2019-09-09 12:00:00,0.02024374769045764
2019-09-09 13:00:00,0.035021939242048925
2019-09-09 14:00:00,0.029218773958458618
2019-09-09 15:00:00,0.01879358923607061
2019-09-09 16:00:00,0.016757311196548646
2019-09-09 17:00:00,0.017885790177261204
2019-09-09 18:00:00,0.004336020652943616
2019-09-09 19:00:00,0.0269094203383873
2019-09-09 20:00:00,0.024982194968504477
2019-09-09 21:00:00,0.028502915722767495
2019-09-09 22:00:00,0.021756447517446872
2019-09-09 23:00:00,0.016361808258952757
2019-09-10 00:00:00,0.03327565789177327
2019-09-10 01:00:00,0.019280674071458337
2019-09-10 02:00:00,0.013939096831742692
2019-09-10 03:00:00,0.017238958426185048
2019-09-10 04:00:00,0.02150791092309459
2019-09-10 05:00:00,0.012140300210626693
2019-09-10 06:00:00,0.010894582224712554
2019-09-10 07:00:00,0.021945700203182466
2019-09-10 08:00:00,0.008179987034671349
2019-09-10 09:00:00,0.008089592917666423
2019-09-10 10:00:00,0.022172480554593484
2019-09-10 11:00:00,0.018829201339756074
2019-09-10 12:00:00,0.015500228541375855
2019-09-10 13:00:00,0.018222745411654733
2019-09-10 14:00:00,0.021863318506741773
2019-09-10 15:00:00,0.021750949892430576
2019-09-10 16:00:00,0.02181772173758073
2019-09-10 17:00:00,0.021907658061529632
2019-09-10 18:00:00,0.022004553011244005
2019-09-10 19:00:00,0.0084654991198204
2019-09-10 20:00:00,0.019589027592492383
2019-09-10 21:00:00,0.017535115532364594
2019-09-10 22:00:00,0.02162845964464903
2019-09-10 23:00:00,0.020678697402927562
2019-09-11 00:00:00,0.023468497961218658
2019-09-11 01:00:00,0.005751823514103307
2019-09-11 02:00:00,0.019453593005584944
2019-09-11 03:00:00,0.006478099857560629
2019-09-11 04:00:00,0.017893891142059828
2019-09-11 05:00:00,0.016303720734634385
2019-09-11 06:00:00,0.01380390485672326
2019-09-11 07:00:00,0.02201665720202306
2019-09-11 08:00:00,0.012061545818548963
2019-09-11 09:00:00,0.014485366142868274
2019-09-11 10:00:00,0.02195277017602698
2019-09-11 11:00:00,0.023352903032766045
2019-09-11 12:00:00,0.009758693311003451
2019-09-11 13:00:00,0.01576649860057688
2019-09-11 14:00:00,0.016148124156517073
2019-09-11 15:00:00,0.012667856661344085
2019-09-11 16:00:00,0.008637497892687224
2019-09-11 17:00:00,0.025896855830637198
2019-09-11 18:00:00,0.013207412929352721
2019-09-11 19:00:00,0.010845796494327507
2019-09-11 20:00:00,0.017199069874980318
2019-09-11 21:00:00,0.021447567646226802
2019-09-11 22:00:00,0.014790675387264373
2019-09-11 23:00:00,0.011958015822513702
2019-09-12 00:00:00,0.02317699788927986
2019-09-12 01:00:00,0.00745837270907303
2019-09-12 02:00:00,0.018517366500961065
2019-09-12 03:00:00,0.014559260341707845
2019-09-12 04:00:00,0.013322129464001378
2019-09-12 05:00:00,0.01285590758132425
2019-09-12 06:00:00,0.02331290116258124
2019-09-12 07:00:00,0.03534322020535753
2019-09-12 08:00:00,0.01391244258941548
2019-09-12 09:00:00,0.007670576244120252
2019-09-12 10:00:00,0.015117166587274987
2019-09-12 11:00:00,0.01622236583690856
2019-09-12 12:00:00,0.011132695579647058
2019-09-12 13:00:00,0.015350969868521545
2019-09-12 14:00:00,0.007175535324482144
2019-09-12 15:00:00,0.00405595598232965
2019-09-12 16:00:00,0.0154370533302151
2019-09-12 17:00:00,0.018327973912802185
2019-09-12 18:00:00,0.012526293943271425
2019-09-12 19:00:00,0.019483633947587856
2019-09-12 20:00:00,0.010571072544220694
2019-09-12 21:00:00,0.01175698893719011
2019-09-12 22:00:00,0.02172046981514048
2019-09-12 23:00:00,0.02156867986967807
2019-09-13 00:00:00,0.015196555627894502
2019-09-13 01:00:00,0.01516866500924754
2019-09-13 02:00:00,0.011254150768676457
2019-09-13 03:00:00,0.007097165045849836
2019-09-13 04:00:00,0.018516333241653228
2019-09-13 05:00:00,0.022832760996175296
2019-09-13 06:00:00,0.010961829243653444
2019-09-13 07:00:00,0.015140855237197996
2019-09-13 08:00:00,0.015727607390448345
2019-09-13 09:00:00,0.007167518067689623
2019-09-13 10:00:00,0.017548113932117585
2019-09-13 11:00:00,0.013431482941329275
2019-09-13 12:00:00,0.008504158045410175
2019-09-13 13:00:00,0.013819712629341613
2019-09-13 14:00:00,0.016243317461980274
2019-09-13 15:00:00,0.01147616429519752
2019-09-13 16:00:00,0.011903071086612847
2019-09-13 17:00:00,0.009639653316725692
2019-09-13 18:00:00,0.021586360340287443
2019-09-13 19:00:00,0.004835881868528148
2019-09-13 20:00:00,0.014645321915277138
2019-09-13 21:00:00,0.018250107978049244
2019-09-13 22:00:00,0.01593095377046434
2019-09-13 23:00:00,0.02486529180571649
2019-09-14 00:00:00,0.022714131091390706
2019-09-14 01:00:00,0.015955120150105927
2019-09-14 02:00:00,0.013059649642132016
2019-09-14 03:00:00,0.021549239976535992
2019-09-14 04:00:00,0.015342353330563524
2019-09-14 05:00:00,0.01377876055424819
2019-09-14 06:00:00,0.013083678312634128
2019-09-14 07:00:00,0.01913900406838833
2019-09-14 08:00:00,0.018628215222322934
2019-09-14 09:00:00,0.01715108614628098
2019-09-14 10:00:00,0.015611953934204458
2019-09-14 11:00:00,0.02097809993847783
2019-09-14 12:00:00,0.016139691564671533
2019-09-14 13:00:00,0.008826087080606167
2019-09-14 14:00:00,0.010019953924464982
2019-09-14 15:00:00,0.0218558289654518
2019-09-14 16:00:00,0.003568259249444215
2019-09-14 17:00:00,0.018806702180198226
2019-09-14 18:00:00,0.013291603062317345
2019-09-14 19:00:00,0.006100823184156648
2019-09-14 20:00:00,0.008516265235702904
2019-09-14 21:00:00,0.014411899481520898
2019-09-14 22:00:00,0.020189530402183114
2019-09-14 23:00:00,0.014377744888461698
2019-09-15 00:00:00,0.008032325662248607
2019-09-15 01:00:00,0.008837856860246308
2019-09-15 02:00:00,0.010527888340745906
2019-09-15 03:00:00,0.009906935491019406
2019-09-15 04:00:00,0.010455947357557945
2019-09-15 05:00:00,0.008684938380290162
2019-09-15 06:00:00,0.013786816612480027
2019-09-15 07:00:00,0.00783307436291284
2019-09-15 08:00:00,0.011533960204723949
2019-09-15 09:00:00,0.02473456221148785
2019-09-15 10:00:00,0.015071717630522357
2019-09-15 11:00:00,0.012069068934448361
2019-09-15 12:00:00,0.01191996389015058
2019-09-15 13:00:00,0.011770487926933982
2019-09-15 14:00:00,0.011665774310073481
2019-09-15 15:00:00,0.011606032683987636
2019-09-15 16:00:00,0.013716128770823737
2019-09-15 17:00:00,0.013063773024002022
2019-09-15 18:00:00,0.018793274696295638
2019-09-15 19:00:00,0.011318124750890678
2019-09-15 20:00:00,0.007494956978908519
2019-09-15 21:00:00,0.01211414125535583
2019-09-15 22:00:00,0.010973792905677064
2019-09-15 23:00:00,0.01032305897592176
2019-09-16 00:00:00,0.016146969103416883
2019-09-16 01:00:00,0.023355355863218626
2019-09-16 02:00:00,0.020641468452905553
2019-09-16 03:00:00,0.013544977072807479
2019-09-16 04:00:00,0.010778342770936072
2019-09-16 05:00:00,0.01410945094180635
2019-09-16 06:00:00,0.012287274678303872
2019-09-16 07:00:00,0.021271109000700377
2019-09-16 08:00:00,0.012711767647983664
2019-09-16 09:00:00,0.006135920603266549
2019-09-16 10:00:00,0.01080046887551877
2019-09-16 11:00:00,0.01119587681913402
2019-09-16 12:00:00,0.012347864991279335
2019-09-16 13:00:00,0.014922180636706311
2019-09-16 14:00:00,0.013381364301396338
2019-09-16 15:00:00,0.01904602459750498
2019-09-16 16:00:00,0.009790078403376503
2019-09-16 17:00:00,0.013534049697569288
2019-09-16 18:00:00,0.02019356992290033
2019-09-16 19:00:00,0.009820888106848898
2019-09-16 20:00:00,0.01377868580918781
2019-09-16 21:00:00,0.0020772520567359956
2019-09-16 22:00:00,0.019366701013574992
2019-09-16 23:00:00,0.031271283808625074
2019-09-17 00:00:00,0.014285040540334889
2019-09-17 01:00:00,0.01759476068206366
2019-09-17 02:00:00,0.016483580184053707
2019-09-17 03:00:00,0.018874614441571146
2019-09-17 04:00:00,0.01703590486990144
2019-09-17 05:00:00,0.006812419566122686
2019-09-17 06:00:00,0.013627195080844387
2019-09-17 07:00:00,0.009436291103275174
2019-09-17 08:00:00,0.015189879440110741
2019-09-17 09:00:00,0.013364984806220757
2019-09-17 10:00:00,0.014165705718127261
2019-09-17 11:00:00,0.020539248567001653
2019-09-17 12:00:00,0.021297481776856735
2019-09-17 13:00:00,0.01967624443834904
2019-09-17 14:00:00,0.008821170304813053
2019-09-17 15:00:00,0.017816290365418326
2019-09-17 16:00:00,0.014102825901101821
2019-09-17 17:00:00,0.013996205893709453
2019-09-17 18:00:00,0.013387348414380171
2019-09-17 19:00:00,0.017982186423741546
2019-09-17 20:00:00,0.007658207686614909
2019-09-17 21:00:00,0.010210131927005048
2019-09-17 22:00:00,0.010462687479926017
2019-09-17 23:00:00,0.013196544947520634
2019-09-18 00:00:00,0.0037682915524383997
2019-09-18 01:00:00,0.005348224863952831
2019-09-18 02:00:00,0.01569035724858607
2019-09-18 03:00:00,0.00877301940435386
2019-09-18 04:00:00,0.013073739726125815
2019-09-18 05:00:00,0.007295941386234657
2019-09-18 06:00:00,0.009601753892049238
2019-09-18 07:00:00,0.01907727726463472
2019-09-18 08:00:00,0.013039542325200295
2019-09-18 09:00:00,0.010734475100274218
2019-09-18 10:00:00,0.009244164887843605
2019-09-18 11:00:00,0.014183296024589821
2019-09-18 12:00:00,0.021716580028467162
2019-09-18 13:00:00,0.017854361397366673
2019-09-18 14:00:00,0.023477052084165458
2019-09-18 15:00:00,0.014840637768435005
2019-09-18 16:00:00,0.01672532167685552
2019-09-18 17:00:00,0.008786650896501753
2019-09-18 18:00:00,0.012979715271234558
2019-09-18 19:00:00,0.013714877023072539
2019-09-18 20:00:00,0.007862565307032898
2019-09-18 21:00:00,0.02073217823557067
2019-09-18 22:00:00,0.01192586592198416
2019-09-18 23:00:00,0.010441678436461767
2019-09-19 00:00:00,0.013253857487008684
2019-09-19 01:00:00,0.010690946881107506
2019-09-19 02:00:00,0.01823342129847364
2019-09-19 03:00:00,0.011719904555518983
2019-09-19 04:00:00,0.013787794330560847
2019-09-19 05:00:00,0.015719901096049836
2019-09-19 06:00:00,0.012105292247904563
2019-09-19 07:00:00,0.006622802267862074
2019-09-19 08:00:00,0.025688467736543107
2019-09-19 09:00:00,0.004507625305162086
2019-09-19 10:00:00,0.009274185119357322
2019-09-19 11:00:00,0.030365658353295907
2019-09-19 12:00:00,0.005017876975279768
2019-09-19 13:00:00,0.007810628101353323
2019-09-19 14:00:00,0.017142652450333615
2019-09-19 15:00:00,0.010187513887153969
2019-09-19 16:00:00,0.00470019649776089
2019-09-19 17:00:00,0.006345229904697721
2019-09-19 18:00:00,0.01459200201980524
2019-09-19 19:00:00,0.009685694712592568
2019-09-19 20:00:00,0.009243002323766458
2019-09-19 21:00:00,0.0164298078045032
2019-09-19 22:00:00,0.00623899168738803
2019-09-19 23:00:00,0.013568648803429798
2019-09-20 00:00:00,0.017231938292707662
2019-09-20 01:00:00,0.009720906421019
2019-09-20 02:00:00,0.004363438808617727
2019-09-20 03:00:00,0.0044234137364921235
2019-09-20 04:00:00,0.013356769940727806
2019-09-20 05:00:00,0.020554449852584238
2019-09-20 06:00:00,0.009636371357262821
2019-09-20 07:00:00,0.01812457957213092
2019-09-20 08:00:00,0.010066391381246962
2019-09-20 09:00:00,0.01023124110143952
2019-09-20 10:00:00,0.010489783831904026
2019-09-20 11:00:00,0.010750585473404555
2019-09-20 12:00:00,0.011004969448476072
2019-09-20 13:00:00,0.00959060816609312
2019-09-20 14:00:00,0.017840113389369843
2019-09-20 15:00:00,0.01475923988078116
2019-09-20 16:00:00,0.01100258727579509
2019-09-20 17:00:00,0.01659166693667046
2019-09-20 18:00:00,0.011454519840196162
2019-09-20 19:00:00,0.0049531765964126884
2019-09-20 20:00:00,0.008002925378609709
2019-09-20 21:00:00,0.007264540184020182
2019-09-20 22:00:00,0.009690726168198641
2019-09-20 23:00:00,0.015441434330241356
2019-09-21 00:00:00,0.007301818573937189
2019-09-21 01:00:00,0.012077497020669072
2019-09-21 02:00:00,0.004860769981789542
2019-09-21 03:00:00,0.007853405436769415
2019-09-21 04:00:00,0.014466835582663635
2019-09-21 05:00:00,0.010016052479576132
2019-09-21 06:00:00,0.011516647014555374
2019-09-21 07:00:00,0.012335230907750717
2019-09-21 08:00:00,0.008876631443901096
2019-09-21 09:00:00,0.016401861535460485
2019-09-21 10:00:00,0.018651975832796104
2019-09-21 11:00:00,0.012017430596813863
2019-09-21 12:00:00,0.00938655439987297
2019-09-21 13:00:00,0.013915969802616108
2019-09-21 14:00:00,0.016215506599175426
2019-09-21 15:00:00,0.010993828167874361
2019-09-21 16:00:00,0.0073678082689074805
2019-09-21 17:00:00,0.008909577769739793
2019-09-21 18:00:00,0.009231329288360724
2019-09-21 19:00:00,0.015360042322410897
2019-09-21 20:00:00,0.019551933057997288
2019-09-21 21:00:00,0.011225013326894226
2019-09-21 22:00:00,0.011340280840546365
2019-09-21 23:00:00,0.014329375058993827
2019-09-22 00:00:00,0.0199106895852322
2019-09-22 01:00:00,0.0050498416773930395
2019-09-22 02:00:00,0.010844381948854091
2019-09-22 03:00:00,0.014130377518448424
2019-09-22 04:00:00,0.0037812963496584345
2019-09-22 05:00:00,0.009956910546913248
2019-09-22 06:00:00,0.013467972172619046
2019-09-22 07:00:00,0.016667059179725493
2019-09-22 08:00:00,0.007962189502422461
2019-09-22 09:00:00,0.017736433034888095
2019-09-22 10:00:00,0.013773187933121642
2019-09-22 11:00:00,0.020181810156249477
2019-09-22 12:00:00,0.014965948776251323
2019-09-22 13:00:00,0.012564491691513163
2019-09-22 14:00:00,0.015647395457050337
2019-09-22 15:00:00,0.01669409591250184
2019-09-22 16:00:00,0.01785704789770784
2019-09-22 17:00:00,0.008557358783092155
2019-09-22 18:00:00,0.00899793507457474
2019-09-22 19:00:00,0.009124156657651759
2019-09-22 20:00:00,0.010696424807895996
2019-09-22 21:00:00,0.0085480906744335
2019-09-22 22:00:00,0.010892231242613081
2019-09-22 23:00:00,0.014092340149026923
2019-09-23 00:00:00,0.012103918628705943
2019-09-23 01:00:00,0.008046041856938423
2019-09-23 02:00:00,0.014920311813349787
2019-09-23 03:00:00,0.0070460450081622035
2019-09-23 04:00:00,0.006447418874236681
2019-09-23 05:00:00,0.012028459005404273
2019-09-23 06:00:00,0.0044225654337669605
2019-09-23 07:00:00,0.010725475698523619
2019-09-23 08:00:00,0.0053060643690383946
2019-09-23 09:00:00,0.008242906503751472
2019-09-23 10:00:00,0.00780138443930612
2019-09-23 11:00:00,0.00907937080186302
2019-09-23 12:00:00,0.010554089163279013
2019-09-23 13:00:00,0.016954112981766134
2019-09-23 14:00:00,0.011068398220745845
2019-09-23 15:00:00,0.012779106734206666
2019-09-23 16:00:00,0.012384672710233259
2019-09-23 17:00:00,0.010447302941228314
2019-09-23 18:00:00,0.010411818616752526
2019-09-23 19:00:00,0.00530535866435621
2019-09-23 20:00:00,0.008737026967875441
2019-09-23 21:00:00,0.008823033945201557
2019-09-23 22:00:00,0.004094228952597813
2019-09-23 23:00:00,0.011065399186628619
2019-09-24 00:00:00,0.012057628202018575
2019-09-24 01:00:00,0.024072924218991366
2019-09-24 02:00:00,0.01726448393329947
2019-09-24 03:00:00,0.003980270296096622
2019-09-24 04:00:00,0.0099639098207566
2019-09-24 05:00:00,0.01191043806491764
2019-09-24 06:00:00,0.010598928227218368
2019-09-24 07:00:00,0.012615069607286224
2019-09-24 08:00:00,0.0209728480796835
2019-09-24 09:00:00,0.010735626680822374
2019-09-24 10:00:00,0.0021928037533356535
2019-09-24 11:00:00,0.013652282014658542
2019-09-24 12:00:00,0.014869242927075145
2019-09-24 13:00:00,0.015252411566058882
2019-09-24 14:00:00,0.00868821686689826
2019-09-24 15:00:00,0.011781675456975473
2019-09-24 16:00:00,0.004876330813281896
2019-09-24 17:00:00,0.008152965589875884
2019-09-24 18:00:00,0.010461142234860164
2019-09-24 19:00:00,0.00929924382420124
2019-09-24 20:00:00,0.007927265516885322
2019-09-24 21:00:00,0.009935763286395057
2019-09-24 22:00:00,0.00821064896648442
2019-09-24 23:00:00,0.00966139560290373
2019-09-25 00:00:00,0.00891240455729317
2019-09-25 01:00:00,0.003977692945098953
2019-09-25 02:00:00,0.008010495353445158
2019-09-25 03:00:00,0.002693863900677027
2019-09-25 04:00:00,0.011797765143144534
2019-09-25 05:00:00,0.008387005525627524
2019-09-25 06:00:00,0.008491869767928097
2019-09-25 07:00:00,0.008535678103271266
2019-09-25 08:00:00,0.008583871209236649
2019-09-25 09:00:00,0.008641906825295967
2019-09-25 10:00:00,0.0070804675545532115
2019-09-25 11:00:00,0.012692065367953313
2019-09-25 12:00:00,0.007406743015762393
2019-09-25 13:00:00,0.008731858321845767
2019-09-25 14:00:00,0.008815445940594743
2019-09-25 15:00:00,0.007620006256063653
2019-09-25 16:00:00,0.008962962099168694
2019-09-25 17:00:00,0.008711427626914597
2019-09-25 18:00:00,0.015262612984500738
2019-09-25 19:00:00,0.006664493925522677
2019-09-25 20:00:00,0.0129712017045496
2019-09-25 21:00:00,0.008778285982498524
2019-09-25 22:00:00,0.008740117766822455
2019-09-25 23:00:00,0.016840592375899573
2019-09-26 00:00:00,0.010939629648772924
2019-09-26 01:00:00,0.0067654773098826245
2019-09-26 02:00:00,0.006681865138517935
2019-09-26 03:00:00,0.011245975811110087
2019-09-26 04:00:00,0.013377550252505551
2019-09-26 05:00:00,0.0076246250306041645
2019-09-26 06:00:00,0.01030327210085738
2019-09-26 07:00:00,0.007030962677008842
2019-09-26 08:00:00,0.010673697477494852
2019-09-26 09:00:00,0.016365613593582587
2019-09-26 10:00:00,0.009351911312289815
2019-09-26 11:00:00,0.009105374868042944
2019-09-26 12:00:00,0.012407812380453747
2019-09-26 13:00:00,0.010058783223382033
2019-09-26 14:00:00,0.003160874924967108
2019-09-26 15:00:00,0.010163437808728307
2019-09-26 16:00:00,0.013881027629985374
2019-09-26 17:00:00,0.013163117216068982
2019-09-26 18:00:00,0.014938244970966465
2019-09-26 19:00:00,0.007699670953658662
2019-09-26 20:00:00,0.006259467334926402
2019-09-26 21:00:00,0.009713562111708552
2019-09-26 22:00:00,0.008034916420060625
2019-09-26 23:00:00,0.015209372565720079
2019-09-27 00:00:00,0.005591296793475564
2019-09-27 01:00:00,0.015612965462380834
2019-09-27 02:00:00,0.005847982233820403
2019-09-27 03:00:00,0.015142616527486802
2019-09-27 04:00:00,0.008630976851773782
2019-09-27 05:00:00,0.008200946349355871
2019-09-27 06:00:00,0.007405290696313193
2019-09-27 07:00:00,0.008097354242867272
2019-09-27 08:00:00,0.007568642694956217
2019-09-27 09:00:00,0.008488519696667468
2019-09-27 10:00:00,0.009394738369895595
2019-09-27 11:00:00,0.010339945711885793
2019-09-27 12:00:00,0.009209884833687374
2019-09-27 13:00:00,0.014193766990704125
2019-09-27 14:00:00,0.0069753849415993855
2019-09-27 15:00:00,0.008634798268780898
2019-09-27 16:00:00,0.008670856819409298
2019-09-27 17:00:00,0.005460228958898639
2019-09-27 18:00:00,0.00928936048733474
2019-09-27 19:00:00,0.00854880331149814
2019-09-27 20:00:00,0.010869095198673039
2019-09-27 21:00:00,0.007554794281856498
2019-09-27 22:00:00,0.014057310674119394
2019-09-27 23:00:00,0.014123307157958107
2019-09-28 00:00:00,0.011602912608249388
2019-09-28 01:00:00,0.009068557618954007
2019-09-28 02:00:00,0.007553937435316348
2019-09-28 03:00:00,0.008754215219780828
2019-09-28 04:00:00,0.007361878387746308
2019-09-28 05:00:00,0.01028759003848276
2019-09-28 06:00:00,0.00745389394591367
2019-09-28 07:00:00,0.020679906910486972
2019-09-28 08:00:00,0.007491717942952712
2019-09-28 09:00:00,0.014252481921722744
2019-09-28 10:00:00,0.007576570298615853
2019-09-28 11:00:00,0.007275693088347587
2019-09-28 12:00:00,0.010590478072493664
2019-09-28 13:00:00,0.009363150673049395
2019-09-28 14:00:00,0.0051501660403468355
2019-09-28 15:00:00,0.004318091513743634
2019-09-28 16:00:00,0.010916478152120546
2019-09-28 17:00:00,0.00792420795681962
2019-09-28 18:00:00,0.013533509727209228
2019-09-28 19:00:00,0.00792387173880481
2019-09-28 20:00:00,0.008090521283035975
2019-09-28 21:00:00,0.0062184157664491495
2019-09-28 22:00:00,0.009052977539816232
2019-09-28 23:00:00,0.004782653418061008
2019-09-29 00:00:00,0.009785333052061638
2019-09-29 01:00:00,0.004947856018306847
2019-09-29 02:00:00,0.011435000147124612
2019-09-29 03:00:00,0.008666195412921074
2019-09-29 04:00:00,0.010763137885194996
2019-09-29 05:00:00,0.015712552244023924
2019-09-29 06:00:00,0.010820479852977152
2019-09-29 07:00:00,0.007756692620480632
2019-09-29 08:00:00,0.00398150168781769
2019-09-29 09:00:00,0.0034336447041678824
2019-09-29 10:00:00,0.010276802738581413
2019-09-29 11:00:00,0.007129877494926257
2019-09-29 12:00:00,0.013514153264227799
2019-09-29 13:00:00,0.005762779044906876
2019-09-29 14:00:00,0.0062782577446467295
2019-09-29 15:00:00,0.006708560323658425
2019-09-29 16:00:00,0.012646154012474993
2019-09-29 17:00:00,0.014603987210393694
2019-09-29 18:00:00,0.010141096226408219
2019-09-29 19:00:00,0.013132054653079643
2019-09-29 20:00:00,0.006294049944615236
2019-09-29 21:00:00,0.006931993590524148
2019-09-29 22:00:00,0.010654768363611919
2019-09-29 23:00:00,0.009194536928314071
2019-09-30 00:00:00,0.017841421508622557
2019-09-30 01:00:00,0.009919167114937988
2019-09-30 02:00:00,0.007975136143273352
2019-09-30 03:00:00,0.00796371476857089
2019-09-30 04:00:00,0.007996599030327135
2019-09-30 05:00:00,0.008041022057350987
2019-09-30 06:00:00,0.008093189562843894
2019-09-30 07:00:00,0.005357521700340356
2019-09-30 08:00:00,0.009474101438088876
2019-09-30 09:00:00,0.004562698532280232
2019-09-30 10:00:00,0.008048001370698915
2019-09-30 11:00:00,0.007112720591686371
2019-09-30 12:00:00,0.009653059539632535
2019-09-30 13:00:00,0.011628448773065028
2019-09-30 14:00:00,0.004264845465226063
2019-09-30 15:00:00,0.007325055875224326
2019-09-30 16:00:00,0.007844926831811797
2019-09-30 17:00:00,0.011380294197969829
2019-09-30 18:00:00,0.006760107790438623
2019-09-30 19:00:00,0.003087421678159244
2019-09-30 20:00:00,0.006293276667355392
2019-09-30 21:00:00,0.005300367794253945
2019-09-30 22:00:00,0.003448297075282505
2019-09-30 23:00:00,0.004247307235618799
2019-10-01 00:00:00,0.0060413070644936605
2019-10-01 01:00:00,0.0055184112932038796
2019-10-01 02:00:00,0.007720700389325634
2019-10-01 03:00:00,0.011779880084337864
2019-10-01 04:00:00,0.009022296571064984
2019-10-01 05:00:00,0.010315339661527805
2019-10-01 06:00:00,0.009724089313382117
2019-10-01 07:00:00,0.008064002872028577
2019-10-01 08:00:00,0.004628945020309224
2019-10-01 09:00:00,0.01129116719050459
2019-10-01 10:00:00,0.0028456664611259956
2019-10-01 11:00:00,0.0035792373978159736
2019-10-01 12:00:00,0.00860174973934987
2019-10-01 13:00:00,0.009120599448167272
2019-10-01 14:00:00,0.0030839563000785693
2019-10-01 15:00:00,0.0073705280115489765
2019-10-01 16:00:00,0.009988963904236462
2019-10-01 17:00:00,0.005798703543295599
2019-10-01 18:00:00,0.02067366690921833
2019-10-01 19:00:00,0.013710772322197423
2019-10-01 20:00:00,0.01140868783046246
2019-10-01 21:00:00,0.010614977059948915
2019-10-01 22:00:00,0.0042565419521366785
2019-10-01 23:00:00,0.009112675663224396
2019-10-02 00:00:00,0.006124065477478166
2019-10-02 01:00:00,0.005599513878030899
2019-10-02 02:00:00,0.0060727976793759604
2019-10-02 03:00:00,0.005112829966358112
2019-10-02 04:00:00,0.010511428423634762
2019-10-02 05:00:00,0.006617250620069228
2019-10-02 06:00:00,0.009986387243635255
2019-10-02 07:00:00,0.01173048984858261
2019-10-02 08:00:00,0.007609732453389145
2019-10-02 09:00:00,0.01179570650093397
2019-10-02 10:00:00,0.01976479424778922
2019-10-02 11:00:00,0.0087982320466918
2019-10-02 12:00:00,0.008451732591156336
2019-10-02 13:00:00,0.008505704396954195
2019-10-02 14:00:00,0.0036949283065057454
2019-10-02 15:00:00,0.006237222293772202
2019-10-02 16:00:00,0.00613081787812686
2019-10-02 17:00:00,0.006033949069013351
2019-10-02 18:00:00,0.0047034672636801465
2019-10-02 19:00:00,0.008795217313606498
2019-10-02 20:00:00,0.00498453198938757
2019-10-02 21:00:00,0.004464681472907547
2019-10-02 22:00:00,0.007279374329818363
2019-10-02 23:00:00,0.009290937406038867
2019-10-03 00:00:00,0.010801150369651567
2019-10-03 01:00:00,0.005554145183549228
2019-10-03 02:00:00,0.0044188607897113
2019-10-03 03:00:00,0.008002959826481257
2019-10-03 04:00:00,0.0074734806728779845
2019-10-03 05:00:00,0.008806032688809124
2019-10-03 06:00:00,0.005868851145279932
2019-10-03 07:00:00,0.005066106032804898
2019-10-03 08:00:00,0.0069415653074370335
2019-10-03 09:00:00,0.006675724454945693
2019-10-03 10:00:00,0.009247402395284753
2019-10-03 11:00:00,0.005266377089314127
2019-10-03 12:00:00,0.008293685303363127
2019-10-03 13:00:00,0.0024172070056325333
2019-10-03 14:00:00,0.010251344499370842
2019-10-03 15:00:00,0.008746091184644493
2019-10-03 16:00:00,0.011797891264431683
2019-10-03 17:00:00,0.00960659794066578
2019-10-03 18:00:00,0.0032871674695106184
2019-10-03 19:00:00,0.012682361979558321
2019-10-03 20:00:00,0.008160279855481475
2019-10-03 21:00:00,0.005220000922203771
2019-10-03 22:00:00,0.0072614999531609185
2019-10-03 23:00:00,0.0076335077194374735
2019-10-04 00:00:00,0.008050609185853317
2019-10-04 01:00:00,0.006098449010548068
2019-10-04 02:00:00,0.007841501057071458
2019-10-04 03:00:00,0.008227703323470193
2019-10-04 04:00:00,0.005952359470810763
2019-10-04 05:00:00,0.01293169690600425
2019-10-04 06:00:00,0.007463388201668189
2019-10-04 07:00:00,0.004638133691707097
2019-10-04 08:00:00,0.006517288582519212
2019-10-04 09:00:00,0.009597797760679308
2019-10-04 10:00:00,0.009354634397195109
2019-10-04 11:00:00,0.00855329736965756
2019-10-04 12:00:00,0.004723404803987859
2019-10-04 13:00:00,0.007191612633693918
2019-10-04 14:00:00,0.004870430590475204
2019-10-04 15:00:00,0.006503059913738077
2019-10-04 16:00:00,0.012471807413644188
2019-10-04 17:00:00,0.011230622850894467
2019-10-04 18:00:00,0.007650063772663046
2019-10-04 19:00:00,0.0036164642381904173
2019-10-04 20:00:00,0.004325896435358149
2019-10-04 21:00:00,0.008216829083901825
2019-10-04 22:00:00,0.008669352987414248
2019-10-04 23:00:00,0.008645046186436725
2019-10-05 00:00:00,0.00854359922215905
2019-10-05 01:00:00,0.008607870034631652
2019-10-05 02:00:00,0.008691663306480676
2019-10-05 03:00:00,0.008779792703853019
2019-10-05 04:00:00,0.002764921223406889
2019-10-05 05:00:00,0.004646328704172091
2019-10-05 06:00:00,0.0060980821075567685
2019-10-05 07:00:00,0.008966613278003778
2019-10-05 08:00:00,0.0037715019848365643
2019-10-05 09:00:00,0.0029802601510125083
2019-10-05 10:00:00,0.0071629305435085815
2019-10-05 11:00:00,0.0010962924047305804
2019-10-05 12:00:00,0.011033575492235069
2019-10-05 13:00:00,0.005862248799873062
2019-10-05 14:00:00,0.01169836363042246
2019-10-05 15:00:00,0.00994476568191559
2019-10-05 16:00:00,0.005982650958149192
2019-10-05 17:00:00,0.012503183117351923
2019-10-05 18:00:00,0.00416985173766788
2019-10-05 19:00:00,0.005270090297251866
2019-10-05 20:00:00,0.0040200270344451115
2019-10-05 21:00:00,0.004896575208731342
2019-10-05 22:00:00,0.010160522821615687
2019-10-05 23:00:00,0.013954809584549314
2019-10-06 00:00:00,0.0036095787170513914
2019-10-06 01:00:00,0.0023417885786965265
2019-10-06 02:00:00,0.009107759963646178
2019-10-06 03:00:00,0.0023265365122024494
2019-10-06 04:00:00,0.005083613084059068
2019-10-06 05:00:00,0.0035665082285127572
2019-10-06 06:00:00,0.006818972146009442
2019-10-06 07:00:00,0.008569127452985473
2019-10-06 08:00:00,0.006637640835161886
2019-10-06 09:00:00,0.003729510234937899
2019-10-06 10:00:00,0.006745521934125378
2019-10-06 11:00:00,0.01045363898424437
2019-10-06 12:00:00,0.005641838920145513
2019-10-06 13:00:00,0.004152825988694303
2019-10-06 14:00:00,0.006543551402474404
2019-10-06 15:00:00,0.005906113828722344
2019-10-06 16:00:00,0.006638239896957786
2019-10-06 17:00:00,0.0035229935603924693
2019-10-06 18:00:00,0.005529611648846883
2019-10-06 19:00:00,0.004096071346589225
2019-10-06 20:00:00,0.014709122384051367
2019-10-06 21:00:00,0.008757853324786987
2019-10-06 22:00:00,0.007742275928378239
2019-10-06 23:00:00,0.0013511240557619022
2019-10-07 00:00:00,0.010640798880756766
2019-10-07 01:00:00,0.009556743677688877
2019-10-07 02:00:00,0.010157674572405523
2019-10-07 03:00:00,0.0015451767401847476
2019-10-07 04:00:00,0.01035996393526734
2019-10-07 05:00:00,0.008195649262399537
2019-10-07 06:00:00,0.003090003237749128
2019-10-07 07:00:00,0.0067540302836389
2019-10-07 08:00:00,0.009747822184511708
2019-10-07 09:00:00,0.00955833764397828
2019-10-07 10:00:00,0.009588275252818074
2019-10-07 11:00:00,0.006910791089579089
2019-10-07 12:00:00,0.0020740736963192467
2019-10-07 13:00:00,0.005692498468022213
2019-10-07 14:00:00,0.004823145461505501
2019-10-07 15:00:00,0.007110098742540581
2019-10-07 16:00:00,0.006102210677393633
2019-10-07 17:00:00,0.010471836131267065
2019-10-07 18:00:00,0.004109643206744608
2019-10-07 19:00:00,0.006013823600508537
2019-10-07 20:00:00,0.007866094734024075
2019-10-07 21:00:00,0.02225996029699233
2019-10-07 22:00:00,0.004837520815278064
2019-10-07 23:00:00,0.003673792271886679
2019-10-08 00:00:00,0.008803967056013839
2019-10-08 01:00:00,0.009137561082727631
2019-10-08 02:00:00,0.005681959523264571
2019-10-08 03:00:00,0.011914266193667606
2019-10-08 04:00:00,0.0040417478162904745
2019-10-08 05:00:00,0.011593430151266744
2019-10-08 06:00:00,0.009956688662075023
2019-10-08 07:00:00,0.0032334148916398
2019-10-08 08:00:00,0.020488299231251256
2019-10-08 09:00:00,0.00613013127129637
2019-10-08 10:00:00,0.004836367306866877
2019-10-08 11:00:00,0.010052161784579853
2019-10-08 12:00:00,0.008035268718820128
2019-10-08 13:00:00,0.016683900020447458
2019-10-08 14:00:00,0.006303760411990056
2019-10-08 15:00:00,0.00842845596429909
2019-10-08 16:00:00,0.0063287605227936505
2019-10-08 17:00:00,0.0025496874173798517
2019-10-08 18:00:00,0.006018004616089144
2019-10-08 19:00:00,0.009223404491511357
2019-10-08 20:00:00,0.006023937459650718
2019-10-08 21:00:00,0.004465505209286584
2019-10-08 22:00:00,0.004851729202265285
2019-10-08 23:00:00,0.009819933615998533
2019-10-09 00:00:00,0.003038559459244159
2019-10-09 01:00:00,0.005381272960153748
2019-10-09 02:00:00,0.00474930710897588
2019-10-09 03:00:00,0.013537489412266292
2019-10-09 04:00:00,0.004855225841631668
2019-10-09 05:00:00,0.006148109828737936
2019-10-09 06:00:00,0.006600215276205157
2019-10-09 07:00:00,0.008462054591697514
2019-10-09 08:00:00,0.009354329427439372
2019-10-09 09:00:00,0.0060964189664775275
2019-10-09 10:00:00,0.0076163075037910455
2019-10-09 11:00:00,0.005765432340977746
2019-10-09 12:00:00,0.006076951563729654
2019-10-09 13:00:00,0.005265120018082002
2019-10-09 14:00:00,0.0016944548482319818
2019-10-09 15:00:00,0.00762712466952746
2019-10-09 16:00:00,0.005741818049604257
2019-10-09 17:00:00,0.0053387698942112425
2019-10-09 18:00:00,0.0020750587733613423
2019-10-09 19:00:00,0.0054963802115955826
2019-10-09 20:00:00,0.009681081021359093
2019-10-09 21:00:00,0.00952869770143067
2019-10-09 22:00:00,0.009548130655175194
2019-10-09 23:00:00,0.00958898113780936
2019-10-10 00:00:00,0.00963536956256301
2019-10-10 01:00:00,0.0032590865595985515
2019-10-10 02:00:00,0.004448931831976647
2019-10-10 03:00:00,0.00852092574462922
2019-10-10 04:00:00,0.009708117918382692
2019-10-10 05:00:00,0.00904927318212105
2019-10-10 06:00:00,0.005396253106872379
2019-10-10 07:00:00,0.012815217025852057
2019-10-10 08:00:00,0.005387479391397079
2019-10-10 09:00:00,0.006314573980577669
2019-10-10 10:00:00,0.005422593850565773
2019-10-10 11:00:00,0.004994961779991809
2019-10-10 12:00:00,0.006493120692752885
2019-10-10 13:00:00,0.005587054382244683
2019-10-10 14:00:00,0.0021886090278775434
2019-10-10 15:00:00,0.004786891861187185
2019-10-10 16:00:00,0.008180345279485968
2019-10-10 17:00:00,0.005582051286432987
2019-10-10 18:00:00,0.006245760051268164
2019-10-10 19:00:00,0.009468745499935925
2019-10-10 20:00:00,0.007413550682718283
2019-10-10 21:00:00,0.0031081035561890476
2019-10-10 22:00:00,0.006665473356152619
2019-10-10 23:00:00,0.003432083434454676
2019-10-11 00:00:00,0.004467785185779811
2019-10-11 01:00:00,0.005418042427805399
2019-10-11 02:00:00,0.005999543037935214
2019-10-11 03:00:00,0.007928883596377664
2019-10-11 04:00:00,0.006559679745191936
2019-10-11 05:00:00,0.005559107502152134
2019-10-11 06:00:00,0.009135405319555454
2019-10-11 07:00:00,0.003955199526011323
2019-10-11 08:00:00,0.005010483802334142
2019-10-11 09:00:00,0.005270916177476466
2019-10-11 10:00:00,0.005354423002625873
2019-10-11 11:00:00,0.004883456602466591
2019-10-11 12:00:00,0.008880684221056673
2019-10-11 13:00:00,0.005844388553304451
2019-10-11 14:00:00,0.003326440430675255
2019-10-11 15:00:00,0.003982155103799752
2019-10-11 16:00:00,0.002073377475220307
2019-10-11 17:00:00,0.007069803986629896
2019-10-11 18:00:00,0.004739925266031253
2019-10-11 19:00:00,0.005402805350368504
2019-10-11 20:00:00,0.005879119154191226
2019-10-11 21:00:00,0.003892898321004372
2019-10-11 22:00:00,0.0040139588565596355
2019-10-11 23:00:00,0.008321718787183734
2019-10-12 00:00:00,0.00490868086890006
2019-10-12 01:00:00,0.005729593724684177
2019-10-12 02:00:00,0.01089255045243799
2019-10-12 03:00:00,0.012064247855302891
2019-10-12 04:00:00,0.006689824697171817
2019-10-12 05:00:00,0.005719400153236593
2019-10-12 06:00:00,0.011651086636609105
2019-10-12 07:00:00,0.011601399140407725
2019-10-12 08:00:00,0.00269628352148619
2019-10-12 09:00:00,0.005180691885772736
2019-10-12 10:00:00,0.0071725824585428845
2019-10-12 11:00:00,0.003082208737731957
2019-10-12 12:00:00,0.002546779248721651
2019-10-12 13:00:00,0.005496955135627586
2019-10-12 14:00:00,0.006451832685569721
2019-10-12 15:00:00,0.006404933338895723
2019-10-12 16:00:00,0.0026151763610426635
2019-10-12 17:00:00,0.004409455198346335
2019-10-12 18:00:00,0.005019629461400968
2019-10-12 19:00:00,0.0033508539433593164
2019-10-12 20:00:00,0.005221472373116813
2019-10-12 21:00:00,0.018614960363363367
2019-10-12 22:00:00,0.020924930573276216
2019-10-12 23:00:00,0.004832436675323291
2019-10-13 00:00:00,0.007559538113624456
2019-10-13 01:00:00,0.007380669342500289
2019-10-13 02:00:00,0.005884912845312218
2019-10-13 03:00:00,0.007962449348971555
2019-10-13 04:00:00,0.013056580705344564
2019-10-13 05:00:00,0.004581442391534988
2019-10-13 06:00:00,0.007060312037473874
2019-10-13 07:00:00,0.004547926016134188
2019-10-13 08:00:00,0.012980640334350205
2019-10-13 09:00:00,0.009076389591355231
2019-10-13 10:00:00,0.008588891684950195
2019-10-13 11:00:00,0.0011529043117731752
2019-10-13 12:00:00,0.007910166254166684
2019-10-13 13:00:00,0.004706907724556673
2019-10-13 14:00:00,0.005252422420267439
2019-10-13 15:00:00,0.007086592818719315
2019-10-13 16:00:00,0.01219568597463352
2019-10-13 17:00:00,0.008216527745004032
2019-10-13 18:00:00,0.0031897215169919522
2019-10-13 19:00:00,0.001471168176343695
2019-10-13 20:00:00,0.004771721448018286
2019-10-13 21:00:00,0.008179736140296753
2019-10-13 22:00:00,0.007658380763295944
2019-10-13 23:00:00,0.0050252648004429825
2019-10-14 00:00:00,0.009355959044742767
2019-10-14 01:00:00,0.009112434523513097
2019-10-14 02:00:00,0.006894452417750561
2019-10-14 03:00:00,0.0072716321148532295
2019-10-14 04:00:00,0.0065009804270104695
2019-10-14 05:00:00,0.008930523175863337
2019-10-14 06:00:00,0.005745630954998085
2019-10-14 07:00:00,0.0062048102530930255
2019-10-14 08:00:00,0.00553526978659976
2019-10-14 09:00:00,0.0007936195316573589
2019-10-14 10:00:00,0.00541837868300015
2019-10-14 11:00:00,0.0041953004937453605
2019-10-14 12:00:00,0.005394483365959337
2019-10-14 13:00:00,0.00852563871878937
2019-10-14 14:00:00,0.004770678449560146
2019-10-14 15:00:00,0.011336751409464663
2019-10-14 16:00:00,0.0084583650107966
2019-10-14 17:00:00,0.011048718710834748
2019-10-14 18:00:00,0.010837549658880412
2019-10-14 19:00:00,0.010811832082642475
2019-10-14 20:00:00,0.010810442357633902
2019-10-14 21:00:00,0.010816026832046374
2019-10-14 22:00:00,0.005081359845406054
2019-10-14 23:00:00,0.006304039681779308
2019-10-15 00:00:00,0.006890512793997441
2019-10-15 01:00:00,0.011406710291078261
2019-10-15 02:00:00,0.003541483565494547
2019-10-15 03:00:00,0.006772860790932923
2019-10-15 04:00:00,0.006676142666634128
2019-10-15 05:00:00,0.003494303329620008
2019-10-15 06:00:00,0.009842475340585192
2019-10-15 07:00:00,0.0065260334052779055
2019-10-15 08:00:00,0.004779683912986748
2019-10-15 09:00:00,0.003487638100054061
2019-10-15 10:00:00,0.008358219152698045
2019-10-15 11:00:00,0.006669461308690867
2019-10-15 12:00:00,0.00689353980085261
2019-10-15 13:00:00,0.0027398861831783835
2019-10-15 14:00:00,0.006802079395176825
2019-10-15 15:00:00,0.008124626833898724
2019-10-15 16:00:00,0.00624149345244012
2019-10-15 17:00:00,0.006148103010682637
2019-10-15 18:00:00,0.0055131466363107775
2019-10-15 19:00:00,0.0062055732295791585
2019-10-15 20:00:00,0.0043733496830529114
2019-10-15 21:00:00,0.003619827895794138
2019-10-15 22:00:00,0.004263186842223874
2019-10-15 23:00:00,0.008337623051277488
2019-10-16 00:00:00,0.002039465236628233
2019-10-16 01:00:00,0.0037688576898093906
2019-10-16 02:00:00,0.010884085235456661
2019-10-16 03:00:00,0.009490307258756277
2019-10-16 04:00:00,0.003108622027941573
2019-10-16 05:00:00,0.004586257009628685
2019-10-16 06:00:00,0.007058486012642367
2019-10-16 07:00:00,0.008292148295712624
2019-10-16 08:00:00,0.001276458878771124
2019-10-16 09:00:00,0.007041452696595917
2019-10-16 10:00:00,0.0023502119501418142
2019-10-16 11:00:00,0.003918108722141325
2019-10-16 12:00:00,0.002898309142247271
2019-10-16 13:00:00,0.001295861829004192
2019-10-16 14:00:00,0.00959784846552093
2019-10-16 15:00:00,0.004328888576188426
2019-10-16 16:00:00,0.0025967237121113226
2019-10-16 17:00:00,0.005948885909384535
2019-10-16 18:00:00,0.0071644190809289675
2019-10-16 19:00:00,0.0034172359275751888
2019-10-16 20:00:00,0.006919299292991178
2019-10-16 21:00:00,0.021998595349391536
2019-10-16 22:00:00,0.023911599094791208
2019-10-16 23:00:00,0.0049827498895390655
2019-10-17 00:00:00,0.008404826423045096
2019-10-17 01:00:00,0.004242600536850137
2019-10-17 02:00:00,0.003444787654430672
2019-10-17 03:00:00,0.01005148094792679
2019-10-17 04:00:00,0.01002701179187204
2019-10-17 05:00:00,0.0014508281320966185
2019-10-17 06:00:00,0.007217709069899065
2019-10-17 07:00:00,0.0027452124209150263
2019-10-17 08:00:00,0.0072399604099461275
2019-10-17 09:00:00,0.005586702342543804
2019-10-17 10:00:00,0.005414824259470667
2019-10-17 11:00:00,0.007910427978180378
2019-10-17 12:00:00,0.004749296345417648
2019-10-17 13:00:00,0.005682213622825556
2019-10-17 14:00:00,0.0024564933934476062
2019-10-17 15:00:00,0.005160739294465781
2019-10-17 16:00:00,0.02082254817120666
2019-10-17 17:00:00,0.0043013411288345986
2019-10-17 18:00:00,0.005229533804913363
2019-10-17 19:00:00,0.028426395962528633
2019-10-17 20:00:00,0.00756497536947445
2019-10-17 21:00:00,0.005715844087819958
2019-10-17 22:00:00,0.007729174916582079
2019-10-17 23:00:00,0.007138400152739969
2019-10-18 00:00:00,0.007249525227533876
2019-10-18 01:00:00,0.013044468440057425
2019-10-18 02:00:00,0.008165650520926687
2019-10-18 03:00:00,0.00966726729459094
2019-10-18 04:00:00,0.005720231561892718
2019-10-18 05:00:00,0.011524567155750587
2019-10-18 06:00:00,0.01361161694426229
2019-10-18 07:00:00,0.005855891289516757
2019-10-18 08:00:00,0.0038454481612552986
2019-10-18 09:00:00,0.0038339194131647544
2019-10-18 10:00:00,0.0067937584470438616
2019-10-18 11:00:00,0.010044206053891691
2019-10-18 12:00:00,0.004969269594576389
2019-10-18 13:00:00,0.008234843482634108
2019-10-18 14:00:00,0.0051069995670308
2019-10-18 15:00:00,0.0042724967412883265
2019-10-18 16:00:00,0.01004103539142547
2019-10-18 17:00:00,0.0019899639325321856
2019-10-18 18:00:00,0.010320065684554881
2019-10-18 19:00:00,0.004184100133110626
2019-10-18 20:00:00,0.0031263185291517627
2019-10-18 21:00:00,0.007081371179179566
2019-10-18 22:00:00,0.006624837245082637
2019-10-18 23:00:00,0.0022801568082583606
2019-10-19 00:00:00,0.0020861145107438283
2019-10-19 01:00:00,0.003784079249280756
2019-10-19 02:00:00,0.011000168944437963
2019-10-19 03:00:00,0.006807332761528005
2019-10-19 04:00:00,0.004208709657627565
2019-10-19 05:00:00,0.003070618505648651
2019-10-19 06:00:00,0.0035863768880214433
2019-10-19 07:00:00,0.0035931052726847408
2019-10-19 08:00:00,0.0038382869490570554
2019-10-19 09:00:00,0.005901970860370328
2019-10-19 10:00:00,0.006071575469119126
2019-10-19 11:00:00,0.0029804856272647334
2019-10-19 12:00:00,0.0033719325894336974
2019-10-19 13:00:00,0.008659064665891003
2019-10-19 14:00:00,0.01133936791680805
2019-10-19 15:00:00,0.011149053873921155
2019-10-19 16:00:00,0.01110063917782477
2019-10-19 17:00:00,0.011072727551105548
2019-10-19 18:00:00,0.011051308547267514
2019-10-19 19:00:00,0.0038939620129797648
2019-10-19 20:00:00,0.002375887056540779
2019-10-19 21:00:00,0.006095504065686999
2019-10-19 22:00:00,0.011496555535038767
2019-10-19 23:00:00,0.009912706848990866
2019-10-20 00:00:00,0.0035385922609143822
2019-10-20 01:00:00,0.006363115142232475
2019-10-20 02:00:00,0.008229501973188908
2019-10-20 03:00:00,0.006948302888247776
2019-10-20 04:00:00,0.001717223255409838
2019-10-20 05:00:00,0.005343286427539025
2019-10-20 06:00:00,0.00473824193078884
2019-10-20 07:00:00,0.006545731392481038
2019-10-20 08:00:00,0.003706454090933732
2019-10-20 09:00:00,0.005220157230272348
2019-10-20 10:00:00,0.004410175150905073
2019-10-20 11:00:00,0.0056211364138431695
2019-10-20 12:00:00,0.006147825327185493
2019-10-20 13:00:00,0.0029687156156279777
2019-10-20 14:00:00,0.0016987413592003584
2019-10-20 15:00:00,0.005348093527621838
2019-10-20 16:00:00,0.0016171341928934632
2019-10-20 17:00:00,0.006929802847753517
2019-10-20 18:00:00,0.006319862455500452
2019-10-20 19:00:00,0.0054466081855449235
2019-10-20 20:00:00,0.00935006115772067
2019-10-20 21:00:00,0.007562035707279539
2019-10-20 22:00:00,0.006508450755489422
2019-10-20 23:00:00,0.003939932265966631
2019-10-21 00:00:00,0.006513185354783136
2019-10-21 01:00:00,0.002820676173582895
2019-10-21 02:00:00,0.005375590286539909
2019-10-21 03:00:00,0.0014499108785097552
2019-10-21 04:00:00,0.004522049858614508
2019-10-21 05:00:00,0.002804461586309984
2019-10-21 06:00:00,0.0055070072242950074
2019-10-21 07:00:00,0.005033468727101927
2019-10-21 08:00:00,0.004801999881614724
2019-10-21 09:00:00,0.011545666674431118
2019-10-21 10:00:00,0.0024128161361959646
2019-10-21 11:00:00,0.0020911300911949705
2019-10-21 12:00:00,0.005876569881270154
2019-10-21 13:00:00,0.00436717980000282
2019-10-21 14:00:00,0.0036965778003455194
2019-10-21 15:00:00,0.002785680828499745
2019-10-21 16:00:00,0.011011873004946663
2019-10-21 17:00:00,0.013940166755887063
2019-10-21 18:00:00,0.006016683873160161
2019-10-21 19:00:00,0.0039551873249772185
2019-10-21 20:00:00,0.004129090767081227
2019-10-21 21:00:00,0.002480588738405684
2019-10-21 22:00:00,0.009166061225638912
2019-10-21 23:00:00,0.002610725774825118
2019-10-22 00:00:00,0.00986764393961003
2019-10-22 01:00:00,0.009892130550287764
2019-10-22 02:00:00,0.0052534635535807514
2019-10-22 03:00:00,0.005222330697619425
2019-10-22 04:00:00,0.013054858502429087
2019-10-22 05:00:00,0.0080560649094903
2019-10-22 06:00:00,0.007922558415711347
2019-10-22 07:00:00,0.003936133634594398
2019-10-22 08:00:00,0.008949338678547162
2019-10-22 09:00:00,0.004644712553191073
2019-10-22 10:00:00,0.004800686246104221
2019-10-22 11:00:00,0.003715079617196631
2019-10-22 12:00:00,0.004306051875373438
2019-10-22 13:00:00,0.004789644179208523
2019-10-22 14:00:00,0.004514372355197405
2019-10-22 15:00:00,0.002660545674153327
2019-10-22 16:00:00,0.005945089701826157
2019-10-22 17:00:00,0.0056464055398789325
2019-10-22 18:00:00,0.006024295629166748
2019-10-22 19:00:00,0.006855099470339349
2019-10-22 20:00:00,0.007611603159686324
2019-10-22 21:00:00,0.0068762434562958
2019-10-22 22:00:00,0.003131292454467601
2019-10-22 23:00:00,0.017089461384069412
2019-10-23 00:00:00,0.0042670362652441
2019-10-23 01:00:00,0.0035951005161248112
2019-10-23 02:00:00,0.009237953901585227
2019-10-23 03:00:00,0.0053702758698292484
2019-10-23 04:00:00,0.0037041215765560233
2019-10-23 05:00:00,0.0023306756073621514
2019-10-23 06:00:00,0.0035046227791054345
2019-10-23 07:00:00,0.0008680698801650419
2019-10-23 08:00:00,0.005718156463708421
2019-10-23 09:00:00,0.012066081207677288
2019-10-23 10:00:00,0.0073629974249291436
2019-10-23 11:00:00,0.0035812266213912165
2019-10-23 12:00:00,0.004338542548755232
2019-10-23 13:00:00,0.0031019654902121247
2019-10-23 14:00:00,0.0018706456363772569
2019-10-23 15:00:00,0.006373761638268016
2019-10-23 16:00:00,0.004521216879082549
2019-10-23 17:00:00,0.0015983103719420257
2019-10-23 18:00:00,0.005288755616940024
2019-10-23 19:00:00,0.0036930512197450582
2019-10-23 20:00:00,0.0046092751301037346
2019-10-23 21:00:00,0.0029587359788057345
2019-10-23 22:00:00,0.0071974797201465384
2019-10-23 23:00:00,0.003479497905097713
2019-10-24 00:00:00,0.002687448914641526
2019-10-24 01:00:00,0.0022221287745565086
2019-10-24 02:00:00,0.006397030894778387
2019-10-24 03:00:00,0.008689554512941537
2019-10-24 04:00:00,0.0035589635063907874
2019-10-24 05:00:00,0.007845976691639334
2019-10-24 06:00:00,0.0037281254591681706
2019-10-24 07:00:00,0.005714753513118451
2019-10-24 08:00:00,0.002854635976774598
2019-10-24 09:00:00,0.018760270816441046
2019-10-24 10:00:00,0.007834224538879685
2019-10-24 11:00:00,0.009820271060917346
2019-10-24 12:00:00,0.010006774829978507
2019-10-24 13:00:00,0.010052161917078776
2019-10-24 14:00:00,0.010077452361121127
2019-10-24 15:00:00,0.010095208048768727
2019-10-24 16:00:00,0.003308794938660184
2019-10-24 17:00:00,0.005187791773956353
2019-10-24 18:00:00,0.005317436100901334
2019-10-24 19:00:00,0.009867664488994095
2019-10-24 20:00:00,0.003937212425389943
2019-10-24 21:00:00,0.007376406103974669
2019-10-24 22:00:00,0.006604125729744868
2019-10-24 23:00:00,0.002507673972089277
2019-10-25 00:00:00,0.00283191815085251
2019-10-25 01:00:00,0.01038939120638078
2019-10-25 02:00:00,0.005572344817629136
2019-10-25 03:00:00,0.007267764153154285
2019-10-25 04:00:00,0.0037068865463913306
2019-10-25 05:00:00,0.024045527328455357
2019-10-25 06:00:00,0.005574301092520215
2019-10-25 07:00:00,0.0030900123281236533
2019-10-25 08:00:00,0.0011604077823171215
2019-10-25 09:00:00,0.0022694468737551755
2019-10-25 10:00:00,0.013117983966867539
2019-10-25 11:00:00,0.005107493041247134
2019-10-25 12:00:00,0.0044901628855148696
2019-10-25 13:00:00,0.005160093792023375
2019-10-25 14:00:00,0.004884147337420206
2019-10-25 15:00:00,0.01212350876572165
2019-10-25 16:00:00,0.007575479267925035
2019-10-25 17:00:00,0.009524164645186087
2019-10-25 18:00:00,0.02051832097887247
2019-10-25 19:00:00,0.003446888937447961
2019-10-25 20:00:00,0.004940110231007877
2019-10-25 21:00:00,0.006145143590878939
2019-10-25 22:00:00,0.002922427873698862
2019-10-25 23:00:00,0.004145376900710242
2019-10-26 00:00:00,0.004483033877019225
2019-10-26 01:00:00,0.008261354674951876
2019-10-26 02:00:00,0.005057992297946654
2019-10-26 03:00:00,0.0034671079142191757
2019-10-26 04:00:00,0.005617643586007004
2019-10-26 05:00:00,0.0028025277799990376
2019-10-26 06:00:00,0.0029045071488335663
2019-10-26 07:00:00,0.019353128347373787
2019-10-26 08:00:00,0.00397961890622741
2019-10-26 09:00:00,0.005307782049886352
2019-10-26 10:00:00,0.003671825556812344
2019-10-26 11:00:00,0.005929453042618353
2019-10-26 12:00:00,0.020951251922665937
2019-10-26 13:00:00,0.004232263746138536
2019-10-26 14:00:00,0.005236774338319689
2019-10-26 15:00:00,0.002080177779360562
2019-10-26 16:00:00,0.0035220488963161782
2019-10-26 17:00:00,0.001843390092436679
2019-10-26 18:00:00,0.0030861745914450155
2019-10-26 19:00:00,0.01232765878098008
2019-10-26 20:00:00,0.0032346265196471144
2019-10-26 21:00:00,0.009631775683051123
2019-10-26 22:00:00,0.009689121985126026
2019-10-26 23:00:00,0.011426271414129623
2019-10-27 00:00:00,0.008647166854926823
2019-10-27 01:00:00,0.004918310761490221
2019-10-27 02:00:00,0.005502972094430727
2019-10-27 03:00:00,0.0025065647910950785
2019-10-27 04:00:00,0.004714991313890641
2019-10-27 05:00:00,0.004703973094787155
2019-10-27 06:00:00,0.005820387570528911
2019-10-27 07:00:00,0.002504770054064189
2019-10-27 08:00:00,0.0022560723442165117
2019-10-27 09:00:00,0.005936393778941328
2019-10-27 10:00:00,0.010914760348132187
2019-10-27 11:00:00,0.00284418374258432
2019-10-27 12:00:00,0.003259209837437202
2019-10-27 13:00:00,0.0044244883135847735
2019-10-27 14:00:00,0.0028807285254874794
2019-10-27 15:00:00,0.005603773514741621
2019-10-27 16:00:00,0.006073775094521099
2019-10-27 17:00:00,0.0028444812064792034
2019-10-27 18:00:00,0.0035161611445248104
2019-10-27 19:00:00,0.009072257799685797
2019-10-27 20:00:00,0.0052761733514699125
2019-10-27 21:00:00,0.009277767741448346
2019-10-27 22:00:00,0.005958024630406259
2019-10-27 23:00:00,0.00830983970877913
2019-10-28 00:00:00,0.008468629999044058
2019-10-28 01:00:00,0.0027833900076403716
2019-10-28 02:00:00,0.0022279084547981174
2019-10-28 03:00:00,0.005732137094123252
2019-10-28 04:00:00,0.004923845357310715
2019-10-28 05:00:00,0.006702982790548585
2019-10-28 06:00:00,0.005086554644954803
2019-10-28 07:00:00,0.003909635912747629
2019-10-28 08:00:00,0.0028902420560904868
2019-10-28 09:00:00,0.005835556250050768
2019-10-28 10:00:00,0.0009218154709984241
2019-10-28 11:00:00,0.004131444199730275
2019-10-28 12:00:00,0.0030878749796656
2019-10-28 13:00:00,0.0028205015753695463
2019-10-28 14:00:00,0.0047402678109020255
2019-10-28 15:00:00,0.008130704172059296
2019-10-28 16:00:00,0.005086048453655057
2019-10-28 17:00:00,0.005878760992971235
2019-10-28 18:00:00,0.0045670909214170245
2019-10-28 19:00:00,0.007863643595333663
2019-10-28 20:00:00,0.004195040268753237
2019-10-28 21:00:00,0.008186242424719633
2019-10-28 22:00:00,0.004035352569323882
2019-10-28 23:00:00,0.0038727163698731924
2019-10-29 00:00:00,0.005368023631306397
2019-10-29 01:00:00,0.0020357188387097737
2019-10-29 02:00:00,0.007294261298751412
2019-10-29 03:00:00,0.005515224508826975
2019-10-29 04:00:00,0.006546028427071895
2019-10-29 05:00:00,0.00828654596412486
2019-10-29 06:00:00,0.005317344142042167
2019-10-29 07:00:00,0.007632663242999097
2019-10-29 08:00:00,0.009624399511734749
2019-10-29 09:00:00,0.0098372523361453
2019-10-29 10:00:00,0.009885998512849502
2019-10-29 11:00:00,0.009910907212761095
2019-10-29 12:00:00,0.009927091708793483
2019-10-29 13:00:00,0.0027273297670450548
2019-10-29 14:00:00,0.012475653159705764
2019-10-29 15:00:00,0.016685161891694618
2019-10-29 16:00:00,0.00969183283433377
2019-10-29 17:00:00,0.007327110384531089
2019-10-29 18:00:00,0.002456612766304517
2019-10-29 19:00:00,0.0038438894472438453
2019-10-29 20:00:00,0.0016013964898219
2019-10-29 21:00:00,0.0011761396059608456
2019-10-29 22:00:00,0.003284494171826522
2019-10-29 23:00:00,0.0036273383176472756
2019-10-30 00:00:00,0.001511966278191687
2019-10-30 01:00:00,0.00603262810352476
2019-10-30 02:00:00,0.016587614188933297
2019-10-30 03:00:00,0.011719690669056967
2019-10-30 04:00:00,0.0045739978722232726
2019-10-30 05:00:00,0.0036080633400413778
2019-10-30 06:00:00,0.005085462417837952
2019-10-30 07:00:00,0.0031496754010021124
2019-10-30 08:00:00,0.01603344405157399
2019-10-30 09:00:00,0.007126360467298732
2019-10-30 10:00:00,0.002465468322177634
2019-10-30 11:00:00,0.0020104529095542364
2019-10-30 12:00:00,0.002261826506174706
2019-10-30 13:00:00,0.005292585807815075
2019-10-30 14:00:00,0.0007667457233207471
2019-10-30 15:00:00,0.0037623823460852246
2019-10-30 16:00:00,0.006028917230486506
2019-10-30 17:00:00,0.004798379140159169
2019-10-30 18:00:00,0.007911958814463492
2019-10-30 19:00:00,0.0034075312730620557
2019-10-30 20:00:00,0.0031900810752816147
2019-10-30 21:00:00,0.0050300849155996
2019-10-30 22:00:00,0.005999707005603317
2019-10-30 23:00:00,0.00352898997109458
2019-10-31 00:00:00,0.011523725148972897
2019-10-31 01:00:00,0.0018489366187871732
2019-10-31 02:00:00,0.0030799416860148687
2019-10-31 03:00:00,0.008591656758881159
2019-10-31 04:00:00,0.005588920173000696
2019-10-31 05:00:00,0.002050396328427845
2019-10-31 06:00:00,0.00994969883884557
2019-10-31 07:00:00,0.006161037197241329
2019-10-31 08:00:00,0.004359269897614643
2019-10-31 09:00:00,0.02366783302288574
2019-10-31 10:00:00,0.017368844440685725
2019-10-31 11:00:00,0.007898013651755034
2019-10-31 12:00:00,0.0040165923720066245
2019-10-31 13:00:00,0.0041248065381990304
2019-10-31 14:00:00,0.004914704648121079
2019-10-31 15:00:00,0.002113870997025882
2019-10-31 16:00:00,0.005328681263765326
2019-10-31 17:00:00,0.0073350998792423025
2019-10-31 18:00:00,0.010015519738300817
2019-10-31 19:00:00,0.009996215731189341
2019-10-31 20:00:00,0.007539579344364594
2019-10-31 21:00:00,0.004602578717379689
2019-10-31 22:00:00,0.012475647259861352
2019-10-31 23:00:00,0.005741848901817414
2019-11-01 00:00:00,0.001838704563725822
2019-11-01 01:00:00,0.0028184040486848496
2019-11-01 02:00:00,0.003626924164230924
2019-11-01 03:00:00,0.005630288873633183
2019-11-01 04:00:00,0.0023493639515509888
2019-11-01 05:00:00,0.003268514777002838
2019-11-01 06:00:00,0.0017342748703062562
2019-11-01 07:00:00,0.003182420492620705
2019-11-01 08:00:00,0.006478812558784548
2019-11-01 09:00:00,0.0037075808894609166
2019-11-01 10:00:00,0.01866089968051049
2019-11-01 11:00:00,0.004059271981661023
2019-11-01 12:00:00,0.004534450961499731
2019-11-01 13:00:00,0.00820281700663502
2019-11-01 14:00:00,0.005112206392987045
2019-11-01 15:00:00,0.0035315237327229335
2019-11-01 16:00:00,0.004406961906491124
2019-11-01 17:00:00,0.007333612881473838
2019-11-01 18:00:00,0.00465554612915611
2019-11-01 19:00:00,0.0067187680029780735
2019-11-01 20:00:00,0.00900261117479692
2019-11-01 21:00:00,0.013827039828550408
2019-11-01 22:00:00,0.0016751530375805365
2019-11-01 23:00:00,0.006759947223817803
2019-11-02 00:00:00,0.005286874377291377
2019-11-02 01:00:00,0.0060715512742242125
2019-11-02 02:00:00,0.002024625223762599
2019-11-02 03:00:00,0.017505369656065355
2019-11-02 04:00:00,0.0028689229164189744
2019-11-02 05:00:00,0.003006180706420193
2019-11-02 06:00:00,0.017325824756754607
2019-11-02 07:00:00,0.004068568081425679
2019-11-02 08:00:00,0.0065310177040452935
2019-11-02 09:00:00,0.006192887404087902
2019-11-02 10:00:00,0.004647542832716867
2019-11-02 11:00:00,0.004646444902347445
2019-11-02 12:00:00,0.003536300121797888
2019-11-02 13:00:00,0.008997228607035482
2019-11-02 14:00:00,0.006221542634344745
2019-11-02 15:00:00,0.008265742367153927
2019-11-02 16:00:00,0.012718909311351861
2019-11-02 17:00:00,0.003031235829996712
2019-11-02 18:00:00,0.005319490238878151
2019-11-02 19:00:00,0.009262566408731427
2019-11-02 20:00:00,0.005304028882086925
2019-11-02 21:00:00,0.004884362830856196
2019-11-02 22:00:00,0.013004754053619151
2019-11-02 23:00:00,0.003835866392534489
2019-11-03 00:00:00,0.0009720751344887029
2019-11-03 01:00:00,0.0052857829617562425
2019-11-03 02:00:00,0.006572798469031693
2019-11-03 03:00:00,0.0038940101412310094
2019-11-03 04:00:00,0.009572530530519692
2019-11-03 05:00:00,0.010406514672122709
2019-11-03 06:00:00,0.010554677215495849
2019-11-03 07:00:00,0.010578780390064454
2019-11-03 08:00:00,0.010586453995431531
2019-11-03 09:00:00,0.010588219883212622
2019-11-03 10:00:00,0.008779051626403748
2019-11-03 11:00:00,0.007191021203317356
2019-11-03 12:00:00,0.004442408302218317
2019-11-03 13:00:00,0.01047109693394197
2019-11-03 14:00:00,0.0018553926512420793
2019-11-03 15:00:00,0.007716227297903903
2019-11-03 16:00:00,0.004632285113297338
2019-11-03 17:00:00,0.007739955337269284
2019-11-03 18:00:00,0.004846745535453695
2019-11-03 19:00:00,0.00573882011418195
2019-11-03 20:00:00,0.005521971805687531
2019-11-03 21:00:00,0.004520770771046993
2019-11-03 22:00:00,0.004774633516508387
2019-11-03 23:00:00,0.0048835114743394775
2019-11-04 00:00:00,0.00581608613215079
2019-11-04 01:00:00,0.016671161520792913
2019-11-04 02:00:00,0.007609417389827136
2019-11-04 03:00:00,0.007188952239102478
2019-11-04 04:00:00,0.0019659689804573514
2019-11-04 05:00:00,0.002115380130964792
2019-11-04 06:00:00,0.006480512604395698
2019-11-04 07:00:00,0.0031605423822580045
2019-11-04 08:00:00,0.003386191237658415
2019-11-04 09:00:00,0.005511544055676203
2019-11-04 10:00:00,0.002052853102539244
2019-11-04 11:00:00,0.0017086963450453846
2019-11-04 12:00:00,0.003967765340626331
2019-11-04 13:00:00,0.004066270661974095
2019-11-04 14:00:00,0.007685978919546155
2019-11-04 15:00:00,0.005785870788956144
2019-11-04 16:00:00,0.006682558992200722
2019-11-04 17:00:00,0.003509846247738555
2019-11-04 18:00:00,0.006933435560515636
2019-11-04 19:00:00,0.00908455689282237
2019-11-04 20:00:00,0.004946264392474577
2019-11-04 21:00:00,0.004244888591227132
2019-11-04 22:00:00,0.016053533566051038
2019-11-04 23:00:00,0.0042800711146035375
2019-11-05 00:00:00,0.0024859380745137034
2019-11-05 01:00:00,0.021974261364468114
2019-11-05 02:00:00,0.01574900250436444
2019-11-05 03:00:00,0.003155711832123984
2019-11-05 04:00:00,0.005977313863892548
2019-11-05 05:00:00,0.004309345452167848
2019-11-05 06:00:00,0.007240221639033908
2019-11-05 07:00:00,0.0023786975055936923
2019-11-05 08:00:00,0.010742557526419644
2019-11-05 09:00:00,0.0021055586668639642
2019-11-05 10:00:00,0.0020694784514080572
2019-11-05 11:00:00,0.00714874348057357
2019-11-05 12:00:00,0.00405142011852681
2019-11-05 13:00:00,0.00341665191259305
2019-11-05 14:00:00,0.004653418404703073
2019-11-05 15:00:00,0.00852804196961015
2019-11-05 16:00:00,0.008615852412136587
2019-11-05 17:00:00,0.017223919160494976
2019-11-05 18:00:00,0.0014325558964399683
2019-11-05 19:00:00,0.0035052917438899342
2019-11-05 20:00:00,0.006337319713488641
2019-11-05 21:00:00,0.006076096271777904
2019-11-05 22:00:00,0.006030325699666926
2019-11-05 23:00:00,0.006699794132806031
2019-11-06 00:00:00,0.001445698506103379
2019-11-06 01:00:00,0.006384622158433408
2019-11-06 02:00:00,0.0025265721382091906
2019-11-06 03:00:00,0.0006901729259746641
2019-11-06 04:00:00,0.00524061507650358
2019-11-06 05:00:00,0.007443526903382664
2019-11-06 06:00:00,0.004673493940696745
2019-11-06 07:00:00,0.0035017452246574846
2019-11-06 08:00:00,0.004606155142706744
2019-11-06 09:00:00,0.005935535199426274
2019-11-06 10:00:00,0.00775350047347132
2019-11-06 11:00:00,0.00941433631566818
2019-11-06 12:00:00,0.004166780316271028
2019-11-06 13:00:00,0.010448002878199148
2019-11-06 14:00:00,0.003034793839041531
2019-11-06 15:00:00,0.006551794700248046
2019-11-06 16:00:00,0.006861013599504391
2019-11-06 17:00:00,0.007333999090892817
2019-11-06 18:00:00,0.0038532838032458664
2019-11-06 19:00:00,0.0034167943125938405
2019-11-06 20:00:00,0.004255990939263448
2019-11-06 21:00:00,0.010312528652458363
2019-11-06 22:00:00,0.004721122352391264
2019-11-06 23:00:00,0.0029785796721644342
2019-11-07 00:00:00,0.00966163339863169
2019-11-07 01:00:00,0.00466335877194388
2019-11-07 02:00:00,0.012004769241366394
2019-11-07 03:00:00,0.0005926844991469725
2019-11-07 04:00:00,0.001971112887292094
2019-11-07 05:00:00,0.007431545559500494
2019-11-07 06:00:00,0.0055385221287794105
2019-11-07 07:00:00,0.005206081879102778
2019-11-07 08:00:00,0.004823634774859187
2019-11-07 09:00:00,0.007841107559431482
2019-11-07 10:00:00,0.01177145626688782
2019-11-07 11:00:00,0.0027992623163460395
2019-11-07 12:00:00,0.007780875962022502
2019-11-07 13:00:00,0.0030881789286612573
2019-11-07 14:00:00,0.005533035207176385
2019-11-07 15:00:00,0.010685770413694876
2019-11-07 16:00:00,0.013785622093024337
2019-11-07 17:00:00,0.006989970664416917
2019-11-07 18:00:00,0.00553831971305533
2019-11-07 19:00:00,0.005399524784173524
2019-11-07 20:00:00,0.013377808997437677
2019-11-07 21:00:00,0.007936650417623944
2019-11-07 22:00:00,0.012901178895366953
2019-11-07 23:00:00,0.010070482521088345
2019-11-08 00:00:00,0.003376433310812258
2019-11-08 01:00:00,0.008625582638698967
2019-11-08 02:00:00,0.006518662275988862
2019-11-08 03:00:00,0.006748913473908367
2019-11-08 04:00:00,0.006841706144814509
2019-11-08 05:00:00,0.006916506908573024
2019-11-08 06:00:00,0.0069863654936906635
2019-11-08 07:00:00,0.007492230518925236
2019-11-08 08:00:00,0.006542337802337088
2019-11-08 09:00:00,0.010071303229626209
2019-11-08 10:00:00,0.00685376257907048
2019-11-08 11:00:00,0.006146649276888595
2019-11-08 12:00:00,0.0034556342031170834
2019-11-08 13:00:00,0.005697310997866186
2019-11-08 14:00:00,0.0032690355518625856
2019-11-08 15:00:00,0.0038668484388751554
2019-11-08 16:00:00,0.004719811879360484
2019-11-08 17:00:00,0.001906640737931662
2019-11-08 18:00:00,0.004161778987638206
2019-11-08 19:00:00,0.004845558982050723
2019-11-08 20:00:00,0.0036595863699103487
2019-11-08 21:00:00,0.008503657978316455
2019-11-08 22:00:00,0.004595919409225142
2019-11-08 23:00:00,0.015551189469147571
2019-11-09 00:00:00,0.014276271075790721
2019-11-09 01:00:00,0.00902642501169349
2019-11-09 02:00:00,0.0012287334063062832
2019-11-09 03:00:00,0.002950281045415267
2019-11-09 04:00:00,0.005221789852462641
2019-11-09 05:00:00,0.0032485319803708303
2019-11-09 06:00:00,0.009180572632606796
2019-11-09 07:00:00,0.007216154843102995
2019-11-09 08:00:00,0.008634098375537674
2019-11-09 09:00:00,0.006902392551778377
2019-11-09 10:00:00,0.010019288837461702
2019-11-09 11:00:00,0.007331226758688835
2019-11-09 12:00:00,0.005913164218695574
2019-11-09 13:00:00,0.007776861003637853
2019-11-09 14:00:00,0.00944115611767127
2019-11-09 15:00:00,0.004658292711700795
2019-11-09 16:00:00,0.014382645987868085
2019-11-09 17:00:00,0.009856699000452475
2019-11-09 18:00:00,0.01467681106726329
2019-11-09 19:00:00,0.006217763352666757
2019-11-09 20:00:00,0.011486343184110112
2019-11-09 21:00:00,0.017541105148120396
2019-11-09 22:00:00,0.0044118718942118326
2019-11-09 23:00:00,0.016596320521596927
2019-11-10 00:00:00,0.009566304739573636
2019-11-10 01:00:00,0.012740876765532727
2019-11-10 02:00:00,0.010252739819723453
2019-11-10 03:00:00,0.02772575536759307
2019-11-10 04:00:00,0.0042056455576481985
2019-11-10 05:00:00,0.0033758901772650693
2019-11-10 06:00:00,0.005618574864654503
2019-11-10 07:00:00,0.0036833164947278735
2019-11-10 08:00:00,0.0059786922305883556
2019-11-10 09:00:00,0.004245234003050683
2019-11-10 10:00:00,0.004023622453873587
2019-11-10 11:00:00,0.006112760705354604
2019-11-10 12:00:00,0.0054456234116097265
2019-11-10 13:00:00,0.005324859214243076
2019-11-10 14:00:00,0.0020443283855205545
2019-11-10 15:00:00,0.006053592013762869
2019-11-10 16:00:00,0.004088445662421603
2019-11-10 17:00:00,0.008877209016245651
2019-11-10 18:00:00,0.007467511269128436
2019-11-10 19:00:00,0.003293826486105523
2019-11-10 20:00:00,0.006966971058142685
2019-11-10 21:00:00,0.006177002832311919
2019-11-10 22:00:00,0.00792235857333562
2019-11-10 23:00:00,0.0077660713016397594
2019-11-11 00:00:00,0.006187103025819245
2019-11-11 01:00:00,0.0061963025937862935
2019-11-11 02:00:00,0.002216118956020878
2019-11-11 03:00:00,0.0019042206504510273
2019-11-11 04:00:00,0.0009793029095641723
2019-11-11 05:00:00,0.004354024833902411
2019-11-11 06:00:00,0.01087009564585539
2019-11-11 07:00:00,0.007399703613315464
2019-11-11 08:00:00,0.004906325644372426
2019-11-11 09:00:00,0.0024538852080781483
2019-11-11 10:00:00,0.004712480841669434
2019-11-11 11:00:00,0.004316626622290308
2019-11-11 12:00:00,0.004483795923359103
2019-11-11 13:00:00,0.0025869706233594527
2019-11-11 14:00:00,0.00394785387669517
2019-11-11 15:00:00,0.007230764686837166
2019-11-11 16:00:00,0.003536931615993623
2019-11-11 17:00:00,0.005702324717542554
2019-11-11 18:00:00,0.005198403431781346
2019-11-11 19:00:00,0.006040373512060781
2019-11-11 20:00:00,0.008779387636264124
2019-11-11 21:00:00,0.0029830579610931477
2019-11-11 22:00:00,0.008384350643867257
2019-11-11 23:00:00,0.005706991704028824
2019-11-12 00:00:00,0.009133471531278973
2019-11-12 01:00:00,0.006735681716730091
2019-11-12 02:00:00,0.008586904228376872
2019-11-12 03:00:00,0.00507632522564454
2019-11-12 04:00:00,0.008134786930085038
2019-11-12 05:00:00,0.009769654373724027
2019-11-12 06:00:00,0.0033061735484357585
2019-11-12 07:00:00,0.014506037199841757
2019-11-12 08:00:00,0.00783988593384931
2019-11-12 09:00:00,0.007378617029710752
2019-11-12 10:00:00,0.004768984057084043
2019-11-12 11:00:00,0.002589183733791548
2019-11-12 12:00:00,0.004953243725979998
2019-11-12 13:00:00,0.006205247357678049
2019-11-12 14:00:00,0.009173095485017643
2019-11-12 15:00:00,0.0028435164577414332
2019-11-12 16:00:00,0.004539147928854376
2019-11-12 17:00:00,0.004119079990715704
2019-11-12 18:00:00,0.019232835704906515
2019-11-12 19:00:00,0.01008393496243778
2019-11-12 20:00:00,0.0016181822503081296
2019-11-12 21:00:00,0.005340671928227561
2019-11-12 22:00:00,0.005749992563062481
2019-11-12 23:00:00,0.003758809927060227
2019-11-13 00:00:00,0.0037166629478211665
2019-11-13 01:00:00,0.0036696876382473235
2019-11-13 02:00:00,0.0036454179487044784
2019-11-13 03:00:00,0.0036455586613389304
2019-11-13 04:00:00,0.004737581672050567
2019-11-13 05:00:00,0.01765366879656738
2019-11-13 06:00:00,0.013729292507070579
2019-11-13 07:00:00,0.0039483110337273355
2019-11-13 08:00:00,0.00424328223914197
2019-11-13 09:00:00,0.009448993583615476
2019-11-13 10:00:00,0.005705587609366305
2019-11-13 11:00:00,0.002510486818397516
2019-11-13 12:00:00,0.006474198119830635
2019-11-13 13:00:00,0.005255381880906369
2019-11-13 14:00:00,0.007862118892272773
2019-11-13 15:00:00,0.007196781522774674
2019-11-13 16:00:00,0.007266639996521961
2019-11-13 17:00:00,0.005216241574821339
2019-11-13 18:00:00,0.004857260993220921
2019-11-13 19:00:00,0.011592347547214514
2019-11-13 20:00:00,0.005244304216896466
2019-11-13 21:00:00,0.006311633740519744
2019-11-13 22:00:00,0.015287894206905964
2019-11-13 23:00:00,0.010719006564398769
2019-11-14 00:00:00,0.00897720738688503
2019-11-14 01:00:00,0.007637743646690202
2019-11-14 02:00:00,0.005495260751900931
2019-11-14 03:00:00,0.008622756050900668
2019-11-14 04:00:00,0.006412755211381022
2019-11-14 05:00:00,0.003997813211995498
2019-11-14 06:00:00,0.006783210147801827
2019-11-14 07:00:00,0.00325737801051552
2019-11-14 08:00:00,0.008551079033294757
2019-11-14 09:00:00,0.00606547481743762
2019-11-14 10:00:00,0.004175625618534549
2019-11-14 11:00:00,0.007090561494475976
2019-11-14 12:00:00,0.005079933110177365
2019-11-14 13:00:00,0.002417836985092691
2019-11-14 14:00:00,0.005795474069661387
2019-11-14 15:00:00,0.006893754701905828
2019-11-14 16:00:00,0.0052587381432632
2019-11-14 17:00:00,0.003571419360893359
2019-11-14 18:00:00,0.003393277601976191
2019-11-14 19:00:00,0.013930346787284416
2019-11-14 20:00:00,0.010329386800132304
2019-11-14 21:00:00,0.005256556771557664
2019-11-14 22:00:00,0.009968151717605917
2019-11-14 23:00:00,0.009750005255448991
2019-11-15 00:00:00,0.0027323195956835407
2019-11-15 01:00:00,0.002089220078277711
2019-11-15 02:00:00,0.00571469283881332
2019-11-15 03:00:00,0.003075482893055406
2019-11-15 04:00:00,0.00836032470426335
2019-11-15 05:00:00,0.0023637312274576174
2019-11-15 06:00:00,0.020381160979653517
2019-11-15 07:00:00,0.000886260572607699
2019-11-15 08:00:00,0.005595887017162118
2019-11-15 09:00:00,0.004972309969992063
2019-11-15 10:00:00,0.00517148015602674
2019-11-15 11:00:00,0.009046671239858455
2019-11-15 12:00:00,0.0072350907868148455
2019-11-15 13:00:00,0.005545986695837281
2019-11-15 14:00:00,0.0024286230305869856
2019-11-15 15:00:00,0.008801389670161105
2019-11-15 16:00:00,0.006101708211067979
2019-11-15 17:00:00,0.0043730460548091175
2019-11-15 18:00:00,0.004212857758931973
2019-11-15 19:00:00,0.009876874170756346
2019-11-15 20:00:00,0.006286315655960709
2019-11-15 21:00:00,0.01690426384813911
2019-11-15 22:00:00,0.002140771757770349
2019-11-15 23:00:00,0.0034420036153923026
2019-11-16 00:00:00,0.006488082066644608
2019-11-16 01:00:00,0.00397310156354507
2019-11-16 02:00:00,0.0029931089332043788
2019-11-16 03:00:00,0.008279377529547704
2019-11-16 04:00:00,0.00989319740200817
2019-11-16 05:00:00,0.009757127151610609
2019-11-16 06:00:00,0.004479657705600911
2019-11-16 07:00:00,0.0015309794579935613
2019-11-16 08:00:00,0.00418965072265283
2019-11-16 09:00:00,0.007184105790710251
2019-11-16 10:00:00,0.010492097571449876
2019-11-16 11:00:00,0.005907364950159922
2019-11-16 12:00:00,0.008481383997260122
2019-11-16 13:00:00,0.0035039628776506655
2019-11-16 14:00:00,0.0037405318257068988
2019-11-16 15:00:00,0.005391624891639002
2019-11-16 16:00:00,0.028071374027642752
2019-11-16 17:00:00,0.006708481095836989
2019-11-16 18:00:00,0.009643563512188967
2019-11-16 19:00:00,0.006943362401611728
2019-11-16 20:00:00,0.003997536240636335
2019-11-16 21:00:00,0.010069499427969806
2019-11-16 22:00:00,0.007153488214175527
2019-11-16 23:00:00,0.0026104693060514193
2019-11-17 00:00:00,0.0029368283443761364
2019-11-17 01:00:00,0.009904184730363478
2019-11-17 02:00:00,0.0036914241396624704
2019-11-17 03:00:00,0.002547517916388346
2019-11-17 04:00:00,0.00496757618469979
2019-11-17 05:00:00,0.008338241208887431
2019-11-17 06:00:00,0.015184885641257218
2019-11-17 07:00:00,0.017424735661869056
2019-11-17 08:00:00,0.004732117537536637
2019-11-17 09:00:00,0.00220281524337258
2019-11-17 10:00:00,0.00484733101482054
2019-11-17 11:00:00,0.0033860676200294514
2019-11-17 12:00:00,0.00543440393654768
2019-11-17 13:00:00,0.010158327714050551
2019-11-17 14:00:00,0.004293512291156376
2019-11-17 15:00:00,0.006178667942408463
2019-11-17 16:00:00,0.007300500606843984
2019-11-17 17:00:00,0.013231115031973665
2019-11-17 18:00:00,0.001919836513551973
2019-11-17 19:00:00,0.0077236747164807365
2019-11-17 20:00:00,0.005380190825931712
2019-11-17 21:00:00,0.005712744528299723
2019-11-17 22:00:00,0.005870547594550145
2019-11-17 23:00:00,0.006001899595267176
2019-11-18 00:00:00,0.006123594309530391
2019-11-18 01:00:00,0.005357572551431201
2019-11-18 02:00:00,0.001313612935489592
2019-11-18 03:00:00,0.009919995223691145
2019-11-18 04:00:00,0.006088008086933358
2019-11-18 05:00:00,0.00841289474417765
2019-11-18 06:00:00,0.0095417723070529
2019-11-18 07:00:00,0.016911842421659076
2019-11-18 08:00:00,0.023818308249537578
2019-11-18 09:00:00,0.0038624640394034943
2019-11-18 10:00:00,0.0033913971408157614
2019-11-18 11:00:00,0.00653985027109695
2019-11-18 12:00:00,0.0033382541273767993
2019-11-18 13:00:00,0.008814840212866893
2019-11-18 14:00:00,0.008137436592329978
2019-11-18 15:00:00,0.002265249184295852
2019-11-18 16:00:00,0.004883237441920343
2019-11-18 17:00:00,0.005544886359543537
2019-11-18 18:00:00,0.002925740086212577
2019-11-18 19:00:00,0.003776155309142012
2019-11-18 20:00:00,0.006644486394745489
2019-11-18 21:00:00,0.020946844054361497
2019-11-18 22:00:00,0.005623667464561956
2019-11-18 23:00:00,0.00262669514446373
2019-11-19 00:00:00,0.008367825163479403
2019-11-19 01:00:00,0.00822995925179911
2019-11-19 02:00:00,0.005279837475010303
2019-11-19 03:00:00,0.004532038713819663
2019-11-19 04:00:00,0.01559836290463891
2019-11-19 05:00:00,0.0033864332561581653
2019-11-19 06:00:00,0.016387981472355248
2019-11-19 07:00:00,0.008088710601290888
2019-11-19 08:00:00,0.008643586406311781
2019-11-19 09:00:00,0.000948291838790909
2019-11-19 10:00:00,0.009011000485240494
2019-11-19 11:00:00,0.003743090983516759
2019-11-19 12:00:00,0.0032617391888457303
2019-11-19 13:00:00,0.01047849209521745
2019-11-19 14:00:00,0.004056542518183668
2019-11-19 15:00:00,0.016226477689710188
2019-11-19 16:00:00,0.023773730090965176
2019-11-19 17:00:00,0.008694706302678634
2019-11-19 18:00:00,0.00443581640716768
2019-11-19 19:00:00,0.010961709088968407
2019-11-19 20:00:00,0.012444836949889408
2019-11-19 21:00:00,0.007132456659589192
2019-11-19 22:00:00,0.006030570413514306
2019-11-19 23:00:00,0.0063996576602420325
2019-11-20 00:00:00,0.010799044393341374
2019-11-20 01:00:00,0.010981509051241494
2019-11-20 02:00:00,0.017205171106896937
2019-11-20 03:00:00,0.004796087884321908
2019-11-20 04:00:00,0.018562746278673405
2019-11-20 05:00:00,0.0065947260000177544
2019-11-20 06:00:00,0.007894939579104898
2019-11-20 07:00:00,0.007990306508766924
2019-11-20 08:00:00,0.009826632162391638
2019-11-20 09:00:00,0.014011520847248037
2019-11-20 10:00:00,0.005411522833831709
2019-11-20 11:00:00,0.004313132803483816
2019-11-20 12:00:00,0.0032932649528951423
2019-11-20 13:00:00,0.004928995664180934
2019-11-20 14:00:00,0.011722600059664178
2019-11-20 15:00:00,0.01308060360076304
2019-11-20 16:00:00,0.009429699374496696
2019-11-20 17:00:00,0.0023584555660028394
2019-11-20 18:00:00,0.005501471625350779
2019-11-20 19:00:00,0.004048055289842267
2019-11-20 20:00:00,0.0172191280567763
2019-11-20 21:00:00,0.010142899563616716
2019-11-20 22:00:00,0.005099333740048249
2019-11-20 23:00:00,0.015357344286998309
2019-11-21 00:00:00,0.018029509057315866
2019-11-21 01:00:00,0.012340427985852446
2019-11-21 02:00:00,0.007001943847288211
2019-11-21 03:00:00,0.007500597185633024
2019-11-21 04:00:00,0.004227339233226325
2019-11-21 05:00:00,0.004402877273863521
2019-11-21 06:00:00,0.016342917030978496
2019-11-21 07:00:00,0.012963340881327032
2019-11-21 08:00:00,0.007440124412039317
2019-11-21 09:00:00,0.002127551359640908
2019-11-21 10:00:00,0.002412196456942783
2019-11-21 11:00:00,0.010246758553600807
2019-11-21 12:00:00,0.008055198198020062
2019-11-21 13:00:00,0.004401270014603303
2019-11-21 14:00:00,0.006876515196432471
2019-11-21 15:00:00,0.007793201277220303
2019-11-21 16:00:00,0.006958216752763671
2019-11-21 17:00:00,0.0054265784207464425
2019-11-21 18:00:00,0.015349022278530326
2019-11-21 19:00:00,0.003563906538012113
2019-11-21 20:00:00,0.003361829348767904
2019-11-21 21:00:00,0.007880544857685634
2019-11-21 22:00:00,0.011927710762749948
2019-11-21 23:00:00,0.010720069720331559
2019-11-22 00:00:00,0.0043012666799829855
2019-11-22 01:00:00,0.00917964302117083
2019-11-22 02:00:00,0.011166261630520815
2019-11-22 03:00:00,0.007709800837018737
2019-11-22 04:00:00,0.00427416322483362
2019-11-22 05:00:00,0.012675467471462361
2019-11-22 06:00:00,0.016554171263416944
2019-11-22 07:00:00,0.006829284569794734
2019-11-22 08:00:00,0.015907416195093216
2019-11-22 09:00:00,0.015468055798088113
2019-11-22 10:00:00,0.005496244660711931
2019-11-22 11:00:00,0.005858751756866762
2019-11-22 12:00:00,0.01233253881409907
2019-11-22 13:00:00,0.002743176375191451
2019-11-22 14:00:00,0.007128497201591904
2019-11-22 15:00:00,0.016659500716155885
2019-11-22 16:00:00,0.005253194067868301
2019-11-22 17:00:00,0.007709516039111763
2019-11-22 18:00:00,0.008030394062235378
2019-11-22 19:00:00,0.008171877715676732
2019-11-22 20:00:00,0.008284801082032181
2019-11-22 21:00:00,0.008386629144935043
2019-11-22 22:00:00,0.004040365811358017
2019-11-22 23:00:00,0.013193572616369758
2019-11-23 00:00:00,0.001190825996608229
2019-11-23 01:00:00,0.008470748809485484
2019-11-23 02:00:00,0.007914768168090001
2019-11-23 03:00:00,0.009535475027863834
2019-11-23 04:00:00,0.002829817435396134
2019-11-23 05:00:00,0.0026461926599195594
2019-11-23 06:00:00,0.004152244808148949
2019-11-23 07:00:00,0.0021457157963682446
2019-11-23 08:00:00,0.017475376245814175
2019-11-23 09:00:00,0.007103791200324587
2019-11-23 10:00:00,0.00662229206484484
2019-11-23 11:00:00,0.021524937450348624
2019-11-23 12:00:00,0.004812303028804798
2019-11-23 13:00:00,0.0030050223252220875
2019-11-23 14:00:00,0.005714955549357825
2019-11-23 15:00:00,0.030079187379152484
2019-11-23 16:00:00,0.010259254293735486
2019-11-23 17:00:00,0.010438308197419196
2019-11-23 18:00:00,0.004709524090904129
2019-11-23 19:00:00,0.0119391617241124
2019-11-23 20:00:00,0.005993397609519515
2019-11-23 21:00:00,0.011549160935069186
2019-11-23 22:00:00,0.009151976737345
2019-11-23 23:00:00,0.019713896272640356
2019-11-24 00:00:00,0.004998129663301946
2019-11-24 01:00:00,0.00541806789631991
2019-11-24 02:00:00,0.0022470914383359666
2019-11-24 03:00:00,0.0046644853373587
2019-11-24 04:00:00,0.005257472898216971
2019-11-24 05:00:00,0.006065956773220103
2019-11-24 06:00:00,0.00979750110811854
2019-11-24 07:00:00,0.0030729994343170995
2019-11-24 08:00:00,0.008788644575466588
2019-11-24 09:00:00,0.005683093994714578
2019-11-24 10:00:00,0.009730087498672957
2019-11-24 11:00:00,0.020771128710835498
2019-11-24 12:00:00,0.004538259574176415
2019-11-24 13:00:00,0.006310908923180839
2019-11-24 14:00:00,0.002535806997993424
2019-11-24 15:00:00,0.010464435817844073
2019-11-24 16:00:00,0.007435988381834651
2019-11-24 17:00:00,0.00488662136773545
2019-11-24 18:00:00,0.004549377213791477
2019-11-24 19:00:00,0.0020855129332816805
2019-11-24 20:00:00,0.004288820489850204
2019-11-24 21:00:00,0.0024432709710449914
2019-11-24 22:00:00,0.001472414429196586
2019-11-24 23:00:00,0.0026277389687191775
2019-11-25 00:00:00,0.004192012418897856
2019-11-25 01:00:00,0.003714862150886235
2019-11-25 02:00:00,0.006552612141874964
2019-11-25 03:00:00,0.007911077935143198
2019-11-25 04:00:00,0.0080697699588593
2019-11-25 05:00:00,0.002115978264632555
2019-11-25 06:00:00,0.0008639703622279249
2019-11-25 07:00:00,0.009557869572674642
2019-11-25 08:00:00,0.00789444257457732
2019-11-25 09:00:00,0.003072110378974925
2019-11-25 10:00:00,0.019511979005176462
2019-11-25 11:00:00,0.006220854551032695
2019-11-25 12:00:00,0.004482122441047452
2019-11-25 13:00:00,0.010350989685310263
2019-11-25 14:00:00,0.008648835924964132
2019-11-25 15:00:00,0.006370504592414735
2019-11-25 16:00:00,0.009651507610923678
2019-11-25 17:00:00,0.006443295890546312
2019-11-25 18:00:00,0.0038307058526949114
2019-11-25 19:00:00,0.005461557583232101
2019-11-25 20:00:00,0.010927848519592125
2019-11-25 21:00:00,0.006300839433246943
2019-11-25 22:00:00,0.0019500893418434217
2019-11-25 23:00:00,0.004630474718890794
2019-11-26 00:00:00,0.0072454655476820035
2019-11-26 01:00:00,0.008118114352832509
2019-11-26 02:00:00,0.005180763614455118
2019-11-26 03:00:00,0.018080887326436135
2019-11-26 04:00:00,0.016946536756222808
2019-11-26 05:00:00,0.007863291569271876
2019-11-26 06:00:00,0.007481142554543926
2019-11-26 07:00:00,0.005934300109379259
2019-11-26 08:00:00,0.003946010212331081
2019-11-26 09:00:00,0.011540753424633062
2019-11-26 10:00:00,0.01049791622667414
2019-11-26 11:00:00,0.005538160088847887
2019-11-26 12:00:00,0.009916917351418995
2019-11-26 13:00:00,0.00945593845377269
2019-11-26 14:00:00,0.0017832676416754546
2019-11-26 15:00:00,0.005211831907287771
2019-11-26 16:00:00,0.008630862568753193
2019-11-26 17:00:00,0.004605477671669796
2019-11-26 18:00:00,0.005115724218875548
2019-11-26 19:00:00,0.014321427261989492
2019-11-26 20:00:00,0.00321400688501291
2019-11-26 21:00:00,0.001697572699266338
2019-11-26 22:00:00,0.007312663281459484
2019-11-26 23:00:00,0.00363766322755847
2019-11-27 00:00:00,0.0024115768196124013
2019-11-27 01:00:00,0.008104599331825968
2019-11-27 02:00:00,0.00991602491692836
2019-11-27 03:00:00,0.02174527801904847
2019-11-27 04:00:00,0.004218276552557324
2019-11-27 05:00:00,0.025708144430462886
2019-11-27 06:00:00,0.016182801717123156
2019-11-27 07:00:00,0.009404826554128812
2019-11-27 08:00:00,0.002480219283273601
2019-11-27 09:00:00,0.00771970149489975
2019-11-27 10:00:00,0.008083466338110589
2019-11-27 11:00:00,0.014528418916654256
2019-11-27 12:00:00,0.007445247075151564
2019-11-27 13:00:00,0.01365501845987115
2019-11-27 14:00:00,0.007474901973280159
2019-11-27 15:00:00,0.007819507385220144
2019-11-27 16:00:00,0.007986763678236973
2019-11-27 17:00:00,0.008124097127248714
2019-11-27 18:00:00,0.00824889826521803
2019-11-27 19:00:00,0.004764888052062472
2019-11-27 20:00:00,0.0133371519063778
2019-11-27 21:00:00,0.0005038868838755259
2019-11-27 22:00:00,0.009029047468139909
2019-11-27 23:00:00,0.012129949348462324
2019-11-28 00:00:00,0.009950039236372436
2019-11-28 01:00:00,0.0014324850270465994
2019-11-28 02:00:00,0.007592889725635233
2019-11-28 03:00:00,0.0006145652611422581
2019-11-28 04:00:00,0.008165708996685006
2019-11-28 05:00:00,0.011642155290296165
2019-11-28 06:00:00,0.004696370336292315
2019-11-28 07:00:00,0.016582998322944017
2019-11-28 08:00:00,0.006509584878059436
2019-11-28 09:00:00,0.0060686788967006244
2019-11-28 10:00:00,0.004439730598809576
2019-11-28 11:00:00,0.005266954875625606
2019-11-28 12:00:00,0.015621479769448552
2019-11-28 13:00:00,0.00507072609497456
2019-11-28 14:00:00,0.004785309499458376
2019-11-28 15:00:00,0.00710989436353826
2019-11-28 16:00:00,0.004284901935777694
2019-11-28 17:00:00,0.007299728754076331
2019-11-28 18:00:00,0.004270718733826476
2019-11-28 19:00:00,0.010157124080400277
2019-11-28 20:00:00,0.005362431524125225
2019-11-28 21:00:00,0.0047173741919637295
2019-11-28 22:00:00,0.010624568979394147
2019-11-28 23:00:00,0.004233197887005501
2019-11-29 00:00:00,0.003907963811668487
2019-11-29 01:00:00,0.004544300236271946
2019-11-29 02:00:00,0.0018409142737455014
2019-11-29 03:00:00,0.0029652255723393497
2019-11-29 04:00:00,0.005956794071234491
2019-11-29 05:00:00,0.00463246906429693
2019-11-29 06:00:00,0.008367846619377827
2019-11-29 07:00:00,0.01084570892052511
2019-11-29 08:00:00,0.010202417084545619
2019-11-29 09:00:00,0.005939692070377331
2019-11-29 10:00:00,0.00844924699491471
2019-11-29 11:00:00,0.0009637070112195209
2019-11-29 12:00:00,0.007677408360793561
2019-11-29 13:00:00,0.00488675567691483
2019-11-29 14:00:00,0.004473970561057961
2019-11-29 15:00:00,0.01330238475372172
2019-11-29 16:00:00,0.0037224470950557773
2019-11-29 17:00:00,0.0025112165597594694
2019-11-29 18:00:00,0.007551817036854305
2019-11-29 19:00:00,0.01055886976797816
2019-11-29 20:00:00,0.005451301572972469
2019-11-29 21:00:00,0.005137319004685896
2019-11-29 22:00:00,0.010523816292858954
2019-11-29 23:00:00,0.00927313207152654
2019-11-30 00:00:00,0.010138403383267712
2019-11-30 01:00:00,0.010239215957219786
2019-11-30 02:00:00,0.007034494060597377
2019-11-30 03:00:00,0.005572147167822609
2019-11-30 04:00:00,0.0036004989799943705
2019-11-30 05:00:00,0.01308862342732384
2019-11-30 06:00:00,0.004886830370889041
2019-11-30 07:00:00,0.010876341873104694
2019-11-30 08:00:00,0.008805575111098179
2019-11-30 09:00:00,0.002741452838128902
2019-11-30 10:00:00,0.004026472206295324
2019-11-30 11:00:00,0.0017030550107297367
2019-11-30 12:00:00,0.007922400989611443
2019-11-30 13:00:00,0.004655427367930096
2019-11-30 14:00:00,0.007869989324350393
2019-11-30 15:00:00,0.017796689903373308
2019-11-30 16:00:00,0.007063829133198023
2019-11-30 17:00:00,0.005670584003691753
2019-11-30 18:00:00,0.002392879968485921
2019-11-30 19:00:00,0.0051942695915680355
2019-11-30 20:00:00,0.00732851751406315
2019-11-30 21:00:00,0.0009666370511995077
2019-11-30 22:00:00,0.001558856538840921
2019-11-30 23:00:00,0.0031852139804335647
2019-12-01 00:00:00,0.018734834159149484
2019-12-01 01:00:00,0.004764250712458034
2019-12-01 02:00:00,0.007819319259653236
2019-12-01 03:00:00,0.008955719540046982
2019-12-01 04:00:00,0.004971545957861331
2019-12-01 05:00:00,0.0035313696447730083
2019-12-01 06:00:00,0.006828402887526802
2019-12-01 07:00:00,0.0013911893068137835
2019-12-01 08:00:00,0.0034853805741520655
2019-12-01 09:00:00,0.006152182405538685
2019-12-01 10:00:00,0.008406015289029426
2019-12-01 11:00:00,0.010259931041618122
2019-12-01 12:00:00,0.0017924535837824092
2019-12-01 13:00:00,0.004714973178356388
2019-12-01 14:00:00,0.007868292271950662
2019-12-01 15:00:00,0.015828391631620323
2019-12-01 16:00:00,0.019632930225883288
2019-12-01 17:00:00,0.002232509958043777
2019-12-01 18:00:00,0.0036779451357278198
2019-12-01 19:00:00,0.0026611842720159645
2019-12-01 20:00:00,0.00941911807855294
2019-12-01 21:00:00,0.010344405683480409
2019-12-01 22:00:00,0.0024223310396022067
2019-12-01 23:00:00,0.014756761760498519
2019-12-02 00:00:00,0.00574138292999874
2019-12-02 01:00:00,0.039783217030499904
2019-12-02 02:00:00,0.01365173727975461
2019-12-02 03:00:00,0.007625869185648725
2019-12-02 04:00:00,0.011076482073320385
2019-12-02 05:00:00,0.004151178168565363
2019-12-02 06:00:00,0.019627320152981492
2019-12-02 07:00:00,0.020608513333438612
2019-12-02 08:00:00,0.007189544581857634
2019-12-02 09:00:00,0.0034182509263057242
2019-12-02 10:00:00,0.005619895150426735
2019-12-02 11:00:00,0.008314014182820389
2019-12-02 12:00:00,0.008584964090046386
2019-12-02 13:00:00,0.00872352318390996
2019-12-02 14:00:00,0.008839218168498543
2019-12-02 15:00:00,0.008945078307898311
2019-12-02 16:00:00,0.009295257163961653
2019-12-02 17:00:00,0.0031592544055239254
2019-12-02 18:00:00,0.0033412959286881136
2019-12-02 19:00:00,0.009241094462156818
2019-12-02 20:00:00,0.007462258739338317
2019-12-02 21:00:00,0.005698681032504462
2019-12-02 22:00:00,0.004390572053402163
2019-12-02 23:00:00,0.005898554661319879
2019-12-03 00:00:00,0.02357711810027342
2019-12-03 01:00:00,0.021449013943136495
2019-12-03 02:00:00,0.004560509045328711
2019-12-03 03:00:00,0.008361175766114223
2019-12-03 04:00:00,0.007831788364510584
2019-12-03 05:00:00,0.002608654285648132
2019-12-03 06:00:00,0.009458299086003215
2019-12-03 07:00:00,0.008394529962767351
2019-12-03 08:00:00,0.02002674333544152
2019-12-03 09:00:00,0.003161701906732012
2019-12-03 10:00:00,0.006822326461812853
2019-12-03 11:00:00,0.008042490911816393
2019-12-03 12:00:00,0.008107031137799299
2019-12-03 13:00:00,0.004287417395237174
2019-12-03 14:00:00,0.012889701592063414
2019-12-03 15:00:00,0.005539623897860593
2019-12-03 16:00:00,0.0018169792180610005
2019-12-03 17:00:00,0.009514636317875502
2019-12-03 18:00:00,0.013043610599893753
2019-12-03 19:00:00,0.0026309296189857326
2019-12-03 20:00:00,0.005579814185582826
2019-12-03 21:00:00,0.004669877516264376
2019-12-03 22:00:00,0.020435353163506063
2019-12-03 23:00:00,0.008214130419872501
2019-12-04 00:00:00,0.006237161374551823
2019-12-04 01:00:00,0.015867731664830572
2019-12-04 02:00:00,0.025782275972408522
2019-12-04 03:00:00,0.008455556856786544
2019-12-04 04:00:00,0.008515076135247894
2019-12-04 05:00:00,0.003941748867463462
2019-12-04 06:00:00,0.00520986033478993
2019-12-04 07:00:00,0.0068178118958829486
2019-12-04 08:00:00,0.0056417185002605634
2019-12-04 09:00:00,0.008978044079173493
2019-12-04 10:00:00,0.0040067694967154555
2019-12-04 11:00:00,0.016253761457456634
2019-12-04 12:00:00,0.005015748997054975
2019-12-04 13:00:00,0.0058309384426418935
2019-12-04 14:00:00,0.008826983001361043
2019-12-04 15:00:00,0.01943758997358921
2019-12-04 16:00:00,0.004514081214975074
2019-12-04 17:00:00,0.008483538186816561
2019-12-04 18:00:00,0.009071372018665085
2019-12-04 19:00:00,0.012613880206138824
2019-12-04 20:00:00,0.013798637988819263
2019-12-04 21:00:00,0.008087261459896
2019-12-04 22:00:00,0.008261805658864198
2019-12-04 23:00:00,0.007817518144407686
2019-12-05 00:00:00,0.02120639458907743
2019-12-05 01:00:00,0.007434721981944329
2019-12-05 02:00:00,0.012772546584131
2019-12-05 03:00:00,0.017557547531421375
2019-12-05 04:00:00,0.00442077463474972
2019-12-05 05:00:00,0.0068774306113439316
2019-12-05 06:00:00,0.003880909320085141
2019-12-05 07:00:00,0.0050613959787347805
2019-12-05 08:00:00,0.0029790562441385907
2019-12-05 09:00:00,0.01358516336094447
2019-12-05 10:00:00,0.0076017294758169264
2019-12-05 11:00:00,0.004182783131676093
2019-12-05 12:00:00,0.0036673640567847243
2019-12-05 13:00:00,0.009036946152561042
2019-12-05 14:00:00,0.014889132007635204
2019-12-05 15:00:00,0.01029285435565874
2019-12-05 16:00:00,0.008732637971449218
2019-12-05 17:00:00,0.006608740995691206
2019-12-05 18:00:00,0.012037295858630656
2019-12-05 19:00:00,0.003721658440190431
2019-12-05 20:00:00,0.008650455251996567
2019-12-05 21:00:00,0.009754871254815129
2019-12-05 22:00:00,0.008352728178913004
2019-12-05 23:00:00,0.007161841768296975
2019-12-06 00:00:00,0.0024378648851939907
2019-12-06 01:00:00,0.012618076291527313
2019-12-06 02:00:00,0.01084106452476639
2019-12-06 03:00:00,0.00866622161451094
2019-12-06 04:00:00,0.00518908336411961
2019-12-06 05:00:00,0.009899982925597467
2019-12-06 06:00:00,0.005010094317987759
2019-12-06 07:00:00,0.009280529043231633
2019-12-06 08:00:00,0.005327111283187614
2019-12-06 09:00:00,0.004434634046450694
2019-12-06 10:00:00,0.006115507047476422
2019-12-06 11:00:00,0.014397986131439973
2019-12-06 12:00:00,0.0019914947154286685
2019-12-06 13:00:00,0.0061973015612391364
2019-12-06 14:00:00,0.003131313543827438
2019-12-06 15:00:00,0.005032603623348645
2019-12-06 16:00:00,0.00948055068611997
2019-12-06 17:00:00,0.003447517663885912
2019-12-06 18:00:00,0.009375928447179365
2019-12-06 19:00:00,0.006179394835512845
2019-12-06 20:00:00,0.0026532152034792066
2019-12-06 21:00:00,0.021411313664465755
2019-12-06 22:00:00,0.0035532228393223954
2019-12-06 23:00:00,0.011824286761432627
2019-12-07 00:00:00,0.004413101676871922
2019-12-07 01:00:00,0.004856060394419704
2019-12-07 02:00:00,0.008453437669008291
2019-12-07 03:00:00,0.008684911367189569
2019-12-07 04:00:00,0.006722598560526403
2019-12-07 05:00:00,0.00534178387962913
2019-12-07 06:00:00,0.007873503613601564
2019-12-07 07:00:00,0.005165993227688964
2019-12-07 08:00:00,0.005388906362621236
2019-12-07 09:00:00,0.005724435974496814
2019-12-07 10:00:00,0.005919125538717225
2019-12-07 11:00:00,0.006092721112548506
2019-12-07 12:00:00,0.006258830509281066
2019-12-07 13:00:00,0.010154523550026181
2019-12-07 14:00:00,0.005506540453663752
2019-12-07 15:00:00,0.020596349574268216
2019-12-07 16:00:00,0.005345751173458705
2019-12-07 17:00:00,0.02938023959674604
2019-12-07 18:00:00,0.002958734672889387
2019-12-07 19:00:00,0.020731018395698582
2019-12-07 20:00:00,0.008723273166563534
2019-12-07 21:00:00,0.020889117515943512
2019-12-07 22:00:00,0.004334137512764381
2019-12-07 23:00:00,0.003011391888684691
2019-12-08 00:00:00,0.0025219229493222708
2019-12-08 01:00:00,0.0067078342552315635
2019-12-08 02:00:00,0.0055804121479027516
2019-12-08 03:00:00,0.005483601213282326
2019-12-08 04:00:00,0.008301854640139147
2019-12-08 05:00:00,0.012802835616546522
2019-12-08 06:00:00,0.02706581438129629
2019-12-08 07:00:00,0.01000842030275041
2019-12-08 08:00:00,0.011954427670158458
2019-12-08 09:00:00,0.0068225249917950965
2019-12-08 10:00:00,0.00868438616010494
2019-12-08 11:00:00,0.02901785737115233
2019-12-08 12:00:00,0.01385677597201399
2019-12-08 13:00:00,0.003430791282580762
2019-12-08 14:00:00,0.015831043235052498
2019-12-08 15:00:00,0.0056748552091535846
2019-12-08 16:00:00,0.004460024202537527
2019-12-08 17:00:00,0.007346850321515755
2019-12-08 18:00:00,0.008965032174492862
2019-12-08 19:00:00,0.007147130149891358
2019-12-08 20:00:00,0.012303007671101197
2019-12-08 21:00:00,0.0050400568698817936
2019-12-08 22:00:00,0.007668901996963895
2019-12-08 23:00:00,0.013363803205030231
2019-12-09 00:00:00,0.017745129335125155
2019-12-09 01:00:00,0.008196092887755682
2019-12-09 02:00:00,0.010000888749275152
2019-12-09 03:00:00,0.0036848993896865653
2019-12-09 04:00:00,0.014808674333551807
2019-12-09 05:00:00,0.01321867305097982
2019-12-09 06:00:00,0.010801193835415892
2019-12-09 07:00:00,0.006263254522167216
2019-12-09 08:00:00,0.0065836094153577124
2019-12-09 09:00:00,0.006128623943372969
2019-12-09 10:00:00,0.020733475375831673
2019-12-09 11:00:00,0.007936538074786992
2019-12-09 12:00:00,0.0030053974818588696
2019-12-09 13:00:00,0.007362750052718593
2019-12-09 14:00:00,0.006576133146432126
2019-12-09 15:00:00,0.0006289482485781752
2019-12-09 16:00:00,0.007176937777528251
2019-12-09 17:00:00,0.005540823118451541
2019-12-09 18:00:00,0.00419079924943647
2019-12-09 19:00:00,0.004305563434105293
2019-12-09 20:00:00,0.003097927067535686
2019-12-09 21:00:00,0.026565036667074274
2019-12-09 22:00:00,0.009285341406567294
2019-12-09 23:00:00,0.007649887743153485
2019-12-10 00:00:00,0.014138335068068303
2019-12-10 01:00:00,0.002623535302654763
2019-12-10 02:00:00,0.002519979296578777
2019-12-10 03:00:00,0.007561297031972594
2019-12-10 04:00:00,0.013608331146147101
2019-12-10 05:00:00,0.007039768676710402
2019-12-10 06:00:00,0.021977100034370377
2019-12-10 07:00:00,0.010719882685424885
2019-12-10 08:00:00,0.015228463416046905
2019-12-10 09:00:00,0.013639632447935037
2019-12-10 10:00:00,0.004801388942585345
2019-12-10 11:00:00,0.01078724974627959
2019-12-10 12:00:00,0.008025555916080737
2019-12-10 13:00:00,0.021359762379406216
2019-12-10 14:00:00,0.008839325227532807
2019-12-10 15:00:00,0.004588482564712337
2019-12-10 16:00:00,0.0072828189159377535
2019-12-10 17:00:00,0.011065705924954792
2019-12-10 18:00:00,0.014443859207196073
2019-12-10 19:00:00,0.00848416387143522
2019-12-10 20:00:00,0.005036715905739122
2019-12-10 21:00:00,0.00570096985097721
2019-12-10 22:00:00,0.005066253991260381
2019-12-10 23:00:00,0.006978178528640932
2019-12-11 00:00:00,0.004523045996104323
2019-12-11 01:00:00,0.0040054388534788874
2019-12-11 02:00:00,0.007016689848991295
2019-12-11 03:00:00,0.01997384762407007
2019-12-11 04:00:00,0.0020873416481130454
2019-12-11 05:00:00,0.011288897398275441
2019-12-11 06:00:00,0.005664248587131601
2019-12-11 07:00:00,0.006738491153793692
2019-12-11 08:00:00,0.0020857092637516796
2019-12-11 09:00:00,0.012863883215849617
2019-12-11 10:00:00,0.0056231952445434065
2019-12-11 11:00:00,0.010501593306755052
2019-12-11 12:00:00,0.00943614555784449
2019-12-11 13:00:00,0.011951474118920351
2019-12-11 14:00:00,0.0049619980924403995
2019-12-11 15:00:00,0.006424552334526083
2019-12-11 16:00:00,0.01245807280960402
2019-12-11 17:00:00,0.005386532812581206
2019-12-11 18:00:00,0.023838275236248194
2019-12-11 19:00:00,0.006341339335851652
2019-12-11 20:00:00,0.025922429795808735
2019-12-11 21:00:00,0.019922150311776982
2019-12-11 22:00:00,0.004681364804870913
2019-12-11 23:00:00,0.022761193813019248
2019-12-12 00:00:00,0.007503049170994966
2019-12-12 01:00:00,0.04169796076248709
2019-12-12 02:00:00,0.015149270064906045
2019-12-12 03:00:00,0.014499843141217756
2019-12-12 04:00:00,0.00391839117591926
2019-12-12 05:00:00,0.003820420822545744
2019-12-12 06:00:00,0.004197368616596396
2019-12-12 07:00:00,0.0044520890001044314
2019-12-12 08:00:00,0.004690929298838793
2019-12-12 09:00:00,0.0049248042838441215
2019-12-12 10:00:00,0.02283740988045645
2019-12-12 11:00:00,0.006187758686177766
2019-12-12 12:00:00,0.0064009725032274385
2019-12-12 13:00:00,0.004827560928183381
2019-12-12 14:00:00,0.018584487460080762
2019-12-12 15:00:00,0.009422051372677258
2019-12-12 16:00:00,0.01897016229212461
2019-12-12 17:00:00,0.017814947672106996
2019-12-12 18:00:00,0.0067625011850057995
2019-12-12 19:00:00,0.004054388384134676
2019-12-12 20:00:00,0.0035411218258375988
2019-12-12 21:00:00,0.015652446938234716
2019-12-12 22:00:00,0.005756323210986294
2019-12-12 23:00:00,0.018825023366214923
2019-12-13 00:00:00,0.012356125781017089
2019-12-13 01:00:00,0.008990219280675454
2019-12-13 02:00:00,0.003828346220239422
2019-12-13 03:00:00,0.027198630252290773
2019-12-13 04:00:00,0.0487429092702591
2019-12-13 05:00:00,0.003443073011507778
2019-12-13 06:00:00,0.0027812867065280474
2019-12-13 07:00:00,0.02443768248474566
2019-12-13 08:00:00,0.010297807859477178
2019-12-13 09:00:00,0.005852853572623607
2019-12-13 10:00:00,0.007693941329903802
2019-12-13 11:00:00,0.009093870454727628
2019-12-13 12:00:00,0.013012789121731459
2019-12-13 13:00:00,0.006789766810188673
2019-12-13 14:00:00,0.02348750565626981
2019-12-13 15:00:00,0.0023516745870488295
2019-12-13 16:00:00,0.01269715709068872
2019-12-13 17:00:00,0.028666939096600674
2019-12-13 18:00:00,0.011920990602683803
2019-12-13 19:00:00,0.015353459274127845
2019-12-13 20:00:00,0.0204658733500006
2019-12-13 21:00:00,0.022908118379929863
2019-12-13 22:00:00,0.01478906814167955
2019-12-13 23:00:00,0.005610372428273042
2019-12-14 00:00:00,0.0066645000291207426
2019-12-14 01:00:00,0.023328212824068835
2019-12-14 02:00:00,0.02110773756480189
2019-12-14 03:00:00,0.010157553791970649
2019-12-14 04:00:00,0.015136517148606058
2019-12-14 05:00:00,0.014839448539309828
2019-12-14 06:00:00,0.03085292468419669
2019-12-14 07:00:00,0.010673775453184351
2019-12-14 08:00:00,0.004950636848662947
2019-12-14 09:00:00,0.005768872812070399
2019-12-14 10:00:00,0.011765037654948973
2019-12-14 11:00:00,0.029806406549679688
2019-12-14 12:00:00,0.01281389892766109
2019-12-14 13:00:00,0.005293417188629334
2019-12-14 14:00:00,0.004525317256260291
2019-12-14 15:00:00,0.005445956540042578
2019-12-14 16:00:00,0.005557362746330668
2019-12-14 17:00:00,0.027436981383154126
2019-12-14 18:00:00,0.02089982751000943
2019-12-14 19:00:00,0.01958153456794758
2019-12-14 20:00:00,0.009954343884978425
2019-12-14 21:00:00,0.008906745635815682
2019-12-14 22:00:00,0.011911069493590882
2019-12-14 23:00:00,0.00275441093968238
2019-12-15 00:00:00,0.009249614298680335
2019-12-15 01:00:00,0.005281111875904755
2019-12-15 02:00:00,0.006592434116647974
2019-12-15 03:00:00,0.0073704544486482455
2019-12-15 04:00:00,0.006230789892073356
2019-12-15 05:00:00,0.007903559571452447
2019-12-15 06:00:00,0.011799954873972954
2019-12-15 07:00:00,0.011656920002406822
2019-12-15 08:00:00,0.01635369018392441
2019-12-15 09:00:00,0.008390171054425266
2019-12-15 10:00:00,0.014613618489614892
2019-12-15 11:00:00,0.02424244002403892
2019-12-15 12:00:00,0.01831364993528671
2019-12-15 13:00:00,0.005489967111430216
2019-12-15 14:00:00,0.00888539728124649
2019-12-15 15:00:00,0.01176896001666459
2019-12-15 16:00:00,0.014262101084404791
2019-12-15 17:00:00,0.006214268837179788
2019-12-15 18:00:00,0.0036885121863783708
2019-12-15 19:00:00,0.0032529863128994553
2019-12-15 20:00:00,0.004751388716369
2019-12-15 21:00:00,0.005724375984788861
2019-12-15 22:00:00,0.010420134770209874
2019-12-15 23:00:00,0.004623701895774366
2019-12-16 00:00:00,0.008140802016692237
2019-12-16 01:00:00,0.006358860008372581
2019-12-16 02:00:00,0.0044468521808421705
2019-12-16 03:00:00,0.0062209606246435905
2019-12-16 04:00:00,0.013751449071251675
2019-12-16 05:00:00,0.0214971855650789
2019-12-16 06:00:00,0.0042810928723884265
2019-12-16 07:00:00,0.011576809802293399
2019-12-16 08:00:00,0.004440053883483646
2019-12-16 09:00:00,0.005476829366638279
2019-12-16 10:00:00,0.010513358084233254
2019-12-16 11:00:00,0.017134760894835222
2019-12-16 12:00:00,0.004073510753396357
2019-12-16 13:00:00,0.012071483787750727
2019-12-16 14:00:00,0.012146452231113998
2019-12-16 15:00:00,0.024797556351217893
2019-12-16 16:00:00,0.022730452196198965
2019-12-16 17:00:00,0.02232381684415426
2019-12-16 18:00:00,0.015812948060877515
2019-12-16 19:00:00,0.01791646632082586
2019-12-16 20:00:00,0.010878275915347532
2019-12-16 21:00:00,0.027258591017083982
2019-12-16 22:00:00,0.007718938007064284
2019-12-16 23:00:00,0.020600267454293
2019-12-17 00:00:00,0.012024507616653775
2019-12-17 01:00:00,0.017402187634123673
2019-12-17 02:00:00,0.006479795973438858
2019-12-17 03:00:00,0.0067480457292304445
2019-12-17 04:00:00,0.006923955650592282
2019-12-17 05:00:00,0.007096785778637434
2019-12-17 06:00:00,0.007274847908487764
2019-12-17 07:00:00,0.010416372641604351
2019-12-17 08:00:00,0.01125550225736731
2019-12-17 09:00:00,0.010702007156010395
2019-12-17 10:00:00,0.008315923752751688
2019-12-17 11:00:00,0.02908524623958996
2019-12-17 12:00:00,0.010403544792903239
2019-12-17 13:00:00,0.005125271010109917
2019-12-17 14:00:00,0.016076181988666588
2019-12-17 15:00:00,0.01110982213041179
2019-12-17 16:00:00,0.0024362943826986335
2019-12-17 17:00:00,0.006878545457372838
2019-12-17 18:00:00,0.0033050018636484038
2019-12-17 19:00:00,0.010892869329853505
2019-12-17 20:00:00,0.010269871226641483
2019-12-17 21:00:00,0.014146912272937169
2019-12-17 22:00:00,0.010543942636885734
2019-12-17 23:00:00,0.028742088622819958
2019-12-18 00:00:00,0.005955475328603708
2019-12-18 01:00:00,0.01818892240949134
2019-12-18 02:00:00,0.01219086236011203
2019-12-18 03:00:00,0.014653119505634542
2019-12-18 04:00:00,0.02487862668878052
2019-12-18 05:00:00,0.009047582546462795
2019-12-18 06:00:00,0.021486096476599253
2019-12-18 07:00:00,0.025291549155003104
2019-12-18 08:00:00,0.012698480863070691
2019-12-18 09:00:00,0.010122563021497732
2019-12-18 10:00:00,0.014434045629792502
2019-12-18 11:00:00,0.015397066051398497
2019-12-18 12:00:00,0.009318774268501692
2019-12-18 13:00:00,0.00741848671730325
2019-12-18 14:00:00,0.014027383942154551
2019-12-18 15:00:00,0.017966873013033607
2019-12-18 16:00:00,0.022808714845080524
2019-12-18 17:00:00,0.004811280058446921
2019-12-18 18:00:00,0.02270643785949824
2019-12-18 19:00:00,0.01628249581861019
2019-12-18 20:00:00,0.01424611139389582
2019-12-18 21:00:00,0.007366601421442662
2019-12-18 22:00:00,0.010129124389124689
2019-12-18 23:00:00,0.01184347817890522
2019-12-19 00:00:00,0.0021606610252857383
2019-12-19 01:00:00,0.029572077764533234
2019-12-19 02:00:00,0.012936914493439646
2019-12-19 03:00:00,0.003552277777184539
2019-12-19 04:00:00,0.012765080023861793
2019-12-19 05:00:00,0.030652701835119794
2019-12-19 06:00:00,0.02141674032657923
2019-12-19 07:00:00,0.02068850234093697
2019-12-19 08:00:00,0.023941574235775302
2019-12-19 09:00:00,0.004409382492165284
2019-12-19 10:00:00,0.005575902632852892
2019-12-19 11:00:00,0.007304091587995229
2019-12-19 12:00:00,0.009394393803035046
2019-12-19 13:00:00,0.009648196344365407
2019-12-19 14:00:00,0.0178401016849244
2019-12-19 15:00:00,0.009296764858036806
2019-12-19 16:00:00,0.05314840149484485
2019-12-19 17:00:00,0.02354508872991141
2019-12-19 18:00:00,0.028469079421622034
2019-12-19 19:00:00,0.007853474720254015
2019-12-19 20:00:00,0.025414957941951317
2019-12-19 21:00:00,0.027080864644373943
2019-12-19 22:00:00,0.015891543683384256
2019-12-19 23:00:00,0.013610238014721372
2019-12-20 00:00:00,0.015617551996862551
2019-12-20 01:00:00,0.024009137644719607
2019-12-20 02:00:00,0.013983004416339297
2019-12-20 03:00:00,0.006133393201703269
2019-12-20 04:00:00,0.0037377602692068657
2019-12-20 05:00:00,0.011203787528456617
2019-12-20 06:00:00,0.020096644478422004
2019-12-20 07:00:00,0.00480880179335555
2019-12-20 08:00:00,0.012419022381408178
2019-12-20 09:00:00,0.00742767769791631
2019-12-20 10:00:00,0.011499529432350235
2019-12-20 11:00:00,0.00553645606553519
2019-12-20 12:00:00,0.006569121368218162
2019-12-20 13:00:00,0.0071138198382010255
2019-12-20 14:00:00,0.007265529323861207
2019-12-20 15:00:00,0.00815233203245525
2019-12-20 16:00:00,0.0053641859170620206
2019-12-20 17:00:00,0.011062457136659891
2019-12-20 18:00:00,0.011902895906858326
2019-12-20 19:00:00,0.020123520621434677
2019-12-20 20:00:00,0.01557807408363641
2019-12-20 21:00:00,0.021060687990028998
2019-12-20 22:00:00,0.02288757597360915
2019-12-20 23:00:00,0.006715184602305722
2019-12-21 00:00:00,0.014743969398415215
2019-12-21 01:00:00,0.006072772811501361
2019-12-21 02:00:00,0.011114800722235094
2019-12-21 03:00:00,0.004131749994367502
2019-12-21 04:00:00,0.012313045449510457
2019-12-21 05:00:00,0.012020452014055435
2019-12-21 06:00:00,0.01654465922829653
2019-12-21 07:00:00,0.008046418708178788
2019-12-21 08:00:00,0.020903027709883813
2019-12-21 09:00:00,0.02158239613396502
2019-12-21 10:00:00,0.007145381661619752
2019-12-21 11:00:00,0.01604905996698155
2019-12-21 12:00:00,0.008779808374568572
2019-12-21 13:00:00,0.027588215586207183
2019-12-21 14:00:00,0.025665200414669173
2019-12-21 15:00:00,0.02095593723244386
2019-12-21 16:00:00,0.004542915934620128
2019-12-21 17:00:00,0.03846439563117598
2019-12-21 18:00:00,0.009279282817876456
2019-12-21 19:00:00,0.002330391397946123
2019-12-21 20:00:00,0.028322494292953207
2019-12-21 21:00:00,0.016711219079004073
2019-12-21 22:00:00,0.004244143832847476
2019-12-21 23:00:00,0.010843824760083528
2019-12-22 00:00:00,0.01121632869239952
2019-12-22 01:00:00,0.011458834771118186
2019-12-22 02:00:00,0.011679266096247316
2019-12-22 03:00:00,0.011890109213858607
2019-12-22 04:00:00,0.037486698808133725
2019-12-22 05:00:00,0.0077139962856081394
2019-12-22 06:00:00,0.03478645392211147
2019-12-22 07:00:00,0.013038544163114276
2019-12-22 08:00:00,0.007300099377419515
2019-12-22 09:00:00,0.005987053411045775
2019-12-22 10:00:00,0.00397038183201046
2019-12-22 11:00:00,0.005368397885582509
2019-12-22 12:00:00,0.025543960781523656
2019-12-22 13:00:00,0.007215011559328643
2019-12-22 14:00:00,0.0222312465120284
2019-12-22 15:00:00,0.025127784704992998
2019-12-22 16:00:00,0.00799917081510869
2019-12-22 17:00:00,0.01749504805427637
2019-12-22 18:00:00,0.00416933995461071
2019-12-22 19:00:00,0.005128931403772848
2019-12-22 20:00:00,0.009015151641887134
2019-12-22 21:00:00,0.043283722769741594
2019-12-22 22:00:00,0.05383453114066034
2019-12-22 23:00:00,0.05036048929296728
2019-12-23 00:00:00,0.004226651823683223
2019-12-23 01:00:00,0.007256893408883217
2019-12-23 02:00:00,0.011524854411309668
2019-12-23 03:00:00,0.0296486572949123
2019-12-23 04:00:00,0.014252757816669704
2019-12-23 05:00:00,0.009937322628959197
2019-12-23 06:00:00,0.013889436141224516
2019-12-23 07:00:00,0.0227534938174456
2019-12-23 08:00:00,0.013488556504344084
2019-12-23 09:00:00,0.019526028465894983
2019-12-23 10:00:00,0.019733536547025744
2019-12-23 11:00:00,0.010393724546906171
2019-12-23 12:00:00,0.028695470902556593
2019-12-23 13:00:00,0.009626841060760265
2019-12-23 14:00:00,0.0038298292056968674
2019-12-23 15:00:00,0.016601029669460067
2019-12-23 16:00:00,0.020926780304938365
2019-12-23 17:00:00,0.029792033923877824
2019-12-23 18:00:00,0.017936135079947232
2019-12-23 19:00:00,0.030305426941199712
2019-12-23 20:00:00,0.01894840344494277
2019-12-23 21:00:00,0.023783396559931266
2019-12-23 22:00:00,0.008415771511856863
2019-12-23 23:00:00,0.025292204452016527
2019-12-24 00:00:00,0.015933176060615745
2019-12-24 01:00:00,0.013661256637890442
2019-12-24 02:00:00,0.01463813804674286
2019-12-24 03:00:00,0.006273877424263466
2019-12-24 04:00:00,0.023241515309634277
2019-12-24 05:00:00,0.01424040897430671
2019-12-24 06:00:00,0.016092562544735563
2019-12-24 07:00:00,0.012702697545776652
2019-12-24 08:00:00,0.008717424693058558
2019-12-24 09:00:00,0.013008978714654897
2019-12-24 10:00:00,0.013250855178110506
2019-12-24 11:00:00,0.028871271418502046
2019-12-24 12:00:00,0.02409130369523598
2019-12-24 13:00:00,0.006789874099886975
2019-12-24 14:00:00,0.008007770098161327
2019-12-24 15:00:00,0.014972965555982936
2019-12-24 16:00:00,0.009947773521776252
2019-12-24 17:00:00,0.01303016296693948
2019-12-24 18:00:00,0.019508148923887542
2019-12-24 19:00:00,0.04019131464519216
2019-12-24 20:00:00,0.006342207822373671
2019-12-24 21:00:00,0.01156093430839638
2019-12-24 22:00:00,0.02510039615048169
2019-12-24 23:00:00,0.011003641133266781
2019-12-25 00:00:00,0.008102553545707145
2019-12-25 01:00:00,0.011303107255641522
2019-12-25 02:00:00,0.006995020690552514
2019-12-25 03:00:00,0.006155869756450709
2019-12-25 04:00:00,0.012077209355891738
2019-12-25 05:00:00,0.006541112415293722
2019-12-25 06:00:00,0.008991532132517152
2019-12-25 07:00:00,0.029196601345503677
2019-12-25 08:00:00,0.018129327579171562
2019-12-25 09:00:00,0.03286342060319153
2019-12-25 10:00:00,0.005642588637808432
2019-12-25 11:00:00,0.012245376462259101
2019-12-25 12:00:00,0.012998475527518077
2019-12-25 13:00:00,0.005704361792099803
2019-12-25 14:00:00,0.02348915028243528
2019-12-25 15:00:00,0.012881304215776877
2019-12-25 16:00:00,0.01929495514199942
2019-12-25 17:00:00,0.019662659509542744
2019-12-25 18:00:00,0.01470025402200303
2019-12-25 19:00:00,0.02977864805141587
2019-12-25 20:00:00,0.022005253519112408
2019-12-25 21:00:00,0.04499349360914797
2019-12-25 22:00:00,0.05314439600219673
2019-12-25 23:00:00,0.00842942595241436
2019-12-26 00:00:00,0.01012211055888381
2019-12-26 01:00:00,0.011775028211374891
2019-12-26 02:00:00,0.011865664417542722
2019-12-26 03:00:00,0.007672557954327424
2019-12-26 04:00:00,0.006117219203249016
2019-12-26 05:00:00,0.00632628794336579
2019-12-26 06:00:00,0.0049325458125429175
2019-12-26 07:00:00,0.004652564384722105
2019-12-26 08:00:00,0.012241297941072933
2019-12-26 09:00:00,0.0697889346572075
2019-12-26 10:00:00,0.011260407146269396
2019-12-26 11:00:00,0.00973223069754182
2019-12-26 12:00:00,0.015640454952782344
2019-12-26 13:00:00,0.024340426565865887
2019-12-26 14:00:00,0.02144143033211198
2019-12-26 15:00:00,0.018076708224482554
2019-12-26 16:00:00,0.021738710641459883
2019-12-26 17:00:00,0.035848413273783
2019-12-26 18:00:00,0.015890822880860765
2019-12-26 19:00:00,0.02771168662194674
2019-12-26 20:00:00,0.01650140382107092
2019-12-26 21:00:00,0.016884859444009696
2019-12-26 22:00:00,0.017117418325868924
2019-12-26 23:00:00,0.017321691356312886
2019-12-27 00:00:00,0.017512519995785934
2019-12-27 01:00:00,0.013919200671428059
2019-12-27 02:00:00,0.025861851739728773
2019-12-27 03:00:00,0.034325980031888324
2019-12-27 04:00:00,0.018290884829700836
2019-12-27 05:00:00,0.050158099649664306
2019-12-27 06:00:00,0.022418443539041807
2019-12-27 07:00:00,0.008643698725240165
2019-12-27 08:00:00,0.015456035319811084
2019-12-27 09:00:00,0.0055842857364642355
2019-12-27 10:00:00,0.03843633528526325
2019-12-27 11:00:00,0.0040348358742287324
2019-12-27 12:00:00,0.04060066817563247
2019-12-27 13:00:00,0.02041779560980724
2019-12-27 14:00:00,0.0027691527586267764
2019-12-27 15:00:00,0.003592631092562748
2019-12-27 16:00:00,0.02652219925184237
2019-12-27 17:00:00,0.00558645853717615
2019-12-27 18:00:00,0.03329197911358412
2019-12-27 19:00:00,0.026407660377531412
2019-12-27 20:00:00,0.006413026846315
2019-12-27 21:00:00,0.004024221055931472
2019-12-27 22:00:00,0.01392917040509297
2019-12-27 23:00:00,0.0306038676910593
2019-12-28 00:00:00,0.011405941810345734
2019-12-28 01:00:00,0.02374547224353421
2019-12-28 02:00:00,0.006892508861280668
2019-12-28 03:00:00,0.01899529502702017
2019-12-28 04:00:00,0.014302396393143353
2019-12-28 05:00:00,0.012748141939222116
2019-12-28 06:00:00,0.013883969273369653
2019-12-28 07:00:00,0.017215377584819638
2019-12-28 08:00:00,0.023822957687072318
2019-12-28 09:00:00,0.011735300297943303
2019-12-28 10:00:00,0.04554696048751484
2019-12-28 11:00:00,0.02897857612687517
2019-12-28 12:00:00,0.01002235358993196
2019-12-28 13:00:00,0.017360498870632977
2019-12-28 14:00:00,0.03838172564586222
2019-12-28 15:00:00,0.03422259611588381
2019-12-28 16:00:00,0.02152337506399163
2019-12-28 17:00:00,0.00913936733244022
2019-12-28 18:00:00,0.007003069885478471
2019-12-28 19:00:00,0.021034089378503033
2019-12-28 20:00:00,0.024849161521273446
2019-12-28 21:00:00,0.024967933676032762
2019-12-28 22:00:00,0.008346842680311809
2019-12-28 23:00:00,0.016678138754694653
2019-12-29 00:00:00,0.024529099620811907
2019-12-29 01:00:00,0.031040059104137405
2019-12-29 02:00:00,0.007460359351748292
2019-12-29 03:00:00,0.011411414515956874
2019-12-29 04:00:00,0.005915283310191103
2019-12-29 05:00:00,0.02046325818499503
2019-12-29 06:00:00,0.02153099088323971
2019-12-29 07:00:00,0.021686295725532444
2019-12-29 08:00:00,0.026546256955122017
2019-12-29 09:00:00,0.03026935747010335
2019-12-29 10:00:00,0.026679450205070253
2019-12-29 11:00:00,0.040987492569614196
2019-12-29 12:00:00,0.004157365015951384
2019-12-29 13:00:00,0.053454757576473465
2019-12-29 14:00:00,0.014160656977122777
2019-12-29 15:00:00,0.06604531157800946
2019-12-29 16:00:00,0.015059815405129805
2019-12-29 17:00:00,0.020198753650025013
2019-12-29 18:00:00,0.011569010031762385
2019-12-29 19:00:00,0.018305388205808314
2019-12-29 20:00:00,0.027447891825784658
2019-12-29 21:00:00,0.006039877230246591
2019-12-29 22:00:00,0.013408403028399395
2019-12-29 23:00:00,0.058089104996677854
2019-12-30 00:00:00,0.023775043022591365
2019-12-30 01:00:00,0.02911671632920463
2019-12-30 02:00:00,0.04988303920981874
2019-12-30 03:00:00,0.01277094485281443
2019-12-30 04:00:00,0.02901959267020543
2019-12-30 05:00:00,0.009859253004993553
2019-12-30 06:00:00,0.02656333257911871
2019-12-30 07:00:00,0.01923308912648237
2019-12-30 08:00:00,0.023699574755072526
2019-12-30 09:00:00,0.010633356930292994
2019-12-30 10:00:00,0.0036976117395170396
2019-12-30 11:00:00,0.014454067892766912
2019-12-30 12:00:00,0.007692272539748606
2019-12-30 13:00:00,0.014341606452890069
2019-12-30 14:00:00,0.014044367383538191
2019-12-30 15:00:00,0.009156099429445678
2019-12-30 16:00:00,0.0255539367493306
2019-12-30 17:00:00,0.005459639759313346
2019-12-30 18:00:00,0.020571710534802824
2019-12-30 19:00:00,0.005737150442559874
2019-12-30 20:00:00,0.018136511703981183
2019-12-30 21:00:00,0.010674769195053882
2019-12-30 22:00:00,0.011597580159645402
2019-12-30 23:00:00,0.01919741974873044
2019-12-31 00:00:00,0.022515875144697012
2019-12-31 01:00:00,0.021646944335297544
2019-12-31 02:00:00,0.007957077976076808
2019-12-31 03:00:00,0.01884153106543749
2019-12-31 04:00:00,0.018372149672821494
2019-12-31 05:00:00,0.01717665253969848
2019-12-31 06:00:00,0.0270241933854234
2019-12-31 07:00:00,0.032079023761405326
2019-12-31 08:00:00,0.03557486263903387
2019-12-31 09:00:00,0.016015152594810376
2019-12-31 10:00:00,0.027994503096267165
2019-12-31 11:00:00,0.015893426363282632
2019-12-31 12:00:00,0.00615018211166921
2019-12-31 13:00:00,0.03069737647361141
2019-12-31 14:00:00,0.017172060450879344
2019-12-31 15:00:00,0.03765565773883856
2019-12-31 16:00:00,0.018685020474628194
2019-12-31 17:00:00,0.027253562075245992
2019-12-31 18:00:00,0.027360355128692348
2019-12-31 19:00:00,0.02741044050255938
2019-12-31 20:00:00,0.02744945906206875
2019-12-31 21:00:00,0.027482553686520143
2019-12-31 22:00:00,0.01773254659962764
2019-12-31 23:00:00,0.005473065343765967
2020-01-01 00:00:00,0.015281442888947035
2020-01-01 01:00:00,0.02825654736063445
2020-01-01 02:00:00,0.044194240498851046
2020-01-01 03:00:00,0.024809302954200838
2020-01-01 04:00:00,0.028105262664190965
2020-01-01 05:00:00,0.012221217084740653
2020-01-01 06:00:00,0.017937460077791553
2020-01-01 07:00:00,0.03109263547338935
2020-01-01 08:00:00,0.011257210416395366
2020-01-01 09:00:00,0.04495723950256121
2020-01-01 10:00:00,0.013162269401979305
2020-01-01 11:00:00,0.01285833356370937
2020-01-01 12:00:00,0.0115775306799558
2020-01-01 13:00:00,0.02542004466932081
2020-01-01 14:00:00,0.017894521998030277
2020-01-01 15:00:00,0.01608575751010471
2020-01-01 16:00:00,0.0187405425085197
2020-01-01 17:00:00,0.018944878757310202
2020-01-01 18:00:00,0.017162615683550566
2020-01-01 19:00:00,0.026515101193012643
2020-01-01 20:00:00,0.02090504397226192
2020-01-01 21:00:00,0.0274269246584321
2020-01-01 22:00:00,0.03156219387038981
2020-01-01 23:00:00,0.027521047184668055
2020-01-02 00:00:00,0.009534281087644592
2020-01-02 01:00:00,0.01847312226693353
2020-01-02 02:00:00,0.021680370778148886
2020-01-02 03:00:00,0.010046572243880956
2020-01-02 04:00:00,0.039278811679641125
2020-01-02 05:00:00,0.015309640166049332
2020-01-02 06:00:00,0.006803960043813796
2020-01-02 07:00:00,0.012302652215216231
2020-01-02 08:00:00,0.005483071487248406
2020-01-02 09:00:00,0.024061119673340167
2020-01-02 10:00:00,0.013748468227629857
2020-01-02 11:00:00,0.012329467830768659
2020-01-02 12:00:00,0.019850385043167454
2020-01-02 13:00:00,0.006707752941829125
2020-01-02 14:00:00,0.06300126494129857
2020-01-02 15:00:00,0.018688491872361674
2020-01-02 16:00:00,0.012457277749056365
2020-01-02 17:00:00,0.03603859478621361
2020-01-02 18:00:00,0.0039046395383127053
2020-01-02 19:00:00,0.018188583583861478
2020-01-02 20:00:00,0.01831784430723694
2020-01-02 21:00:00,0.01724148217569394
2020-01-02 22:00:00,0.013314442520861202
2020-01-02 23:00:00,0.013951956563035208
2020-01-03 00:00:00,0.033666962336348756
2020-01-03 01:00:00,0.0056394560864536
2020-01-03 02:00:00,0.029395106098486987
2020-01-03 03:00:00,0.0319191818652987
2020-01-03 04:00:00,0.031779275608743954
2020-01-03 05:00:00,0.024363617633316962
2020-01-03 06:00:00,0.009088028497403554
2020-01-03 07:00:00,0.024432111021539273
2020-01-03 08:00:00,0.06513430853308604
2020-01-03 09:00:00,0.011760146055865964
2020-01-03 10:00:00,0.006910345233414961
2020-01-03 11:00:00,0.06378599736322846
2020-01-03 12:00:00,0.01253764813249101
2020-01-03 13:00:00,0.011128124905407285
2020-01-03 14:00:00,0.02423707209377678
2020-01-03 15:00:00,0.013239362018557013
2020-01-03 16:00:00,0.03868300295907264
2020-01-03 17:00:00,0.017236346631143686
2020-01-03 18:00:00,0.013351157624265956
2020-01-03 19:00:00,0.022290548997637882
2020-01-03 20:00:00,0.014411703180784696
2020-01-03 21:00:00,0.08900950270886775
2020-01-03 22:00:00,0.012215894570668797
2020-01-03 23:00:00,0.03645856195990674
2020-01-04 00:00:00,0.01429981052899196
2020-01-04 01:00:00,0.009599546188464762
2020-01-04 02:00:00,0.02411937740309148
2020-01-04 03:00:00,0.016121353291660204
2020-01-04 04:00:00,0.012374134319387642
2020-01-04 05:00:00,0.034156244267043404
2020-01-04 06:00:00,0.012378659516137602
2020-01-04 07:00:00,0.03368503823275787
2020-01-04 08:00:00,0.04091759235516049
2020-01-04 09:00:00,0.026159676894767583
2020-01-04 10:00:00,0.026677130532833358
2020-01-04 11:00:00,0.0069718920283650095
2020-01-04 12:00:00,0.00631281941321611
2020-01-04 13:00:00,0.018526753327528848
2020-01-04 14:00:00,0.011972436548983901
2020-01-04 15:00:00,0.03374981691760195
2020-01-04 16:00:00,0.023817798184599944
2020-01-04 17:00:00,0.005948140702435447
2020-01-04 18:00:00,0.004373792000453823
2020-01-04 19:00:00,0.08942130938733309
2020-01-04 20:00:00,0.00928175909835153
2020-01-04 21:00:00,0.009769799579501534
2020-01-04 22:00:00,0.0033910261273731547
2020-01-04 23:00:00,0.021210315382675534
2020-01-05 00:00:00,0.02064638454740669
2020-01-05 01:00:00,0.03962868627279121
2020-01-05 02:00:00,0.011103614897764997
2020-01-05 03:00:00,0.03350954289001449
2020-01-05 04:00:00,0.07851381113682021
2020-01-05 05:00:00,0.01616649686425964
2020-01-05 06:00:00,0.029335864957720996
2020-01-05 07:00:00,0.01382752519700708
2020-01-05 08:00:00,0.0115496953873673
2020-01-05 09:00:00,0.009181037997437084
2020-01-05 10:00:00,0.02264985963712228
2020-01-05 11:00:00,0.0153043139026107
2020-01-05 12:00:00,0.02233018415824067
2020-01-05 13:00:00,0.015251131617592643
2020-01-05 14:00:00,0.030846813584182294
2020-01-05 15:00:00,0.030529188939285672
2020-01-05 16:00:00,0.030357178505740552
2020-01-05 17:00:00,0.030214974451622613
2020-01-05 18:00:00,0.03008695706796006
2020-01-05 19:00:00,0.01768933152510913
2020-01-05 20:00:00,0.025397590104927818
2020-01-05 21:00:00,0.012875975025431998
2020-01-05 22:00:00,0.028395059694926714
2020-01-05 23:00:00,0.013195184783131007
2020-01-06 00:00:00,0.013718501616123169
2020-01-06 01:00:00,0.008859353068950259
2020-01-06 02:00:00,0.017657074825158575
2020-01-06 03:00:00,0.009405720328467992
2020-01-06 04:00:00,0.02079746493284004
2020-01-06 05:00:00,0.014764848763489317
2020-01-06 06:00:00,0.030612869654563567
2020-01-06 07:00:00,0.015292668472505013
2020-01-06 08:00:00,0.005394214827871347
2020-01-06 09:00:00,0.010271362758057753
2020-01-06 10:00:00,0.018039234865169465
2020-01-06 11:00:00,0.014029260505426213
2020-01-06 12:00:00,0.010335958752079134
2020-01-06 13:00:00,0.022850873554475012
2020-01-06 14:00:00,0.024719501433234363
2020-01-06 15:00:00,0.014891341320441015
2020-01-06 16:00:00,0.025965157516781537
2020-01-06 17:00:00,0.03685907103684077
2020-01-06 18:00:00,0.012441676860078863
2020-01-06 19:00:00,0.021421410282320894
2020-01-06 20:00:00,0.012255337145619298
2020-01-06 21:00:00,0.005114739934669391
2020-01-06 22:00:00,0.029189166431437336
2020-01-06 23:00:00,0.028277176791424698
2020-01-07 00:00:00,0.02677307737084757
2020-01-07 01:00:00,0.016877585057858295
2020-01-07 02:00:00,0.020412875092456095
2020-01-07 03:00:00,0.009534936658561017
2020-01-07 04:00:00,0.020296620721195646
2020-01-07 05:00:00,0.01819269732969438
2020-01-07 06:00:00,0.010489703470486257
2020-01-07 07:00:00,0.023131328484398275
2020-01-07 08:00:00,0.020096502453727783
2020-01-07 09:00:00,0.025616448393838333
2020-01-07 10:00:00,0.022652194594658122
2020-01-07 11:00:00,0.024344817475276156
2020-01-07 12:00:00,0.011549380714482301
2020-01-07 13:00:00,0.016646406644879822
2020-01-07 14:00:00,0.016727306117822464
2020-01-07 15:00:00,0.017995145061647615
2020-01-07 16:00:00,0.009451847766977646
2020-01-07 17:00:00,0.019761091576861317
2020-01-07 18:00:00,0.020464811144190267
2020-01-07 19:00:00,0.02153869613743019
2020-01-07 20:00:00,0.00397281439422559
2020-01-07 21:00:00,0.01419561191768325
2020-01-07 22:00:00,0.012615763139562702
2020-01-07 23:00:00,0.018752424379105567
2020-01-08 00:00:00,0.013106681841440829
2020-01-08 01:00:00,0.01335568179533491
2020-01-08 02:00:00,0.015725321423034868
2020-01-08 03:00:00,0.023062084980643233
2020-01-08 04:00:00,0.013881794956773186
2020-01-08 05:00:00,0.02424854503182682
2020-01-08 06:00:00,0.01997940516384318
2020-01-08 07:00:00,0.008302367298302152
2020-01-08 08:00:00,0.01047536881158461
2020-01-08 09:00:00,0.014558150135242419
2020-01-08 10:00:00,0.015392614138143934
2020-01-08 11:00:00,0.019182433481746204
2020-01-08 12:00:00,0.010204999694722315
2020-01-08 13:00:00,0.032590831865039915
2020-01-08 14:00:00,0.010202522511287077
2020-01-08 15:00:00,0.01732977944097077
2020-01-08 16:00:00,0.021448980398340187
2020-01-08 17:00:00,0.01039986762312362
2020-01-08 18:00:00,0.01062568386451989
2020-01-08 19:00:00,0.0169032848468063
2020-01-08 20:00:00,0.019382324164053135
2020-01-08 21:00:00,0.018863555536090388
2020-01-08 22:00:00,0.010539335009712889
2020-01-08 23:00:00,0.012412304330225603
2020-01-09 00:00:00,0.01073675936736267
2020-01-09 01:00:00,0.01477138713648627
2020-01-09 02:00:00,0.007389053906462773
2020-01-09 03:00:00,0.028380988906496398
2020-01-09 04:00:00,0.011367721382397198
2020-01-09 05:00:00,0.011787723626732353
2020-01-09 06:00:00,0.007357744150076673
2020-01-09 07:00:00,0.009048875004586619
2020-01-09 08:00:00,0.019790239051699188
2020-01-09 09:00:00,0.015056382695617715
2020-01-09 10:00:00,0.025663657985487972
2020-01-09 11:00:00,0.013757832203928658
2020-01-09 12:00:00,0.017133332734109677
2020-01-09 13:00:00,0.03495879683261262
2020-01-09 14:00:00,0.02033088056712585
2020-01-09 15:00:00,0.008479897026103193
2020-01-09 16:00:00,0.01183363350300393
2020-01-09 17:00:00,0.019603139520336956
2020-01-09 18:00:00,0.009075883607105007
2020-01-09 19:00:00,0.010804031499490345
2020-01-09 20:00:00,0.024259622505292507
2020-01-09 21:00:00,0.01208119906502118
2020-01-09 22:00:00,0.025629952520964863
2020-01-09 23:00:00,0.014573855850345829
2020-01-10 00:00:00,0.02439500294409673
2020-01-10 01:00:00,0.017483669024800808
2020-01-10 02:00:00,0.03816811345301811
2020-01-10 03:00:00,0.013338441698814355
2020-01-10 04:00:00,0.030268172475217046
2020-01-10 05:00:00,0.007840853655544246
2020-01-10 06:00:00,0.016973014424286115
2020-01-10 07:00:00,0.027501565148184092
2020-01-10 08:00:00,0.02174944843473668
2020-01-10 09:00:00,0.01677523306607311
2020-01-10 10:00:00,0.013472038698848212
2020-01-10 11:00:00,0.01263943221403264
2020-01-10 12:00:00,0.012709249671819052
2020-01-10 13:00:00,0.012909328141205914
2020-01-10 14:00:00,0.01313482925382383
2020-01-10 15:00:00,0.013370344332474254
2020-01-10 16:00:00,0.013865763667787018
2020-01-10 17:00:00,0.008694131504873368
2020-01-10 18:00:00,0.00960324315967754
2020-01-10 19:00:00,0.014176737755503691
2020-01-10 20:00:00,0.026119880917055267
2020-01-10 21:00:00,0.012385864334990011
2020-01-10 22:00:00,0.019186162791621837
2020-01-10 23:00:00,0.01621089519321227
2020-01-11 00:00:00,0.01064581229596967
2020-01-11 01:00:00,0.013389416023921808
2020-01-11 02:00:00,0.008052699931197825
2020-01-11 03:00:00,0.022301503576667256
2020-01-11 04:00:00,0.012794768632077125
2020-01-11 05:00:00,0.01753551875805488
2020-01-11 06:00:00,0.020230153892545094
2020-01-11 07:00:00,0.015983805070527247
2020-01-11 08:00:00,0.0007948590739825841
2020-01-11 09:00:00,0.009765618173218877
2020-01-11 10:00:00,0.009078102304760118
2020-01-11 11:00:00,0.021466762643635638
2020-01-11 12:00:00,0.0188823338599155
2020-01-11 13:00:00,0.009451597913657569
2020-01-11 14:00:00,0.010253766577654476
2020-01-11 15:00:00,0.010690105239648693
2020-01-11 16:00:00,0.0066639179927964155
2020-01-11 17:00:00,0.02601725736111862
2020-01-11 18:00:00,0.0179477979438722
2020-01-11 19:00:00,0.009844258766284801
2020-01-11 20:00:00,0.013956052011716423
2020-01-11 21:00:00,0.016686833632818074
2020-01-11 22:00:00,0.01173025469821834
2020-01-11 23:00:00,0.006973074987730778
2020-01-12 00:00:00,0.010761314876632332
2020-01-12 01:00:00,0.00782383153421231
2020-01-12 02:00:00,0.014625141697168456
2020-01-12 03:00:00,0.018405475534221914
2020-01-12 04:00:00,0.017105281963968395
2020-01-12 05:00:00,0.011756407927827109
2020-01-12 06:00:00,0.011199296643238155
2020-01-12 07:00:00,0.012430381253773392
2020-01-12 08:00:00,0.013841367552296978
2020-01-12 09:00:00,0.009566949448929989
2020-01-12 10:00:00,0.009533573502919541
2020-01-12 11:00:00,0.028810638449699246
2020-01-12 12:00:00,0.025936041963210005
2020-01-12 13:00:00,0.013941143510804999
2020-01-12 14:00:00,0.0038429613832626315
2020-01-12 15:00:00,0.02350881600074329
2020-01-12 16:00:00,0.008375688808581088
2020-01-12 17:00:00,0.009097013129504138
2020-01-12 18:00:00,0.015612501636212311
2020-01-12 19:00:00,0.026927907835270583
2020-01-12 20:00:00,0.010860974855709823
2020-01-12 21:00:00,0.021017241987981616
2020-01-12 22:00:00,0.02105436116545293
2020-01-12 23:00:00,0.01362225623554249
2020-01-13 00:00:00,0.01834874960657426
2020-01-13 01:00:00,0.016743849378239507
2020-01-13 02:00:00,0.02183481084198746
2020-01-13 03:00:00,0.003768561123923237
2020-01-13 04:00:00,0.018009819183935353
2020-01-13 05:00:00,0.009046893840534944
2020-01-13 06:00:00,0.008576291286803499
2020-01-13 07:00:00,0.006629611729010331
2020-01-13 08:00:00,0.016699921684979163
2020-01-13 09:00:00,0.05285438131092509
2020-01-13 10:00:00,0.012004038145023191
2020-01-13 11:00:00,0.019336034688337632
2020-01-13 12:00:00,0.01106607983307515
2020-01-13 13:00:00,0.01325036887936605
2020-01-13 14:00:00,0.00895570588026243
2020-01-13 15:00:00,0.016668885581745074
2020-01-13 16:00:00,0.006624565769584425
2020-01-13 17:00:00,0.012399039144197316
2020-01-13 18:00:00,0.01196984957423664
2020-01-13 19:00:00,0.031119832570792632
2020-01-13 20:00:00,0.015221183985029587
2020-01-13 21:00:00,0.01281812448312178
2020-01-13 22:00:00,0.02053726760039266
2020-01-13 23:00:00,0.02318595869829574
2020-01-14 00:00:00,0.006486315949009324
2020-01-14 01:00:00,0.006623334423467988
2020-01-14 02:00:00,0.018129716584936686
2020-01-14 03:00:00,0.012197232223624233
2020-01-14 04:00:00,0.006388641008812497
2020-01-14 05:00:00,0.0099774020429644
2020-01-14 06:00:00,0.01279277706537946
2020-01-14 07:00:00,0.01112660159093618
2020-01-14 08:00:00,0.01523959768973358
2020-01-14 09:00:00,0.027014790445830272
2020-01-14 10:00:00,0.010060651064944845
2020-01-14 11:00:00,0.020488504055358035
2020-01-14 12:00:00,0.018374213232389316
2020-01-14 13:00:00,0.015349088585587289
2020-01-14 14:00:00,0.018183703538484097
2020-01-14 15:00:00,0.02968460429376802
2020-01-14 16:00:00,0.02061535517104926
2020-01-14 17:00:00,0.0053643709106981725
2020-01-14 18:00:00,0.006665862555318784
2020-01-14 19:00:00,0.01373078770434507
2020-01-14 20:00:00,0.024791764075891107
2020-01-14 21:00:00,0.01040573522803342
2020-01-14 22:00:00,0.01518127950103864
2020-01-14 23:00:00,0.011705386177747846
2020-01-15 00:00:00,0.02515384625266874
2020-01-15 01:00:00,0.012456384732558798
2020-01-15 02:00:00,0.019730167720561274
2020-01-15 03:00:00,0.03088275331995965
2020-01-15 04:00:00,0.005641163174105277
2020-01-15 05:00:00,0.007310219387652124
2020-01-15 06:00:00,0.013950004739837764
2020-01-15 07:00:00,0.029826300363072194
2020-01-15 08:00:00,0.024665189020694398
2020-01-15 09:00:00,0.024500695434916425
2020-01-15 10:00:00,0.02442834185304164
2020-01-15 11:00:00,0.024370543331735127
2020-01-15 12:00:00,0.024316990897302465
2020-01-15 13:00:00,0.014583618768136228
2020-01-15 14:00:00,0.022044977153893575
2020-01-15 15:00:00,0.01429990221774538
2020-01-15 16:00:00,0.023211833546918838
2020-01-15 17:00:00,0.008417628013518533
2020-01-15 18:00:00,0.007566102278147964
2020-01-15 19:00:00,0.016839063249545514
2020-01-15 20:00:00,0.01412126367756094
2020-01-15 21:00:00,0.013748834666397534
2020-01-15 22:00:00,0.016082213238729503
2020-01-15 23:00:00,0.02329430376208573
2020-01-16 00:00:00,0.018611092664151167
2020-01-16 01:00:00,0.006198455509655811
2020-01-16 02:00:00,0.0064825285942165965
2020-01-16 03:00:00,0.012230899440730093
2020-01-16 04:00:00,0.008609990899534854
2020-01-16 05:00:00,0.014109021706184369
2020-01-16 06:00:00,0.0029996750960821056
2020-01-16 07:00:00,0.006377168363683888
2020-01-16 08:00:00,0.011631612186270597
2020-01-16 09:00:00,0.02544710536812483
2020-01-16 10:00:00,0.012905021683281054
2020-01-16 11:00:00,0.001901924221887258
2020-01-16 12:00:00,0.01265836775585978
2020-01-16 13:00:00,0.009330475840785103
2020-01-16 14:00:00,0.01268134666197749
2020-01-16 15:00:00,0.013333865186850776
2020-01-16 16:00:00,0.012146818772714235
2020-01-16 17:00:00,0.008394029164848126
2020-01-16 18:00:00,0.010796286897907409
2020-01-16 19:00:00,0.011528159390892375
2020-01-16 20:00:00,0.021772031423327797
2020-01-16 21:00:00,0.005383843569662416
2020-01-16 22:00:00,0.013543878331247382
2020-01-16 23:00:00,0.005625251479999296
2020-01-17 00:00:00,0.008511979552370041
2020-01-17 01:00:00,0.008147236500159766
2020-01-17 02:00:00,0.010106890838816098
2020-01-17 03:00:00,0.01388919542789036
2020-01-17 04:00:00,0.012819699696012219
2020-01-17 05:00:00,0.01618179496206667
2020-01-17 06:00:00,0.013723649687781182
2020-01-17 07:00:00,0.008994898019589503
2020-01-17 08:00:00,0.01051458023279494
2020-01-17 09:00:00,0.009764946963997843
2020-01-17 10:00:00,0.01938476146372669
2020-01-17 11:00:00,0.008108382894851322
2020-01-17 12:00:00,0.012325003248562135
2020-01-17 13:00:00,0.01057552951676331
2020-01-17 14:00:00,0.009313670949664695
2020-01-17 15:00:00,0.00867177544724868
2020-01-17 16:00:00,0.006970703448532695
2020-01-17 17:00:00,0.005953923016629105
2020-01-17 18:00:00,0.01090873727730068
2020-01-17 19:00:00,0.011190532457066912
2020-01-17 20:00:00,0.012865360775706635
2020-01-17 21:00:00,0.019646202167011892
2020-01-17 22:00:00,0.007537286078174328
2020-01-17 23:00:00,0.01813622498514
2020-01-18 00:00:00,0.016049651919316194
2020-01-18 01:00:00,0.007842790754226711
2020-01-18 02:00:00,0.01244265509676908
2020-01-18 03:00:00,0.006670098179888533
2020-01-18 04:00:00,0.00860296274678665
2020-01-18 05:00:00,0.013757323535608932
2020-01-18 06:00:00,0.007812097756328844
2020-01-18 07:00:00,0.009423847985576675
2020-01-18 08:00:00,0.002520216021592801
2020-01-18 09:00:00,0.02527175038099963
2020-01-18 10:00:00,0.012891073889885236
2020-01-18 11:00:00,0.008977483642812374
2020-01-18 12:00:00,0.00445339071004172
2020-01-18 13:00:00,0.01341337760785291
2020-01-18 14:00:00,0.013925494757863604
2020-01-18 15:00:00,0.008623999917408306
2020-01-18 16:00:00,0.013055531262448676
2020-01-18 17:00:00,0.015281466959890862
2020-01-18 18:00:00,0.014254717230996092
2020-01-18 19:00:00,0.013775834419864377
2020-01-18 20:00:00,0.0076905783494438575
2020-01-18 21:00:00,0.015101949338034984
2020-01-18 22:00:00,0.012169981944632643
2020-01-18 23:00:00,0.014910423384291356
2020-01-19 00:00:00,0.007212257641213017
2020-01-19 01:00:00,0.0038653626458201363
2020-01-19 02:00:00,0.013942139991764033
2020-01-19 03:00:00,0.014178484438788148
2020-01-19 04:00:00,0.0034488669126543706
2020-01-19 05:00:00,0.005664837321905329
2020-01-19 06:00:00,0.006249936272430615
2020-01-19 07:00:00,0.00899598884980087
2020-01-19 08:00:00,0.00990252085170693
2020-01-19 09:00:00,0.01812182721294736
2020-01-19 10:00:00,0.012135567731748695
2020-01-19 11:00:00,0.011603096336462695
2020-01-19 12:00:00,0.015367219853528733
2020-01-19 13:00:00,0.029604431854326527
2020-01-19 14:00:00,0.013467219408500503
2020-01-19 15:00:00,0.006834557990905014
2020-01-19 16:00:00,0.01832040533508624
2020-01-19 17:00:00,0.014543774966409859
2020-01-19 18:00:00,0.008698080329922859
2020-01-19 19:00:00,0.01311633034337592
2020-01-19 20:00:00,0.0065788991872275
2020-01-19 21:00:00,0.01825857081593828
2020-01-19 22:00:00,0.005003541068954943
2020-01-19 23:00:00,0.006490795388372423
2020-01-20 00:00:00,0.011564143395800516
2020-01-20 01:00:00,0.004668646226270939
2020-01-20 02:00:00,0.015039194319193622
2020-01-20 03:00:00,0.01767001743498436
2020-01-20 04:00:00,0.007630394924307583
2020-01-20 05:00:00,0.006199546379680944
2020-01-20 06:00:00,0.006368950107979451
2020-01-20 07:00:00,0.00653486055367463
2020-01-20 08:00:00,0.0067157780085933365
2020-01-20 09:00:00,0.006910656377228732
2020-01-20 10:00:00,0.00711803245835527
2020-01-20 11:00:00,0.015832284967473555
2020-01-20 12:00:00,0.008224127484012885
2020-01-20 13:00:00,0.007347159888332493
2020-01-20 14:00:00,0.01057931605679646
2020-01-20 15:00:00,0.01355959124166621
2020-01-20 16:00:00,0.01190959493307494
2020-01-20 17:00:00,0.020368109578157174
2020-01-20 18:00:00,0.012321311569702202
2020-01-20 19:00:00,0.018425068869700297
2020-01-20 20:00:00,0.008405682878866878
2020-01-20 21:00:00,0.01966497625726815
2020-01-20 22:00:00,0.008936430449822796
2020-01-20 23:00:00,0.017760415239274206
2020-01-21 00:00:00,0.0056265671726741075
2020-01-21 01:00:00,0.010927126587105799
2020-01-21 02:00:00,0.014095550697710084
2020-01-21 03:00:00,0.013387899885727424
2020-01-21 04:00:00,0.005540673028052994
2020-01-21 05:00:00,0.019160790472588313
2020-01-21 06:00:00,0.015607753435047868
2020-01-21 07:00:00,0.007947752100865402
2020-01-21 08:00:00,0.00977175163455659
2020-01-21 09:00:00,0.010187177191408693
2020-01-21 10:00:00,0.010786516020987584
2020-01-21 11:00:00,0.006779095259370718
2020-01-21 12:00:00,0.020576694843843783
2020-01-21 13:00:00,0.01550131383427511
2020-01-21 14:00:00,0.009322130892764876
2020-01-21 15:00:00,0.017660833181364938
2020-01-21 16:00:00,0.016826504667248866
2020-01-21 17:00:00,0.010596390815621796
2020-01-21 18:00:00,0.013985318087475348
2020-01-21 19:00:00,0.005800812654197104
2020-01-21 20:00:00,0.021486560758291397
2020-01-21 21:00:00,0.0065663976692055094
2020-01-21 22:00:00,0.005677941051719676
2020-01-21 23:00:00,0.005898211475379136
2020-01-22 00:00:00,0.007617254021912736
2020-01-22 01:00:00,0.00722666159518645
2020-01-22 02:00:00,0.008592849258472195
2020-01-22 03:00:00,0.007907183338672756
2020-01-22 04:00:00,0.00715136666983314
2020-01-22 05:00:00,0.006275710621157025
2020-01-22 06:00:00,0.010236359470319669
2020-01-22 07:00:00,0.019253312228391793
2020-01-22 08:00:00,0.008855209972087117
2020-01-22 09:00:00,0.01323956725334077
2020-01-22 10:00:00,0.009646220029642232
2020-01-22 11:00:00,0.019593162867295077
2020-01-22 12:00:00,0.006745104374707011
2020-01-22 13:00:00,0.012056787045930144
2020-01-22 14:00:00,0.004067618926125438
2020-01-22 15:00:00,0.007199139267768059
2020-01-22 16:00:00,0.007095015754215501
2020-01-22 17:00:00,0.009828263559791146
2020-01-22 18:00:00,0.01823005584586992
2020-01-22 19:00:00,0.006594884720673316
2020-01-22 20:00:00,0.01349115075601543
2020-01-22 21:00:00,0.013430593016385968
2020-01-22 22:00:00,0.007039358723279757
2020-01-22 23:00:00,0.010104761554088484
2020-01-23 00:00:00,0.007104793073779106
2020-01-23 01:00:00,0.005557787568437459
2020-01-23 02:00:00,0.013895144462317061
2020-01-23 03:00:00,0.015358671048283415
2020-01-23 04:00:00,0.005204003351191796
2020-01-23 05:00:00,0.006930195977315025
2020-01-23 06:00:00,0.00474062172532738
2020-01-23 07:00:00,0.011257617757460897
2020-01-23 08:00:00,0.005909780381439604
2020-01-23 09:00:00,0.006000917625957856
2020-01-23 10:00:00,0.012227184607199649
2020-01-23 11:00:00,0.007427806566826016
2020-01-23 12:00:00,0.012379141827788603
2020-01-23 13:00:00,0.013210535807963457
2020-01-23 14:00:00,0.01002693893118474
2020-01-23 15:00:00,0.01538449875138176
2020-01-23 16:00:00,0.006889688249336419
2020-01-23 17:00:00,0.0062493268154556305
2020-01-23 18:00:00,0.006541471721886504
2020-01-23 19:00:00,0.007001104550249274
2020-01-23 20:00:00,0.004925507267457242
2020-01-23 21:00:00,0.0061548772209983746
2020-01-23 22:00:00,0.007498680252276149
2020-01-23 23:00:00,0.005862784553349272
2020-01-24 00:00:00,0.007192703812727984
2020-01-24 01:00:00,0.011600505053936346
2020-01-24 02:00:00,0.009019569639338976
2020-01-24 03:00:00,0.006371332360913854
2020-01-24 04:00:00,0.007154436619457341
2020-01-24 05:00:00,0.013880548694894584
2020-01-24 06:00:00,0.009063710772744763
2020-01-24 07:00:00,0.0068218545397805705
2020-01-24 08:00:00,0.007041568202179556
2020-01-24 09:00:00,0.007742705741704937
2020-01-24 10:00:00,0.008335266465441107
2020-01-24 11:00:00,0.009012371023067728
2020-01-24 12:00:00,0.012309524030529068
2020-01-24 13:00:00,0.016966959816696877
2020-01-24 14:00:00,0.006471044144950368
2020-01-24 15:00:00,0.006358356263280803
2020-01-24 16:00:00,0.003511856467918781
2020-01-24 17:00:00,0.009846207908141029
2020-01-24 18:00:00,0.008599253533884101
2020-01-24 19:00:00,0.00567203067996984
2020-01-24 20:00:00,0.009501489798139235
2020-01-24 21:00:00,0.021465239140741423
2020-01-24 22:00:00,0.0067503440982690606
2020-01-24 23:00:00,0.00607543890697833
2020-01-25 00:00:00,0.009694031089409827
2020-01-25 01:00:00,0.010865015149484798
2020-01-25 02:00:00,0.007067297383206929
2020-01-25 03:00:00,0.0069245835443757005
2020-01-25 04:00:00,0.0067454335128766816
2020-01-25 05:00:00,0.006586563290428782
2020-01-25 06:00:00,0.006454896894265041
2020-01-25 07:00:00,0.015676955084176377
2020-01-25 08:00:00,0.014544185950494911
2020-01-25 09:00:00,0.010756326820571425
2020-01-25 10:00:00,0.006431402339289171
2020-01-25 11:00:00,0.007947391834846069
2020-01-25 12:00:00,0.016891757366289655
2020-01-25 13:00:00,0.004497932943664473
2020-01-25 14:00:00,0.0038448800445709157
2020-01-25 15:00:00,0.0028020507281208804
2020-01-25 16:00:00,0.015347967922033823
2020-01-25 17:00:00,0.004576461344717833
2020-01-25 18:00:00,0.01182199794358234
2020-01-25 19:00:00,0.014179422315701642
2020-01-25 20:00:00,0.007962612265572063
2020-01-25 21:00:00,0.006739261130300723
2020-01-25 22:00:00,0.0061505864358563644
2020-01-25 23:00:00,0.009412862985238475
2020-01-26 00:00:00,0.00857640627737629
2020-01-26 01:00:00,0.003916964792838045
2020-01-26 02:00:00,0.0077905509665377294
2020-01-26 03:00:00,0.01214269290567448
2020-01-26 04:00:00,0.006052052975765511
2020-01-26 05:00:00,0.012993166443282496
2020-01-26 06:00:00,0.009309022476650296
2020-01-26 07:00:00,0.008612061705530895
2020-01-26 08:00:00,0.01133192305436633
2020-01-26 09:00:00,0.010391764422927148
2020-01-26 10:00:00,0.0071996050919613365
2020-01-26 11:00:00,0.01625722755818575
2020-01-26 12:00:00,0.008880504482437062
2020-01-26 13:00:00,0.01433246207840401
2020-01-26 14:00:00,0.008172857384298508
2020-01-26 15:00:00,0.008578394917508291
2020-01-26 16:00:00,0.005829914992303642
2020-01-26 17:00:00,0.007229527258511166
2020-01-26 18:00:00,0.014799371897964956
2020-01-26 19:00:00,0.01314728132021808
2020-01-26 20:00:00,0.004234519106492224
2020-01-26 21:00:00,0.009357324216821625
2020-01-26 22:00:00,0.01054167854338905
2020-01-26 23:00:00,0.004874904593431788
2020-01-27 00:00:00,0.004652989773489213
2020-01-27 01:00:00,0.00568696414161131
2020-01-27 02:00:00,0.010322060784060604
2020-01-27 03:00:00,0.010813066322497608
2020-01-27 04:00:00,0.0092787577141885
2020-01-27 05:00:00,0.006238687291846269
2020-01-27 06:00:00,0.011943232010695613
2020-01-27 07:00:00,0.010750204769351956
2020-01-27 08:00:00,0.009058141694505138
2020-01-27 09:00:00,0.004906824575798878
2020-01-27 10:00:00,0.013956675949882062
2020-01-27 11:00:00,0.0047692646539992875
2020-01-27 12:00:00,0.005699597488968149
2020-01-27 13:00:00,0.0058684934504283194
2020-01-27 14:00:00,0.011791486767619964
2020-01-27 15:00:00,0.004719796978532065
2020-01-27 16:00:00,0.004312938932440394
2020-01-27 17:00:00,0.0069708801510754235
2020-01-27 18:00:00,0.0042966607204467265
2020-01-27 19:00:00,0.0062816410939808545
2020-01-27 20:00:00,0.0053658803366678385
2020-01-27 21:00:00,0.01194470728772912
2020-01-27 22:00:00,0.008951765978386024
2020-01-27 23:00:00,0.006998091454148516
2020-01-28 00:00:00,0.00687340075364389
2020-01-28 01:00:00,0.004961558994395447
2020-01-28 02:00:00,0.009807586921991183
2020-01-28 03:00:00,0.014778122734396312
2020-01-28 04:00:00,0.011585378924854731
2020-01-28 05:00:00,0.004001243530540263
2020-01-28 06:00:00,0.004955038867780202
2020-01-28 07:00:00,0.0037929344224275365
2020-01-28 08:00:00,0.007053895020315716
2020-01-28 09:00:00,0.007449326320100975
2020-01-28 10:00:00,0.010822662675627415
2020-01-28 11:00:00,0.011375134872968366
2020-01-28 12:00:00,0.010554232572155958
2020-01-28 13:00:00,0.0016703272886981861
2020-01-28 14:00:00,0.006886568368500525
2020-01-28 15:00:00,0.0073348102229134704
2020-01-28 16:00:00,0.01263960053838359
2020-01-28 17:00:00,0.013653013799481717
2020-01-28 18:00:00,0.01157860878933783
2020-01-28 19:00:00,0.006727109749073546
2020-01-28 20:00:00,0.006016397057190602
2020-01-28 21:00:00,0.013564470222506899
2020-01-28 22:00:00,0.011547842491065611
2020-01-28 23:00:00,0.005670584923982009
2020-01-29 00:00:00,0.007750673789019755
2020-01-29 01:00:00,0.01045292713859836
2020-01-29 02:00:00,0.010931529421252816
2020-01-29 03:00:00,0.00852812086337648
2020-01-29 04:00:00,0.006975817737438107
2020-01-29 05:00:00,0.008824848923038212
2020-01-29 06:00:00,0.0024600646484804105
2020-01-29 07:00:00,0.012925340683964816
2020-01-29 08:00:00,0.005179980650565935
2020-01-29 09:00:00,0.013240343464232087
2020-01-29 10:00:00,0.008257841539570918
2020-01-29 11:00:00,0.004947648649382325
2020-01-29 12:00:00,0.007981367751692357
2020-01-29 13:00:00,0.02022258038968232
2020-01-29 14:00:00,0.0033357904756559885
2020-01-29 15:00:00,0.006283340994780608
2020-01-29 16:00:00,0.006604012238398045
2020-01-29 17:00:00,0.005617031509585779
2020-01-29 18:00:00,0.0033479740616559374
2020-01-29 19:00:00,0.006613273012566945
2020-01-29 20:00:00,0.005383781700930283
2020-01-29 21:00:00,0.004939261082037528
2020-01-29 22:00:00,0.007202286557893104
2020-01-29 23:00:00,0.0070553650381365175
2020-01-30 00:00:00,0.007073615467104937
2020-01-30 01:00:00,0.007189227082054274
2020-01-30 02:00:00,0.007318719206776689
2020-01-30 03:00:00,0.0074510571302150415
2020-01-30 04:00:00,0.005894678221193452
2020-01-30 05:00:00,0.0070393293414673305
2020-01-30 06:00:00,0.007262886561813993
2020-01-30 07:00:00,0.007927257572916529
2020-01-30 08:00:00,0.004786170527656872
2020-01-30 09:00:00,0.014212120293682219
2020-01-30 10:00:00,0.005685799824896522
2020-01-30 11:00:00,0.011706265589228873
2020-01-30 12:00:00,0.011389393845132666
2020-01-30 13:00:00,0.005902934720817138
2020-01-30 14:00:00,0.009859551619728669
2020-01-30 15:00:00,0.0050758646121987555
2020-01-30 16:00:00,0.007076484175018599
2020-01-30 17:00:00,0.008508657750073685
2020-01-30 18:00:00,0.013878191664535796
2020-01-30 19:00:00,0.011376629462498906
2020-01-30 20:00:00,0.013337910470127824
2020-01-30 21:00:00,0.0076254028013627035
2020-01-30 22:00:00,0.006681143066459251
2020-01-30 23:00:00,0.008630319841233056
2020-01-31 00:00:00,0.007761870803760301
2020-01-31 01:00:00,0.011373716506611556
2020-01-31 02:00:00,0.006145521872943345
2020-01-31 03:00:00,0.006611693584082109
2020-01-31 04:00:00,0.0025765157570448883
2020-01-31 05:00:00,0.005696506428760132
2020-01-31 06:00:00,0.009841901924940067
2020-01-31 07:00:00,0.007906181626070386
2020-01-31 08:00:00,0.012788916824366357
2020-01-31 09:00:00,0.003309541086217833
2020-01-31 10:00:00,0.011126820019176826
2020-01-31 11:00:00,0.004350741980539074
2020-01-31 12:00:00,0.0033467848520568645
2020-01-31 13:00:00,0.0057466993527905555
2020-01-31 14:00:00,0.009545166424943486
2020-01-31 15:00:00,0.0036092161800742677
2020-01-31 16:00:00,0.009155304039317084
2020-01-31 17:00:00,0.012015410544458583
2020-01-31 18:00:00,0.0057307173741676
2020-01-31 19:00:00,0.0058532776382285625
2020-01-31 20:00:00,0.004867619425626547
2020-01-31 21:00:00,0.003923212534616859
2020-01-31 22:00:00,0.008671569931861188
2020-01-31 23:00:00,0.010743058741431685
2020-02-01 00:00:00,0.004258073435176585
2020-02-01 01:00:00,0.010181932259553978
2020-02-01 02:00:00,0.0035879498543874237
2020-02-01 03:00:00,0.006013610026554145
2020-02-01 04:00:00,0.010469728706094545
2020-02-01 05:00:00,0.003862813054653072
2020-02-01 06:00:00,0.01121462167712612
2020-02-01 07:00:00,0.0071231757725075465
2020-02-01 08:00:00,0.016921196391739023
2020-02-01 09:00:00,0.007372975812051619
2020-02-01 10:00:00,0.0074788021468344635
2020-02-01 11:00:00,0.005349204602076451
2020-02-01 12:00:00,0.003301688609423916
2020-02-01 13:00:00,0.008645196051467742
2020-02-01 14:00:00,0.00669667304310474
2020-02-01 15:00:00,0.006124955526614127
2020-02-01 16:00:00,0.004984756369553573
2020-02-01 17:00:00,0.007298402871233258
2020-02-01 18:00:00,0.005403762730749679
2020-02-01 19:00:00,0.012239092559795627
2020-02-01 20:00:00,0.0020689555341026223
2020-02-01 21:00:00,0.005283751939303853
2020-02-01 22:00:00,0.007831800523672576
2020-02-01 23:00:00,0.00738599197886869
2020-02-02 00:00:00,0.003834100510041322
2020-02-02 01:00:00,0.010882261903335123
2020-02-02 02:00:00,0.010573855386571147
2020-02-02 03:00:00,0.01255717919472855
2020-02-02 04:00:00,0.0054667247701434855
2020-02-02 05:00:00,0.0055054272553713215
2020-02-02 06:00:00,0.0032221902492940366
2020-02-02 07:00:00,0.005384826192319019
2020-02-02 08:00:00,0.009262265890670746
2020-02-02 09:00:00,0.014457527893044305
2020-02-02 10:00:00,0.006603686552072787
2020-02-02 11:00:00,0.008787867650564798
2020-02-02 12:00:00,0.008379101540327338
2020-02-02 13:00:00,0.004164097329525811
2020-02-02 14:00:00,0.0072744967516352324
2020-02-02 15:00:00,0.009588818508200979
2020-02-02 16:00:00,0.008280514644627852
2020-02-02 17:00:00,0.008032312459765248
2020-02-02 18:00:00,0.006949059980310112
2020-02-02 19:00:00,0.003535230105987413
2020-02-02 20:00:00,0.012187404650007937
2020-02-02 21:00:00,0.009445646322293428
2020-02-02 22:00:00,0.006706177296585587
2020-02-02 23:00:00,0.012982688397788997
2020-02-03 00:00:00,0.004200383350663445
2020-02-03 01:00:00,0.00963692752097802
2020-02-03 02:00:00,0.010301986919242738
2020-02-03 03:00:00,0.009013028905996152
2020-02-03 04:00:00,0.01234414857564715
2020-02-03 05:00:00,0.004967158825689148
2020-02-03 06:00:00,0.004232739784960013
2020-02-03 07:00:00,0.003895194833974281
2020-02-03 08:00:00,0.008406060920852765
2020-02-03 09:00:00,0.003958305244990534
2020-02-03 10:00:00,0.003339466230940397
2020-02-03 11:00:00,0.004460572601387775
2020-02-03 12:00:00,0.008108452265228137
2020-02-03 13:00:00,0.007883425893492902
2020-02-03 14:00:00,0.004637200453263387
2020-02-03 15:00:00,0.0067055143579824875
2020-02-03 16:00:00,0.00845809551889202
2020-02-03 17:00:00,0.008893546414329217
2020-02-03 18:00:00,0.0017213424859676817
2020-02-03 19:00:00,0.008747983511168995
2020-02-03 20:00:00,0.008356753900289737
2020-02-03 21:00:00,0.008291131356855752
2020-02-03 22:00:00,0.008343787082312669
2020-02-03 23:00:00,0.008414091499841935
2020-02-04 00:00:00,0.00848868669172388
2020-02-04 01:00:00,0.006510146820821505
2020-02-04 02:00:00,0.0029857087811236563
2020-02-04 03:00:00,0.005035529724893024
2020-02-04 04:00:00,0.008643940784036536
2020-02-04 05:00:00,0.009360844064011734
2020-02-04 06:00:00,0.004811226789369045
2020-02-04 07:00:00,0.008213269181075015
2020-02-04 08:00:00,0.008287584731368447
2020-02-04 09:00:00,0.007722851943432243
2020-02-04 10:00:00,0.004169722844755879
2020-02-04 11:00:00,0.002553965979785484
2020-02-04 12:00:00,0.005067884029197552
2020-02-04 13:00:00,0.0042867520166032505
2020-02-04 14:00:00,0.00915395212811592
2020-02-04 15:00:00,0.009116324788691435
2020-02-04 16:00:00,0.0041519264191844105
2020-02-04 17:00:00,0.008271324396746287
2020-02-04 18:00:00,0.003970088504148478
2020-02-04 19:00:00,0.004509823252648256
2020-02-04 20:00:00,0.0031867428661497763
2020-02-04 21:00:00,0.0025679122152602847
2020-02-04 22:00:00,0.00505585604458862
2020-02-04 23:00:00,0.009558268787062035
2020-02-05 00:00:00,0.0022454442332310275
2020-02-05 01:00:00,0.01787556940095679
2020-02-05 02:00:00,0.008223514523423027
2020-02-05 03:00:00,0.003248085920689589
2020-02-05 04:00:00,0.013151440834727007
2020-02-05 05:00:00,0.004438191972033238
2020-02-05 06:00:00,0.004555199091437315
2020-02-05 07:00:00,0.009309758958402598
2020-02-05 08:00:00,0.005368341283457089
2020-02-05 09:00:00,0.008479987747317697
2020-02-05 10:00:00,0.003827544764450289
2020-02-05 11:00:00,0.0056510296250658395
2020-02-05 12:00:00,0.009921848650108695
2020-02-05 13:00:00,0.00367772506527052
2020-02-05 14:00:00,0.015151580736937235
2020-02-05 15:00:00,0.004133282570853906
2020-02-05 16:00:00,0.006749094955027564
2020-02-05 17:00:00,0.008204151282008167
2020-02-05 18:00:00,0.009752162907146101
2020-02-05 19:00:00,0.0055809573932251565
2020-02-05 20:00:00,0.003287398956811879
2020-02-05 21:00:00,0.011851729538268801
2020-02-05 22:00:00,0.00234702909078118
2020-02-05 23:00:00,0.007976377136158874
2020-02-06 00:00:00,0.0035393513402293166
2020-02-06 01:00:00,0.004758056991782433
2020-02-06 02:00:00,0.0026792679922991113
2020-02-06 03:00:00,0.004476656759291807
2020-02-06 04:00:00,0.006834465748315304
2020-02-06 05:00:00,0.00625938900522122
2020-02-06 06:00:00,0.006422167642469451
2020-02-06 07:00:00,0.00650982884466426
2020-02-06 08:00:00,0.00987151935940254
2020-02-06 09:00:00,0.0032960378809059362
2020-02-06 10:00:00,0.006641830816215688
2020-02-06 11:00:00,0.008459891679392277
2020-02-06 12:00:00,0.009726577724085235
2020-02-06 13:00:00,0.003994996185207521
2020-02-06 14:00:00,0.003957527181793553
2020-02-06 15:00:00,0.008099545977722692
2020-02-06 16:00:00,0.008815023043194654
2020-02-06 17:00:00,0.006061241614987438
2020-02-06 18:00:00,0.00565095512745331
2020-02-06 19:00:00,0.00809896199683788
2020-02-06 20:00:00,0.005308721665011619
2020-02-06 21:00:00,0.0011210585870824687
2020-02-06 22:00:00,0.0046028153695435664
2020-02-06 23:00:00,0.011253107623396274
2020-02-07 00:00:00,0.004656872018804713
2020-02-07 01:00:00,0.002523031854093532
2020-02-07 02:00:00,0.0071115637367884605
2020-02-07 03:00:00,0.00374561060634923
2020-02-07 04:00:00,0.005079440431798557
2020-02-07 05:00:00,0.011503651223265528
2020-02-07 06:00:00,0.011525144922661648
2020-02-07 07:00:00,0.010537382363260133
2020-02-07 08:00:00,0.00683206377698619
2020-02-07 09:00:00,0.006465519751263969
2020-02-07 10:00:00,0.0032165481170584346
2020-02-07 11:00:00,0.004481814270553682
2020-02-07 12:00:00,0.004184299184040245
2020-02-07 13:00:00,0.003968975656700771
2020-02-07 14:00:00,0.0016314566869978769
2020-02-07 15:00:00,0.0016847543260871943
2020-02-07 16:00:00,0.00667572729317413
2020-02-07 17:00:00,0.009402676106463465
2020-02-07 18:00:00,0.0034323753031775305
2020-02-07 19:00:00,0.005425670622253232
2020-02-07 20:00:00,0.007966702410017143
2020-02-07 21:00:00,0.0063385919388997
2020-02-07 22:00:00,0.0035620549727217337
2020-02-07 23:00:00,0.0016574419460886067
2020-02-08 00:00:00,0.005887614739824212
2020-02-08 01:00:00,0.004411135754337805
2020-02-08 02:00:00,0.0030116632109397088
2020-02-08 03:00:00,0.007274919982017595
2020-02-08 04:00:00,0.0067275342904347625
2020-02-08 05:00:00,0.005333147898809713
2020-02-08 06:00:00,0.005576908958239256
2020-02-08 07:00:00,0.0037250013907430086
2020-02-08 08:00:00,0.008891146445782297
2020-02-08 09:00:00,0.0068791193167367405
2020-02-08 10:00:00,0.0017535722401081843
2020-02-08 11:00:00,0.006301451713012374
2020-02-08 12:00:00,0.005319425255774035
2020-02-08 13:00:00,0.0028487053977213827
2020-02-08 14:00:00,0.0044008791579883055
2020-02-08 15:00:00,0.0037733057626717606
2020-02-08 16:00:00,0.006173615132219792
2020-02-08 17:00:00,0.005977311554886994
2020-02-08 18:00:00,0.005946657516279664
2020-02-08 19:00:00,0.006024424799728273
2020-02-08 20:00:00,0.006118244110260297
2020-02-08 21:00:00,0.00621579538508629
2020-02-08 22:00:00,0.008193249478317522
2020-02-08 23:00:00,0.0039036168378955337
2020-02-09 00:00:00,0.006145224858397451
2020-02-09 01:00:00,0.006660629982319007
2020-02-09 02:00:00,0.0038952901968925067
2020-02-09 03:00:00,0.004809555683799162
2020-02-09 04:00:00,0.00834802623015322
2020-02-09 05:00:00,0.001287826506063469
2020-02-09 06:00:00,0.028652803330720223
2020-02-09 07:00:00,0.00934055806372804
2020-02-09 08:00:00,0.002638849843357694
2020-02-09 09:00:00,0.003909038279457824
2020-02-09 10:00:00,0.006832901566909209
2020-02-09 11:00:00,0.00217924392172547
2020-02-09 12:00:00,0.004644580050744562
2020-02-09 13:00:00,0.009447318261163675
2020-02-09 14:00:00,0.01053656528047591
2020-02-09 15:00:00,0.007820034689754826
2020-02-09 16:00:00,0.00902787300844436
2020-02-09 17:00:00,0.006111687345302404
2020-02-09 18:00:00,0.005253038837151379
2020-02-09 19:00:00,0.004757676762881161
2020-02-09 20:00:00,0.009136243624093337
2020-02-09 21:00:00,0.0004212476671927531
2020-02-09 22:00:00,0.003452911306664888
2020-02-09 23:00:00,0.0011667727937279913
2020-02-10 00:00:00,0.005811605862308949
2020-02-10 01:00:00,0.006643846118422625
2020-02-10 02:00:00,0.00787944904452083
2020-02-10 03:00:00,0.008561938364719279
2020-02-10 04:00:00,0.0043926795985023285
2020-02-10 05:00:00,0.007258143533194346
2020-02-10 06:00:00,0.004885042277077037
2020-02-10 07:00:00,0.005107713457779644
2020-02-10 08:00:00,0.0037918951123089226
2020-02-10 09:00:00,0.003256080162602348
2020-02-10 10:00:00,0.004186272020567346
2020-02-10 11:00:00,0.008936920153277314
2020-02-10 12:00:00,0.006320932036982479
2020-02-10 13:00:00,0.0052198168933507375
2020-02-10 14:00:00,0.0031379135411995825
2020-02-10 15:00:00,0.007261149088127414
2020-02-10 16:00:00,0.005476846689462349
2020-02-10 17:00:00,0.0033299084390262285
2020-02-10 18:00:00,0.006412063956743926
2020-02-10 19:00:00,0.008518552224222702
2020-02-10 20:00:00,0.011901379597459755
2020-02-10 21:00:00,0.005728017338831552
2020-02-10 22:00:00,0.00636105838103878
2020-02-10 23:00:00,0.0051256222079700325
2020-02-11 00:00:00,0.002904483094951809
2020-02-11 01:00:00,0.0025866403787191314
2020-02-11 02:00:00,0.005744669782271122
2020-02-11 03:00:00,0.007870798787441074
2020-02-11 04:00:00,0.007902584531102019
2020-02-11 05:00:00,0.003315171596254666
2020-02-11 06:00:00,0.011353923836939277
2020-02-11 07:00:00,0.007680499398452249
2020-02-11 08:00:00,0.0048432931270349705
2020-02-11 09:00:00,0.005906707440138736
2020-02-11 10:00:00,0.004265746054714168
2020-02-11 11:00:00,0.009340317839289219
2020-02-11 12:00:00,0.004961620983364619
2020-02-11 13:00:00,0.01285779706785289
2020-02-11 14:00:00,0.004773106402328495
2020-02-11 15:00:00,0.008911369526540633
2020-02-11 16:00:00,0.005860913005127098
2020-02-11 17:00:00,0.006048406252859447
2020-02-11 18:00:00,0.005099285760351246
2020-02-11 19:00:00,0.00814707370855501
2020-02-11 20:00:00,0.003987611705514856
2020-02-11 21:00:00,0.003688932006686441
2020-02-11 22:00:00,0.0020393338339013594
2020-02-11 23:00:00,0.004562850588181183
2020-02-12 00:00:00,0.010172879356373858
2020-02-12 01:00:00,0.0039707525284404886
2020-02-12 02:00:00,0.004471033117576074
2020-02-12 03:00:00,0.007085595938108463
2020-02-12 04:00:00,0.003349757363776728
2020-02-12 05:00:00,0.00946975792861563
2020-02-12 06:00:00,0.0033218932008623908
2020-02-12 07:00:00,0.0036303778743406864
2020-02-12 08:00:00,0.001788683741939105
2020-02-12 09:00:00,0.003316076099298999
2020-02-12 10:00:00,0.003287829243082891
2020-02-12 11:00:00,0.003713592516208912
2020-02-12 12:00:00,0.0032166516725005067
2020-02-12 13:00:00,0.0067326898636072725
2020-02-12 14:00:00,0.006033430713676273
2020-02-12 15:00:00,0.004134369285043099
2020-02-12 16:00:00,0.003060268758493487
2020-02-12 17:00:00,0.0036988569494682115
2020-02-12 18:00:00,0.007571957921284976
2020-02-12 19:00:00,0.008091322064648696
2020-02-12 20:00:00,0.004269055449071197
2020-02-12 21:00:00,0.021858558175765683
2020-02-12 22:00:00,0.004099589122355392
2020-02-12 23:00:00,0.005726423637041074
2020-02-13 00:00:00,0.017887742065049755
2020-02-13 01:00:00,0.00945198203867877
2020-02-13 02:00:00,0.01003441917897983
2020-02-13 03:00:00,0.0049580391717900085
2020-02-13 04:00:00,0.004145967979154156
2020-02-13 05:00:00,0.00477642635205464
2020-02-13 06:00:00,0.00424935402628409
2020-02-13 07:00:00,0.0029258124308208927
2020-02-13 08:00:00,0.004133043880950171
2020-02-13 09:00:00,0.006345716936139635
2020-02-13 10:00:00,0.016656379954553442
2020-02-13 11:00:00,0.005035312417955636
2020-02-13 12:00:00,0.0027890126425913846
2020-02-13 13:00:00,0.006157592987555962
2020-02-13 14:00:00,0.009081417827937695
2020-02-13 15:00:00,0.009001183914874025
2020-02-13 16:00:00,0.009005952757446877
2020-02-13 17:00:00,0.009024395893246585
2020-02-13 18:00:00,0.009046710842157022
2020-02-13 19:00:00,0.004344723426506273
2020-02-13 20:00:00,0.002621244982061695
2020-02-13 21:00:00,0.00498324752475026
2020-02-13 22:00:00,0.009456479138816016
2020-02-13 23:00:00,0.003748269347983384
2020-02-14 00:00:00,0.0042655805544017005
2020-02-14 01:00:00,0.004995968527337883
2020-02-14 02:00:00,0.010819900363288198
2020-02-14 03:00:00,0.008440693785764777
2020-02-14 04:00:00,0.003847341626458159
2020-02-14 05:00:00,0.0042600298744339075
2020-02-14 06:00:00,0.003726130524666482
2020-02-14 07:00:00,0.002694017739219363
2020-02-14 08:00:00,0.009156478305546518
2020-02-14 09:00:00,0.00583478041988486
2020-02-14 10:00:00,0.009797884260811414
2020-02-14 11:00:00,0.007648805700896262
2020-02-14 12:00:00,0.005502577649318313
2020-02-14 13:00:00,0.003075756134966295
2020-02-14 14:00:00,0.009522610392724357
2020-02-14 15:00:00,0.004324030075873153
2020-02-14 16:00:00,0.0060482514530071935
2020-02-14 17:00:00,0.005088576815446369
2020-02-14 18:00:00,0.0030562433092021705
2020-02-14 19:00:00,0.00463948047743884
2020-02-14 20:00:00,0.006031138937363129
2020-02-14 21:00:00,0.007932530572913404
2020-02-14 22:00:00,0.002607276100352884
2020-02-14 23:00:00,0.009484654089991149
2020-02-15 00:00:00,0.006084103254677587
2020-02-15 01:00:00,0.003319865966610185
2020-02-15 02:00:00,0.005866644983249584
2020-02-15 03:00:00,0.004097524464924313
2020-02-15 04:00:00,0.0016344208534002469
2020-02-15 05:00:00,0.004982972145730336
2020-02-15 06:00:00,0.005090222935593206
2020-02-15 07:00:00,0.002277392018064791
2020-02-15 08:00:00,0.005269007978346972
2020-02-15 09:00:00,0.0056170859202399675
2020-02-15 10:00:00,0.00665123701257649
2020-02-15 11:00:00,0.007909430459942978
2020-02-15 12:00:00,0.005647644622546781
2020-02-15 13:00:00,0.026351719951400485
2020-02-15 14:00:00,0.007695933391097781
2020-02-15 15:00:00,0.0038716340527281214
2020-02-15 16:00:00,0.0023323437298075613
2020-02-15 17:00:00,0.005326375557712231
2020-02-15 18:00:00,0.006045608467953037
2020-02-15 19:00:00,0.0017203832797318458
2020-02-15 20:00:00,0.008313568678455893
2020-02-15 21:00:00,0.007769632222999124
2020-02-15 22:00:00,0.003289233380142515
2020-02-15 23:00:00,0.0021577623090570405
2020-02-16 00:00:00,0.010197185901385566
2020-02-16 01:00:00,0.010205443303268402
2020-02-16 02:00:00,0.004778007523317299
2020-02-16 03:00:00,0.002901848437786924
2020-02-16 04:00:00,0.0023718579390750345
2020-02-16 05:00:00,0.004986595573089278
2020-02-16 06:00:00,0.005802909090033739
2020-02-16 07:00:00,0.00598185929283551
2020-02-16 08:00:00,0.0026715105587944497
2020-02-16 09:00:00,0.004971523850408138
2020-02-16 10:00:00,0.00288506279311269
2020-02-16 11:00:00,0.004974859715099328
2020-02-16 12:00:00,0.003040372062282605
2020-02-16 13:00:00,0.0035793804410903097
2020-02-16 14:00:00,0.008095015849226313
2020-02-16 15:00:00,0.0029595381131457595
2020-02-16 16:00:00,0.0070237785149375965
2020-02-16 17:00:00,0.00789500835057655
2020-02-16 18:00:00,0.005288929838593551
2020-02-16 19:00:00,0.0059514873277271875
2020-02-16 20:00:00,0.008389434340031162
2020-02-16 21:00:00,0.004500485403713672
2020-02-16 22:00:00,0.003975190050435282
2020-02-16 23:00:00,0.0029950931805380397
2020-02-17 00:00:00,0.006921855620813826
2020-02-17 01:00:00,0.0027400213283164518
2020-02-17 02:00:00,0.01000817824988958
2020-02-17 03:00:00,0.002984735840665533
2020-02-17 04:00:00,0.004976289172765414
2020-02-17 05:00:00,0.004687203891903277
2020-02-17 06:00:00,0.003250492182498619
2020-02-17 07:00:00,0.0060590400285766115
2020-02-17 08:00:00,0.0032099064740434185
2020-02-17 09:00:00,0.005625268880591034
2020-02-17 10:00:00,0.0020389783699119313
2020-02-17 11:00:00,0.00416132851231667
2020-02-17 12:00:00,0.005235384058965729
2020-02-17 13:00:00,0.0037201801401323888
2020-02-17 14:00:00,0.006214719516239888
2020-02-17 15:00:00,0.010469058756354814
2020-02-17 16:00:00,0.004397193126434496
2020-02-17 17:00:00,0.011514387930231785
2020-02-17 18:00:00,0.005671047532389359
2020-02-17 19:00:00,0.0014709819262048694
2020-02-17 20:00:00,0.0009627508992670278
2020-02-17 21:00:00,0.008014078977976272
2020-02-17 22:00:00,0.0023583237876577574
2020-02-17 23:00:00,0.007680622438298714
2020-02-18 00:00:00,0.003740634489251064
2020-02-18 01:00:00,0.0026676132189303926
2020-02-18 02:00:00,0.006343834036745795
2020-02-18 03:00:00,0.01436102869241214
2020-02-18 04:00:00,0.01954018755035326
2020-02-18 05:00:00,0.00543861323952763
2020-02-18 06:00:00,0.00233153204440208
2020-02-18 07:00:00,0.008472881390353777
2020-02-18 08:00:00,0.0050804536669515855
2020-02-18 09:00:00,0.0019870221049951013
2020-02-18 10:00:00,0.004264872690764567
2020-02-18 11:00:00,0.009789943140644042
2020-02-18 12:00:00,0.009923540873407102
2020-02-18 13:00:00,0.009960955525865
2020-02-18 14:00:00,0.009981282254763132
2020-02-18 15:00:00,0.009994799069633433
2020-02-18 16:00:00,0.0019991825832277495
2020-02-18 17:00:00,0.005116238680813805
2020-02-18 18:00:00,0.005029615708363901
2020-02-18 19:00:00,0.009711098651473373
2020-02-18 20:00:00,0.002774679370997309
2020-02-18 21:00:00,0.009875537472385397
2020-02-18 22:00:00,0.004488112796753269
2020-02-18 23:00:00,0.0039846289273386465
2020-02-19 00:00:00,0.0045215356308492775
2020-02-19 01:00:00,0.0056279950347847
2020-02-19 02:00:00,0.003901169687214263
2020-02-19 03:00:00,0.008277749218118557
2020-02-19 04:00:00,0.00553818461003344
2020-02-19 05:00:00,0.0075908146470323075
2020-02-19 06:00:00,0.003207983417704533
2020-02-19 07:00:00,0.012072175556459135
2020-02-19 08:00:00,0.004486048016403827
2020-02-19 09:00:00,0.007355534293175324
2020-02-19 10:00:00,0.004811426901884285
2020-02-19 11:00:00,0.0067703527284656935
2020-02-19 12:00:00,0.002961285761958914
2020-02-19 13:00:00,0.005741700638326037
2020-02-19 14:00:00,0.0017118976851671318
2020-02-19 15:00:00,0.008366252324443324
2020-02-19 16:00:00,0.006702343671409493
2020-02-19 17:00:00,0.005814336829250328
2020-02-19 18:00:00,0.007843673828363549
2020-02-19 19:00:00,0.015571407097827013
2020-02-19 20:00:00,0.008341905620115098
2020-02-19 21:00:00,0.006300899536899422
2020-02-19 22:00:00,0.007697727494256018
2020-02-19 23:00:00,0.003995210191422063
2020-02-20 00:00:00,0.011303231622762852
2020-02-20 01:00:00,0.004780750407959795
2020-02-20 02:00:00,0.0026521446618626332
2020-02-20 03:00:00,0.0029301935869453623
2020-02-20 04:00:00,0.002468277112764743
2020-02-20 05:00:00,0.0053605940378700125
2020-02-20 06:00:00,0.006229405198043337
2020-02-20 07:00:00,0.008424977519817786
2020-02-20 08:00:00,0.0031237260269638277
2020-02-20 09:00:00,0.002266958332580512
2020-02-20 10:00:00,0.007932776881114604
2020-02-20 11:00:00,0.009289776338700755
2020-02-20 12:00:00,0.013970761370232973
2020-02-20 13:00:00,0.0039990860550767
2020-02-20 14:00:00,0.0066211140064678774
2020-02-20 15:00:00,0.00431853886959974
2020-02-20 16:00:00,0.0037709357195912334
2020-02-20 17:00:00,0.007282642071282326
2020-02-20 18:00:00,0.00793941398606354
2020-02-20 19:00:00,0.0055086922729989055
2020-02-20 20:00:00,0.020629751008222695
2020-02-20 21:00:00,0.00778378554616603
2020-02-20 22:00:00,0.007866329067294753
2020-02-20 23:00:00,0.012924274963437867
2020-02-21 00:00:00,0.0043698130585240955
2020-02-21 01:00:00,0.0023349202023244804
2020-02-21 02:00:00,0.0018754045756706542
2020-02-21 03:00:00,0.004696399086948983
2020-02-21 04:00:00,0.005441150516415396
2020-02-21 05:00:00,0.0049248194479861096
2020-02-21 06:00:00,0.0022678381171997706
2020-02-21 07:00:00,0.004148984555347943
2020-02-21 08:00:00,0.0088307330575579
2020-02-21 09:00:00,0.0046166652095263
2020-02-21 10:00:00,0.002317877332990775
2020-02-21 11:00:00,0.0028052941677382958
2020-02-21 12:00:00,0.007275335501507342
2020-02-21 13:00:00,0.008785443014861944
2020-02-21 14:00:00,0.006267805119994573
2020-02-21 15:00:00,0.028423840090999797
2020-02-21 16:00:00,0.004110257527406273
2020-02-21 17:00:00,0.0021561459421349546
2020-02-21 18:00:00,0.0019913360644965724
2020-02-21 19:00:00,0.016599651497719442
2020-02-21 20:00:00,0.0018016222415477246
2020-02-21 21:00:00,0.0024290303990992085
2020-02-21 22:00:00,0.004665738106914469
2020-02-21 23:00:00,0.008326360462849522
2020-02-22 00:00:00,0.012611029521526845
2020-02-22 01:00:00,0.003886896216462517
2020-02-22 02:00:00,0.011637280085602471
2020-02-22 03:00:00,0.0071872034269081534
2020-02-22 04:00:00,0.0025672098353781056
2020-02-22 05:00:00,0.0032773844072254378
2020-02-22 06:00:00,0.0077098211117031185
2020-02-22 07:00:00,0.005204205909011554
2020-02-22 08:00:00,0.010004060180644451
2020-02-22 09:00:00,0.013870670532752705
2020-02-22 10:00:00,0.003901303352370175
2020-02-22 11:00:00,0.0020937502483923155
2020-02-22 12:00:00,0.0028548340007378114
2020-02-22 13:00:00,0.005722511324471154
2020-02-22 14:00:00,0.008551144962497951
2020-02-22 15:00:00,0.004588932925484138
2020-02-22 16:00:00,0.004218955162738489
2020-02-22 17:00:00,0.008188533980764346
2020-02-22 18:00:00,0.006731417758771309
2020-02-22 19:00:00,0.006852533913099182
2020-02-22 20:00:00,0.006817175837908927
2020-02-22 21:00:00,0.008082879564844457
2020-02-22 22:00:00,0.0022913716393946587
2020-02-22 23:00:00,0.002740465419488543
2020-02-23 00:00:00,0.0025873552947207534
2020-02-23 01:00:00,0.00482725403535357
2020-02-23 02:00:00,0.004401065196606794
2020-02-23 03:00:00,0.0019369844323864815
2020-02-23 04:00:00,0.002808118879093644
2020-02-23 05:00:00,0.0011363008149423662
2020-02-23 06:00:00,0.002679522566249256
2020-02-23 07:00:00,0.0019411333949816377
2020-02-23 08:00:00,0.008586198786917175
2020-02-23 09:00:00,0.00876590311984346
2020-02-23 10:00:00,0.008831084732430942
2020-02-23 11:00:00,0.008875143364334197
2020-02-23 12:00:00,0.008910844144639309
2020-02-23 13:00:00,0.005260316318758784
2020-02-23 14:00:00,0.0029882524948210845
2020-02-23 15:00:00,0.002169900007387297
2020-02-23 16:00:00,0.008538921078931045
2020-02-23 17:00:00,0.005391332355011554
2020-02-23 18:00:00,0.0074107646277369685
2020-02-23 19:00:00,0.003711256062711622
2020-02-23 20:00:00,0.005615438339491647
2020-02-23 21:00:00,0.0037129214705731617
2020-02-23 22:00:00,0.019420363818624723
2020-02-23 23:00:00,0.0018198786589936364
2020-02-24 00:00:00,0.004016077647153703
2020-02-24 01:00:00,0.0062432390380961975
2020-02-24 02:00:00,0.0026138762584621464
2020-02-24 03:00:00,0.007457935750028714
2020-02-24 04:00:00,0.002848287319366461
2020-02-24 05:00:00,0.005920422997524163
2020-02-24 06:00:00,0.0029046080972671535
2020-02-24 07:00:00,0.005704528059519818
2020-02-24 08:00:00,0.0021274124738419648
2020-02-24 09:00:00,0.007854635681896878
2020-02-24 10:00:00,0.002732799475457908
2020-02-24 11:00:00,0.0027353512584532783
2020-02-24 12:00:00,0.005119134865799819
2020-02-24 13:00:00,0.0037822523636812165
2020-02-24 14:00:00,0.01172176920190064
2020-02-24 15:00:00,0.006742890986049564
2020-02-24 16:00:00,0.006431987981505463
2020-02-24 17:00:00,0.00330658486494856
2020-02-24 18:00:00,0.013195260138241998
2020-02-24 19:00:00,0.0024045359461313475
2020-02-24 20:00:00,0.006661511747134899
2020-02-24 21:00:00,0.0022822927803022065
2020-02-24 22:00:00,0.0032790515799283335
2020-02-24 23:00:00,0.0032292653273784905
2020-02-25 00:00:00,0.010150458084542669
2020-02-25 01:00:00,0.005414555733214275
2020-02-25 02:00:00,0.00605447923806453
2020-02-25 03:00:00,0.006227838986597476
2020-02-25 04:00:00,0.0018390082393152092
2020-02-25 05:00:00,0.0016161721854694373
2020-02-25 06:00:00,0.001696785091034858
2020-02-25 07:00:00,0.003547410629670542
2020-02-25 08:00:00,0.0026468646358167335
2020-02-25 09:00:00,0.004482219545918952
2020-02-25 10:00:00,0.010514190922005272
2020-02-25 11:00:00,0.002332357306252852
2020-02-25 12:00:00,0.0047856869217212305
2020-02-25 13:00:00,0.003138544056863993
2020-02-25 14:00:00,0.003607215904016056
2020-02-25 15:00:00,0.006671244122013269
2020-02-25 16:00:00,0.002609055398917061
2020-02-25 17:00:00,0.004252467350009226
2020-02-25 18:00:00,0.008696886430596648
2020-02-25 19:00:00,0.008765691357398407
2020-02-25 20:00:00,0.0013243616720411862
2020-02-25 21:00:00,0.010174317709309584
2020-02-25 22:00:00,0.011433415115344417
2020-02-25 23:00:00,0.006136404378671665
2020-02-26 00:00:00,0.0038954227557762146
2020-02-26 01:00:00,0.005697893358742955
2020-02-26 02:00:00,0.002456785998447957
2020-02-26 03:00:00,0.010985146621343585
2020-02-26 04:00:00,0.002718134379039609
2020-02-26 05:00:00,0.0027995674189468522
2020-02-26 06:00:00,0.007207779757204716
2020-02-26 07:00:00,0.005010792179222753
2020-02-26 08:00:00,0.005317213657425593
2020-02-26 09:00:00,0.0035862690840495386
2020-02-26 10:00:00,0.005481412237648786
2020-02-26 11:00:00,0.006402738803214586
2020-02-26 12:00:00,0.002433197441236273
2020-02-26 13:00:00,0.03122526099164186
2020-02-26 14:00:00,0.0016449668540891014
2020-02-26 15:00:00,0.004409637957139495
2020-02-26 16:00:00,0.0033002478370001177
2020-02-26 17:00:00,0.0016448073179899717
2020-02-26 18:00:00,0.011913286918630181
2020-02-26 19:00:00,0.004911070974930674
2020-02-26 20:00:00,0.003505984033407608
2020-02-26 21:00:00,0.012838060959174684
2020-02-26 22:00:00,0.004622606040086835
2020-02-26 23:00:00,0.0022967741880474796
2020-02-27 00:00:00,0.002424851149078661
2020-02-27 01:00:00,0.003323198537363094
2020-02-27 02:00:00,0.004119678868071785
2020-02-27 03:00:00,0.0036106934340402685
2020-02-27 04:00:00,0.0046609905812783105
2020-02-27 05:00:00,0.002109617337190195
2020-02-27 06:00:00,0.013598606407230415
2020-02-27 07:00:00,0.0043634720921343515
2020-02-27 08:00:00,0.008089590952710281
2020-02-27 09:00:00,0.007440552097512957
2020-02-27 10:00:00,0.007438849742888243
2020-02-27 11:00:00,0.0051119187160220585
2020-02-27 12:00:00,0.005778209327134783
2020-02-27 13:00:00,0.00486468324307723
2020-02-27 14:00:00,0.0023931617421816456
2020-02-27 15:00:00,0.003299544666396876
2020-02-27 16:00:00,0.005038486985406761
2020-02-27 17:00:00,0.0025078858881528608
2020-02-27 18:00:00,0.00179316794836213
2020-02-27 19:00:00,0.0020990787095804416
2020-02-27 20:00:00,0.013389903961767792
2020-02-27 21:00:00,0.014347402354301745
2020-02-27 22:00:00,0.020512134035890937
2020-02-27 23:00:00,0.011386210226966441
2020-02-28 00:00:00,0.00745605724396932
2020-02-28 01:00:00,0.0022909084018980052
2020-02-28 02:00:00,0.0020698516953496257
2020-02-28 03:00:00,0.005234275834969006
2020-02-28 04:00:00,0.006455922503025262
2020-02-28 05:00:00,0.007581224313387397
2020-02-28 06:00:00,0.007788608023841085
2020-02-28 07:00:00,0.007876277292467912
2020-02-28 08:00:00,0.007941303436814148
2020-02-28 09:00:00,0.007997184889792938
2020-02-28 10:00:00,0.005635287234429665
2020-02-28 11:00:00,0.005987469647455745
2020-02-28 12:00:00,0.002446685300422053
2020-02-28 13:00:00,0.0077364735008441776
2020-02-28 14:00:00,0.006895921996064278
2020-02-28 15:00:00,0.0034017259519126945
2020-02-28 16:00:00,0.0030549374309480413
2020-02-28 17:00:00,0.002033209637405071
2020-02-28 18:00:00,0.01536709070355195
2020-02-28 19:00:00,0.009541576323628276
2020-02-28 20:00:00,0.0026414542457694535
2020-02-28 21:00:00,0.005416306727774127
2020-02-28 22:00:00,0.0045496368991647185
2020-02-28 23:00:00,0.007457397226102398
2020-02-29 00:00:00,0.00819283275382932
2020-02-29 01:00:00,0.006838265575723557
2020-02-29 02:00:00,0.003400775619761475
2020-02-29 03:00:00,0.009403461299995143
2020-02-29 04:00:00,0.0019480236348964335
2020-02-29 05:00:00,0.011446553940685993
2020-02-29 06:00:00,0.003727376004331405
2020-02-29 07:00:00,0.009604126105540563
2020-02-29 08:00:00,0.006608116097213422
2020-02-29 09:00:00,0.004724528829695737
2020-02-29 10:00:00,0.003920604324980216
2020-02-29 11:00:00,0.0035947126662093957
2020-02-29 12:00:00,0.003907848130832528
2020-02-29 13:00:00,0.007981367596522852
2020-02-29 14:00:00,0.004363953562671166
2020-02-29 15:00:00,0.003115326670879893
2020-02-29 16:00:00,0.003158740463515639
2020-02-29 17:00:00,0.005979612734208003
2020-02-29 18:00:00,0.005958738081048134
2020-02-29 19:00:00,0.013695117922364802
2020-02-29 20:00:00,0.008905890919510244
2020-02-29 21:00:00,0.005774959422879593
2020-02-29 22:00:00,0.017533368817154036
2020-02-29 23:00:00,0.002204748755636944
2020-03-01 00:00:00,0.01645001217744481
2020-03-01 01:00:00,0.006299114330650277
2020-03-01 02:00:00,0.002710201553666206
2020-03-01 03:00:00,0.007508435495511713
2020-03-01 04:00:00,0.002581961525777798
2020-03-01 05:00:00,0.005998218149885223
2020-03-01 06:00:00,0.0029881432123006297
2020-03-01 07:00:00,0.005730953999063192
2020-03-01 08:00:00,0.0036939573275462487
2020-03-01 09:00:00,0.004688490850475419
2020-03-01 10:00:00,0.008036139770136638
2020-03-01 11:00:00,0.004460565860845403
2020-03-01 12:00:00,0.014944185443860314
2020-03-01 13:00:00,0.004649844846781381
2020-03-01 14:00:00,0.008553526059038617
2020-03-01 15:00:00,0.005406049634580015
2020-03-01 16:00:00,0.005553551674135204
2020-03-01 17:00:00,0.005159937880667694
2020-03-01 18:00:00,0.0064995985503708545
2020-03-01 19:00:00,0.001070929291127855
2020-03-01 20:00:00,0.0035591240286171667
2020-03-01 21:00:00,0.006859551214162827
2020-03-01 22:00:00,0.010103626609125733
2020-03-01 23:00:00,0.006207176849344077
2020-03-02 00:00:00,0.012263374847720207
2020-03-02 01:00:00,0.015305854469208189
2020-03-02 02:00:00,0.0020719627046916003
2020-03-02 03:00:00,0.005035556030965038
2020-03-02 04:00:00,0.0034034820361196175
2020-03-02 05:00:00,0.001165624668967376
2020-03-02 06:00:00,0.001036257103932414
2020-03-02 07:00:00,0.004469041107685925
2020-03-02 08:00:00,0.003260340565951514
2020-03-02 09:00:00,0.007398939297318877
2020-03-02 10:00:00,0.004547763548119871
2020-03-02 11:00:00,0.0016485172829164515
2020-03-02 12:00:00,0.0034532363819907534
2020-03-02 13:00:00,0.014722895202396405
2020-03-02 14:00:00,0.008139235532499551
2020-03-02 15:00:00,0.0032267242029382142
2020-03-02 16:00:00,0.005221939911036718
2020-03-02 17:00:00,0.004977640071417054
2020-03-02 18:00:00,0.0065139345091511
2020-03-02 19:00:00,0.0031021720509754372
2020-03-02 20:00:00,0.00860894500692918
2020-03-02 21:00:00,0.006869965183333487
2020-03-02 22:00:00,0.006267518731332888
2020-03-02 23:00:00,0.008900917407310319
2020-03-03 00:00:00,0.007641974840500891
2020-03-03 01:00:00,0.007966260096256419
2020-03-03 02:00:00,0.008705197267897176
2020-03-03 03:00:00,0.005161527823866649
2020-03-03 04:00:00,0.0027309844192369625
2020-03-03 05:00:00,0.004673262717297359
2020-03-03 06:00:00,0.005278826223453668
2020-03-03 07:00:00,0.002651834368811371
2020-03-03 08:00:00,0.004045666938010698
2020-03-03 09:00:00,0.006953965628925392
2020-03-03 10:00:00,0.002827071543964178
2020-03-03 11:00:00,0.002863788652714165
2020-03-03 12:00:00,0.0052351505818110855
2020-03-03 13:00:00,0.004058525680738218
2020-03-03 14:00:00,0.0027940924099910244
2020-03-03 15:00:00,0.017100874924538628
2020-03-03 16:00:00,0.0037542625833928726
2020-03-03 17:00:00,0.006882981563686501
2020-03-03 18:00:00,0.0068012048196970645
2020-03-03 19:00:00,0.011484195995238611
2020-03-03 20:00:00,0.006150874544861462
2020-03-03 21:00:00,0.0018491095151628534
2020-03-03 22:00:00,0.005198839170484105
2020-03-03 23:00:00,0.004914325587466031
2020-03-04 00:00:00,0.0030164919988281413
2020-03-04 01:00:00,0.0033127467755256546
2020-03-04 02:00:00,0.0031975685912367076
2020-03-04 03:00:00,0.0034869023906444873
2020-03-04 04:00:00,0.0036668404579903867
2020-03-04 05:00:00,0.003824784812458779
2020-03-04 06:00:00,0.00397295170683908
2020-03-04 07:00:00,0.002346688959890412
2020-03-04 08:00:00,0.001961136040480866
2020-03-04 09:00:00,0.004423724683362175
2020-03-04 10:00:00,0.004084145366263685
2020-03-04 11:00:00,0.0080346977064187
2020-03-04 12:00:00,0.0033827581419058872
2020-03-04 13:00:00,0.006711210101501869
2020-03-04 14:00:00,0.007537750369430183
2020-03-04 15:00:00,0.0026468223830051567
2020-03-04 16:00:00,0.002863486875607337
2020-03-04 17:00:00,0.00499696161791418
2020-03-04 18:00:00,0.003924612053219355
2020-03-04 19:00:00,0.008587893216609736
2020-03-04 20:00:00,0.0020627661133485412
2020-03-04 21:00:00,0.005486474013708263
2020-03-04 22:00:00,0.007483136889406754
2020-03-04 23:00:00,0.004828492747809389
2020-03-05 00:00:00,0.0061948105234229155
2020-03-05 01:00:00,0.003765236943030977
2020-03-05 02:00:00,0.0020133447146250135
2020-03-05 03:00:00,0.004842285313567417
2020-03-05 04:00:00,0.0033486677316495036
2020-03-05 05:00:00,0.007007787560802389
2020-03-05 06:00:00,0.002347360798608819
2020-03-05 07:00:00,0.002309415124526608
2020-03-05 08:00:00,0.0034019182048191077
2020-03-05 09:00:00,0.001697439811406538
2020-03-05 10:00:00,0.007995057352674721
2020-03-05 11:00:00,0.004161431051397312
2020-03-05 12:00:00,0.01428194069740404
2020-03-05 13:00:00,0.002888196832210433
2020-03-05 14:00:00,0.00443809707723361
2020-03-05 15:00:00,0.0035443089917773767
2020-03-05 16:00:00,0.008737514538659903
2020-03-05 17:00:00,0.001174765734803446
2020-03-05 18:00:00,0.003991703553536192
2020-03-05 19:00:00,0.005000366137591264
2020-03-05 20:00:00,0.005124260789674084
2020-03-05 21:00:00,0.00268445284026668
2020-03-05 22:00:00,0.00351492929388688
2020-03-05 23:00:00,0.0012774399418343328
2020-03-06 00:00:00,0.0018804380857332958
2020-03-06 01:00:00,0.003055423043681226
2020-03-06 02:00:00,0.0062664206142680435
2020-03-06 03:00:00,0.015196241802104445
2020-03-06 04:00:00,0.004760172328504492
2020-03-06 05:00:00,0.00939699854558127
2020-03-06 06:00:00,0.00511653941392761
2020-03-06 07:00:00,0.008170818383525923
2020-03-06 08:00:00,0.002786434409939579
2020-03-06 09:00:00,0.0056171142067789545
2020-03-06 10:00:00,0.005741834129774112
2020-03-06 11:00:00,0.00324102001799529
2020-03-06 12:00:00,0.006246476703123678
2020-03-06 13:00:00,0.006375341622028943
2020-03-06 14:00:00,0.0036199886303692084
2020-03-06 15:00:00,0.0077620768192042154
2020-03-06 16:00:00,0.029286989533870753
2020-03-06 17:00:00,0.006805116984642859
2020-03-06 18:00:00,0.0027134273544924224
2020-03-06 19:00:00,0.0033955364941131785
2020-03-06 20:00:00,0.0025011658075519893
2020-03-06 21:00:00,0.0018309040046847697
2020-03-06 22:00:00,0.0075714996157683016
2020-03-06 23:00:00,0.0023279812397243188
2020-03-07 00:00:00,0.015162196726455478
2020-03-07 01:00:00,0.0050701159139600735
2020-03-07 02:00:00,0.0012360187268076017
2020-03-07 03:00:00,0.0009894480838728815
2020-03-07 04:00:00,0.009829003600694443
2020-03-07 05:00:00,0.005067035117652624
2020-03-07 06:00:00,0.0032152036925665955
2020-03-07 07:00:00,0.011705446028210118
2020-03-07 08:00:00,0.007033458445294883
2020-03-07 09:00:00,0.007549812007679229
2020-03-07 10:00:00,0.0021783569089215415
2020-03-07 11:00:00,0.011710334065556544
2020-03-07 12:00:00,0.007047165756312988
2020-03-07 13:00:00,0.003892957201570789
2020-03-07 14:00:00,0.00917306357124417
2020-03-07 15:00:00,0.00611058701452826
2020-03-07 16:00:00,0.019390501453573634
2020-03-07 17:00:00,0.014364409881435213
2020-03-07 18:00:00,0.0046055898874766315
2020-03-07 19:00:00,0.01197488681809442
2020-03-07 20:00:00,0.004628944160453468
2020-03-07 21:00:00,0.008804180369099258
2020-03-07 22:00:00,0.0016664663952014349
2020-03-07 23:00:00,0.002625675502086908
2020-03-08 00:00:00,0.003636304096935014
2020-03-08 01:00:00,0.0023390086329347047
2020-03-08 02:00:00,0.004213254785591812
2020-03-08 03:00:00,0.0045991698470701226
2020-03-08 04:00:00,0.00478552210501921
2020-03-08 05:00:00,0.006844544504403937
2020-03-08 06:00:00,0.018772267064911828
2020-03-08 07:00:00,0.010579676441239774
2020-03-08 08:00:00,0.0036267124098164362
2020-03-08 09:00:00,0.0037844790895504186
2020-03-08 10:00:00,0.006109868918109841
2020-03-08 11:00:00,0.004145924688394093
2020-03-08 12:00:00,0.009663922950548675
2020-03-08 13:00:00,0.004641932590252779
2020-03-08 14:00:00,0.011429076378150684
2020-03-08 15:00:00,0.004776541339926983
2020-03-08 16:00:00,0.009078068645562463
2020-03-08 17:00:00,0.004416943210480387
2020-03-08 18:00:00,0.01299350787767743
2020-03-08 19:00:00,0.008311949374288153
2020-03-08 20:00:00,0.010028458325889597
2020-03-08 21:00:00,0.008908766638275225
2020-03-08 22:00:00,0.006447375222085332
2020-03-08 23:00:00,0.006916502318994603
2020-03-09 00:00:00,0.007157343626897178
2020-03-09 01:00:00,0.007279931680808948
2020-03-09 02:00:00,0.007379052553132252
2020-03-09 03:00:00,0.00746810167367948
2020-03-09 04:00:00,0.004518401026452272
2020-03-09 05:00:00,0.0031762662715716884
2020-03-09 06:00:00,0.00263987286592214
2020-03-09 07:00:00,0.007322867135400736
2020-03-09 08:00:00,0.00450810964926549
2020-03-09 09:00:00,0.005026033005825492
2020-03-09 10:00:00,0.0027292751545689763
2020-03-09 11:00:00,0.012715182522570648
2020-03-09 12:00:00,0.0028664299328678543
2020-03-09 13:00:00,0.003947936153307142
2020-03-09 14:00:00,0.010729325103196725
2020-03-09 15:00:00,0.004349690799383438
2020-03-09 16:00:00,0.006186752958295284
2020-03-09 17:00:00,0.006276341927588476
2020-03-09 18:00:00,0.0014403968592379835
2020-03-09 19:00:00,0.0037503549187494546
2020-03-09 20:00:00,0.0013278932891777927
2020-03-09 21:00:00,0.002481758335248942
2020-03-09 22:00:00,0.011412960754622
2020-03-09 23:00:00,0.002863903265864214
2020-03-10 00:00:00,0.012568387808202961
2020-03-10 01:00:00,0.0015994401053445184
2020-03-10 02:00:00,0.005643420205749659
2020-03-10 03:00:00,0.005487582586749152
2020-03-10 04:00:00,0.004681698544142137
2020-03-10 05:00:00,0.00719040431253043
2020-03-10 06:00:00,0.009158451870634354
2020-03-10 07:00:00,0.004692176111515068
2020-03-10 08:00:00,0.005535374377056355
2020-03-10 09:00:00,0.007248499121412099
2020-03-10 10:00:00,0.002380855340683859
2020-03-10 11:00:00,0.00583616937179526
2020-03-10 12:00:00,0.004469892953717054
2020-03-10 13:00:00,0.007570858029668995
2020-03-10 14:00:00,0.002022480125206489
2020-03-10 15:00:00,0.02033291820699195
2020-03-10 16:00:00,0.022504933294858757
2020-03-10 17:00:00,0.0076049473714172025
2020-03-10 18:00:00,0.00430984832673055
2020-03-10 19:00:00,0.006687686461335438
2020-03-10 20:00:00,0.0024956103749399204
2020-03-10 21:00:00,0.0032768748803691135
2020-03-10 22:00:00,0.008146155070282577
2020-03-10 23:00:00,0.0031810400622087074
2020-03-11 00:00:00,0.007209129131637916
2020-03-11 01:00:00,0.0033015887312718246
2020-03-11 02:00:00,0.01808135542906496
2020-03-11 03:00:00,0.006757957421813122
2020-03-11 04:00:00,0.0015982425437362565
2020-03-11 05:00:00,0.003825382684877199
2020-03-11 06:00:00,0.0045780438606161065
2020-03-11 07:00:00,0.00413214522657472
2020-03-11 08:00:00,0.022332860032229077
2020-03-11 09:00:00,0.009473827825059618
2020-03-11 10:00:00,0.009542607276567139
2020-03-11 11:00:00,0.005152358469188817
2020-03-11 12:00:00,0.002321534820118461
2020-03-11 13:00:00,0.008863332137023961
2020-03-11 14:00:00,0.00884781323339861
2020-03-11 15:00:00,0.005469914532722106
2020-03-11 16:00:00,0.00236976829557806
2020-03-11 17:00:00,0.0031711831819942657
2020-03-11 18:00:00,0.006339636412561184
2020-03-11 19:00:00,0.0037620671615297605
2020-03-11 20:00:00,0.00412662549802315
2020-03-11 21:00:00,0.0031044511945986833
2020-03-11 22:00:00,0.0026374008013391
2020-03-11 23:00:00,0.0017736016804497843
2020-03-12 00:00:00,0.005747585037198404
2020-03-12 01:00:00,0.016421178312516504
2020-03-12 02:00:00,0.00313763005796418
2020-03-12 03:00:00,0.0029920700147974067
2020-03-12 04:00:00,0.0056089982829160044
2020-03-12 05:00:00,0.008258681678474721
2020-03-12 06:00:00,0.008150875051421598
2020-03-12 07:00:00,0.008076920397312814
2020-03-12 08:00:00,0.0032699126395105502
2020-03-12 09:00:00,0.013885022515632879
2020-03-12 10:00:00,0.004521290360106937
2020-03-12 11:00:00,0.009441848767034576
2020-03-12 12:00:00,0.0041132412478483505
2020-03-12 13:00:00,0.006971014515665055
2020-03-12 14:00:00,0.0074887510481408594
2020-03-12 15:00:00,0.0065418408116172475
2020-03-12 16:00:00,0.014139601512460073
2020-03-12 17:00:00,0.001782227302990416
2020-03-12 18:00:00,0.006494823045331748
2020-03-12 19:00:00,0.007876011299912873
2020-03-12 20:00:00,0.013395021934296009
2020-03-12 21:00:00,0.0005627062785237101
2020-03-12 22:00:00,0.009213830533432655
2020-03-12 23:00:00,0.005531502751087823
2020-03-13 00:00:00,0.003424063420773646
2020-03-13 01:00:00,0.004264858222746185
2020-03-13 02:00:00,0.013797127633533727
2020-03-13 03:00:00,0.003909388410683191
2020-03-13 04:00:00,0.011534922286057115
2020-03-13 05:00:00,0.00805576808083848
2020-03-13 06:00:00,0.006334923431099071
2020-03-13 07:00:00,0.006536776030686905
2020-03-13 08:00:00,0.005957209455176274
2020-03-13 09:00:00,0.005231785799402354
2020-03-13 10:00:00,0.0062646688573971205
2020-03-13 11:00:00,0.011105138711359692
2020-03-13 12:00:00,0.004601325446698768
2020-03-13 13:00:00,0.011903285784065736
2020-03-13 14:00:00,0.010544774452715499
2020-03-13 15:00:00,0.009848381899099373
2020-03-13 16:00:00,0.01362931079422562
2020-03-13 17:00:00,0.008776244589856257
2020-03-13 18:00:00,0.008844559001253553
2020-03-13 19:00:00,0.006808715581105806
2020-03-13 20:00:00,0.00849973947317299
2020-03-13 21:00:00,0.008672621073536176
2020-03-13 22:00:00,0.00874365118730446
2020-03-13 23:00:00,0.008796802366363429
2020-03-14 00:00:00,0.008843701000146986
2020-03-14 01:00:00,0.0017866947555582819
2020-03-14 02:00:00,0.005980116077063394
2020-03-14 03:00:00,0.0032384271794948143
2020-03-14 04:00:00,0.008767567896003475
2020-03-14 05:00:00,0.02276363897038167
2020-03-14 06:00:00,0.01756290063595153
2020-03-14 07:00:00,0.0013547056196454787
2020-03-14 08:00:00,0.00906465993317718
2020-03-14 09:00:00,0.004594529454144764
2020-03-14 10:00:00,0.00716285600351858
2020-03-14 11:00:00,0.004065985957694785
2020-03-14 12:00:00,0.001905962813465822
2020-03-14 13:00:00,0.008083481732916314
2020-03-14 14:00:00,0.004607641560257938
2020-03-14 15:00:00,0.002434062652616045
2020-03-14 16:00:00,0.0025746781610509824
2020-03-14 17:00:00,0.0037603916249809737
2020-03-14 18:00:00,0.0038512954738716353
2020-03-14 19:00:00,0.006981525917444106
2020-03-14 20:00:00,0.008666680812332244
2020-03-14 21:00:00,0.006116871941665339
2020-03-14 22:00:00,0.0020847969893881594
2020-03-14 23:00:00,0.006453942926494702
2020-03-15 00:00:00,0.003423104556981983
2020-03-15 01:00:00,0.004663905974480523
2020-03-15 02:00:00,0.00698460999296201
2020-03-15 03:00:00,0.006273896067669832
2020-03-15 04:00:00,0.002959071622186539
2020-03-15 05:00:00,0.002199325775085249
2020-03-15 06:00:00,0.005850330907318209
2020-03-15 07:00:00,0.00843309681394792
2020-03-15 08:00:00,0.004035733882568564
2020-03-15 09:00:00,0.003622692764497565
2020-03-15 10:00:00,0.005646975867740988
2020-03-15 11:00:00,0.01660362411167268
2020-03-15 12:00:00,0.008552782023660718
2020-03-15 13:00:00,0.010961791354209157
2020-03-15 14:00:00,0.008007549761779708
2020-03-15 15:00:00,0.004376788928603299
2020-03-15 16:00:00,0.0029440824855897552
2020-03-15 17:00:00,0.013856789698519941
2020-03-15 18:00:00,0.005291244629908345
2020-03-15 19:00:00,0.017074336709263806
2020-03-15 20:00:00,0.008233838586026335
2020-03-15 21:00:00,0.004613082900824747
2020-03-15 22:00:00,0.0017270064333272947
2020-03-15 23:00:00,0.008260573771788004
2020-03-16 00:00:00,0.004705184279415263
2020-03-16 01:00:00,0.00636315840872508
2020-03-16 02:00:00,0.013388895287821055
2020-03-16 03:00:00,0.008395084533696287
2020-03-16 04:00:00,0.0024140797112170097
2020-03-16 05:00:00,0.002472560068586208
2020-03-16 06:00:00,0.007730211559156988
2020-03-16 07:00:00,0.007819779048614976
2020-03-16 08:00:00,0.0034339315789691047
2020-03-16 09:00:00,0.005633172081004202
2020-03-16 10:00:00,0.0063780873469733695
2020-03-16 11:00:00,0.008534132339610218
2020-03-16 12:00:00,0.00841620168421877
2020-03-16 13:00:00,0.02005957728801881
2020-03-16 14:00:00,0.00378897279311442
2020-03-16 15:00:00,0.017811621774920145
2020-03-16 16:00:00,0.004731961224406276
2020-03-16 17:00:00,0.006953015681604203
2020-03-16 18:00:00,0.0040527100552943856
2020-03-16 19:00:00,0.006951866054579346
2020-03-16 20:00:00,0.020770768721372308
2020-03-16 21:00:00,0.0123995466865244
2020-03-16 22:00:00,0.0034797971722958145
2020-03-16 23:00:00,0.0023248613780348227
2020-03-17 00:00:00,0.016279152477315754
2020-03-17 01:00:00,0.0011387139902034344
2020-03-17 02:00:00,0.004802978642250104
2020-03-17 03:00:00,0.008223753053472489
2020-03-17 04:00:00,0.0019640929014664386
2020-03-17 05:00:00,0.004457621350343242
2020-03-17 06:00:00,0.003418827842181866
2020-03-17 07:00:00,0.002889769101502806
2020-03-17 08:00:00,0.01561030160913808
2020-03-17 09:00:00,0.0031529260373919423
2020-03-17 10:00:00,0.0031059910110004746
2020-03-17 11:00:00,0.003579416717982992
2020-03-17 12:00:00,0.008847434405479332
2020-03-17 13:00:00,0.0038390450090704954
2020-03-17 14:00:00,0.0016839822234703558
2020-03-17 15:00:00,0.006525848928727372
2020-03-17 16:00:00,0.004578323448699277
2020-03-17 17:00:00,0.005725398593431938
2020-03-17 18:00:00,0.003490276983588167
2020-03-17 19:00:00,0.014398196294091474
2020-03-17 20:00:00,0.005332613391923377
2020-03-17 21:00:00,0.002113479959546092
2020-03-17 22:00:00,0.010152005754912286
2020-03-17 23:00:00,0.003838164264830659
2020-03-18 00:00:00,0.008855163901784957
2020-03-18 01:00:00,0.00543378897587641
2020-03-18 02:00:00,0.016004443023540937
2020-03-18 03:00:00,0.005652608804518798
2020-03-18 04:00:00,0.004908953120423491
2020-03-18 05:00:00,0.007649794042387827
2020-03-18 06:00:00,0.009989565863508852
2020-03-18 07:00:00,0.0030678364919819404
2020-03-18 08:00:00,0.008392146699783849
2020-03-18 09:00:00,0.00775850475670192
2020-03-18 10:00:00,0.013120276794394549
2020-03-18 11:00:00,0.0039078217569354515
2020-03-18 12:00:00,0.010010244340113812
2020-03-18 13:00:00,0.006336323485828961
2020-03-18 14:00:00,0.006642338033567905
2020-03-18 15:00:00,0.011020359292386631
2020-03-18 16:00:00,0.005416782405942433
2020-03-18 17:00:00,0.006603356771762612
2020-03-18 18:00:00,0.006828875284485165
2020-03-18 19:00:00,0.0069542910615983744
2020-03-18 20:00:00,0.007061806980869201
2020-03-18 21:00:00,0.007162758043738447
2020-03-18 22:00:00,0.004082256314472104
2020-03-18 23:00:00,0.01689130646259202
2020-03-19 00:00:00,0.00768004406273456
2020-03-19 01:00:00,0.0075888152736796844
2020-03-19 02:00:00,0.0033111737413202107
2020-03-19 03:00:00,0.004632533648213451
2020-03-19 04:00:00,0.002194943577485447
2020-03-19 05:00:00,0.006233720492825142
2020-03-19 06:00:00,0.007452802730949229
2020-03-19 07:00:00,0.00505112582665212
2020-03-19 08:00:00,0.01125638580516887
2020-03-19 09:00:00,0.004637084449899181
2020-03-19 10:00:00,0.010343106428960549
2020-03-19 11:00:00,0.008299317604372664
2020-03-19 12:00:00,0.0018353342211460345
2020-03-19 13:00:00,0.006625698111259682
2020-03-19 14:00:00,0.003712424334788792
2020-03-19 15:00:00,0.0023130654458243852
2020-03-19 16:00:00,0.018775689906168548
2020-03-19 17:00:00,0.007168879076635509
2020-03-19 18:00:00,0.002529959090187175
2020-03-19 19:00:00,0.004615392346248267
2020-03-19 20:00:00,0.014240059637132317
2020-03-19 21:00:00,0.0026872734823722502
2020-03-19 22:00:00,0.003847990500885953
2020-03-19 23:00:00,0.004626055648850387
2020-03-20 00:00:00,0.009593146126593491
2020-03-20 01:00:00,0.0037030687555022887
2020-03-20 02:00:00,0.005346148431635505
2020-03-20 03:00:00,0.00305732519291878
2020-03-20 04:00:00,0.0017173022668893914
2020-03-20 05:00:00,0.015837297307547443
2020-03-20 06:00:00,0.004066565320667022
2020-03-20 07:00:00,0.003647483562540132
2020-03-20 08:00:00,0.03182246611005757
2020-03-20 09:00:00,0.0018633197325303111
2020-03-20 10:00:00,0.007462860765225821
2020-03-20 11:00:00,0.00841078980651685
2020-03-20 12:00:00,0.0027301803907279747
2020-03-20 13:00:00,0.0020961724641130643
2020-03-20 14:00:00,0.012164622839913944
2020-03-20 15:00:00,0.013486164583726151
2020-03-20 16:00:00,0.012458621873338446
2020-03-20 17:00:00,0.00392483625074429
2020-03-20 18:00:00,0.015314471293692997
2020-03-20 19:00:00,0.008913248410640487
2020-03-20 20:00:00,0.007314642961554285
2020-03-20 21:00:00,0.004034090426115356
2020-03-20 22:00:00,0.005194577313394741
2020-03-20 23:00:00,0.015605208554254159
2020-03-21 00:00:00,0.005383355257728921
2020-03-21 01:00:00,0.010499069465646473
2020-03-21 02:00:00,0.0032263465187711616
2020-03-21 03:00:00,0.0060399773418164686
2020-03-21 04:00:00,0.006205764830798092
2020-03-21 05:00:00,0.01781045448645067
2020-03-21 06:00:00,0.013718925844996937
2020-03-21 07:00:00,0.002990593571641605
2020-03-21 08:00:00,0.002866135104647259
2020-03-21 09:00:00,0.006553834585762801
2020-03-21 10:00:00,0.006803468884559734
2020-03-21 11:00:00,0.007620440581335191
2020-03-21 12:00:00,0.003492929729227413
2020-03-21 13:00:00,0.006831354678408864
2020-03-21 14:00:00,0.010243126180894353
2020-03-21 15:00:00,0.006386289747136701
2020-03-21 16:00:00,0.010671543577819805
2020-03-21 17:00:00,0.0023129205413319263
2020-03-21 18:00:00,0.005392109184279302
2020-03-21 19:00:00,0.006713080235013641
2020-03-21 20:00:00,0.0077793391758346035
2020-03-21 21:00:00,0.013481891674832696
2020-03-21 22:00:00,0.0034386613214233493
2020-03-21 23:00:00,0.010570734481392766
2020-03-22 00:00:00,0.015293636772167876
2020-03-22 01:00:00,0.0055793267684624785
2020-03-22 02:00:00,0.006906721748023703
2020-03-22 03:00:00,0.006425243017564157
2020-03-22 04:00:00,0.0065831039244949475
2020-03-22 05:00:00,0.003497218095319812
2020-03-22 06:00:00,0.0013793960190721765
2020-03-22 07:00:00,0.017875459481470717
2020-03-22 08:00:00,0.0044732497742707685
2020-03-22 09:00:00,0.012891944036809008
2020-03-22 10:00:00,0.0013250822974714888
2020-03-22 11:00:00,0.0031779449716376747
2020-03-22 12:00:00,0.010418881230351283
2020-03-22 13:00:00,0.007754399122881456
2020-03-22 14:00:00,0.0029061726246740393
2020-03-22 15:00:00,0.003989809682163408
2020-03-22 16:00:00,0.004611750520377141
2020-03-22 17:00:00,0.003836483126496995
2020-03-22 18:00:00,0.00529348536196792
2020-03-22 19:00:00,0.005270064717650119
2020-03-22 20:00:00,0.0031608894462608777
2020-03-22 21:00:00,0.011697456501969345
2020-03-22 22:00:00,0.005554149502209969
2020-03-22 23:00:00,0.009056302996796084
2020-03-23 00:00:00,0.007246803019485336
2020-03-23 01:00:00,0.004632356693448675
2020-03-23 02:00:00,0.007577165385167917
2020-03-23 03:00:00,0.02387447383299435
2020-03-23 04:00:00,0.012191250966720765
2020-03-23 05:00:00,0.0063447880693197805
2020-03-23 06:00:00,0.006995603596188833
2020-03-23 07:00:00,0.006845398351745692
2020-03-23 08:00:00,0.006036029996159967
2020-03-23 09:00:00,0.0022129208443231498
2020-03-23 10:00:00,0.011501683281889299
2020-03-23 11:00:00,0.0031206764792393216
2020-03-23 12:00:00,0.004838333711902767
2020-03-23 13:00:00,0.0025050504401494087
2020-03-23 14:00:00,0.004815400495032046
2020-03-23 15:00:00,0.005107031617592291
2020-03-23 16:00:00,0.005295015033343989
2020-03-23 17:00:00,0.005462175197501034
2020-03-23 18:00:00,0.005620167362019317
2020-03-23 19:00:00,0.004384426315994949
2020-03-23 20:00:00,0.011385166258639296
2020-03-23 21:00:00,0.009451507746557418
2020-03-23 22:00:00,0.005063947674026322
2020-03-23 23:00:00,0.0025311373339168097
2020-03-24 00:00:00,0.013467782975939218
2020-03-24 01:00:00,0.00613648041430077
2020-03-24 02:00:00,0.0029098625885279144
2020-03-24 03:00:00,0.009218811976649225
2020-03-24 04:00:00,0.0029142945992290544
2020-03-24 05:00:00,0.010951163232931674
2020-03-24 06:00:00,0.0022601161221346925
2020-03-24 07:00:00,0.00450754609343395
2020-03-24 08:00:00,0.009715486484744306
2020-03-24 09:00:00,0.005813929493776085
2020-03-24 10:00:00,0.0027360612052062844
2020-03-24 11:00:00,0.0103161817463245
2020-03-24 12:00:00,0.007712854659666134
2020-03-24 13:00:00,0.005095833568339295
2020-03-24 14:00:00,0.005996069753843955
2020-03-24 15:00:00,0.00835241669207951
2020-03-24 16:00:00,0.02299626571790734
2020-03-24 17:00:00,0.011651377433004829
2020-03-24 18:00:00,0.008377180447033908
2020-03-24 19:00:00,0.01272203578955098
2020-03-24 20:00:00,0.005456208457647678
2020-03-24 21:00:00,0.005460470472075381
2020-03-24 22:00:00,0.009383069588116516
2020-03-24 23:00:00,0.010987203664878157
2020-03-25 00:00:00,0.010072050919941894
2020-03-25 01:00:00,0.0035288041611789864
2020-03-25 02:00:00,0.003531802081639183
2020-03-25 03:00:00,0.02569324513394761
2020-03-25 04:00:00,0.00939337482607333
2020-03-25 05:00:00,0.01943249816833903
2020-03-25 06:00:00,0.012583231988286498
2020-03-25 07:00:00,0.017708362946436865
2020-03-25 08:00:00,0.003793116651859544
2020-03-25 09:00:00,0.004151772755783778
2020-03-25 10:00:00,0.002613720218656436
2020-03-25 11:00:00,0.00407372547963595
2020-03-25 12:00:00,0.0043023206690066115
2020-03-25 13:00:00,0.004625145872985329
2020-03-25 14:00:00,0.011753997198387782
2020-03-25 15:00:00,0.006334283871282341
2020-03-25 16:00:00,0.0022183266752668026
2020-03-25 17:00:00,0.004170726335124155
2020-03-25 18:00:00,0.002539714207595145
2020-03-25 19:00:00,0.026889760263503464
2020-03-25 20:00:00,0.005351605818553181
2020-03-25 21:00:00,0.009739543443631635
2020-03-25 22:00:00,0.005818790571151393
2020-03-25 23:00:00,0.01037105292257801
2020-03-26 00:00:00,0.002962919154077762
2020-03-26 01:00:00,0.0030430055490121063
2020-03-26 02:00:00,0.00550975101570796
2020-03-26 03:00:00,0.003872979277478458
2020-03-26 04:00:00,0.006203278299420208
2020-03-26 05:00:00,0.003242222392408729
2020-03-26 06:00:00,0.0034211056294953116
2020-03-26 07:00:00,0.007219123020188662
2020-03-26 08:00:00,0.004926120153553289
2020-03-26 09:00:00,0.005651618558838839
2020-03-26 10:00:00,0.0060810691765140696
2020-03-26 11:00:00,0.003061729132774069
2020-03-26 12:00:00,0.010479023269401021
2020-03-26 13:00:00,0.019631402725892165
2020-03-26 14:00:00,0.004135791910955836
2020-03-26 15:00:00,0.011866350495358046
2020-03-26 16:00:00,0.008369972681997025
2020-03-26 17:00:00,0.003806524968987878
2020-03-26 18:00:00,0.0019273545712955584
2020-03-26 19:00:00,0.0042324769857402
2020-03-26 20:00:00,0.0072511588984454246
2020-03-26 21:00:00,0.022706483742394878
2020-03-26 22:00:00,0.0033529693272904685
2020-03-26 23:00:00,0.011606114347691104
2020-03-27 00:00:00,0.003227063483022567
2020-03-27 01:00:00,0.00972671557455956
2020-03-27 02:00:00,0.006061299808876287
2020-03-27 03:00:00,0.02919438965055212
2020-03-27 04:00:00,0.00916133822335061
2020-03-27 05:00:00,0.004744139896677758
2020-03-27 06:00:00,0.0033347204079832056
2020-03-27 07:00:00,0.0038709916879087107
2020-03-27 08:00:00,0.01015135576555715
2020-03-27 09:00:00,0.011139109413832863
2020-03-27 10:00:00,0.005037378742569146
2020-03-27 11:00:00,0.006626335012309115
2020-03-27 12:00:00,0.0034637745779101683
2020-03-27 13:00:00,0.005515545937439559
2020-03-27 14:00:00,0.0023417073301276554
2020-03-27 15:00:00,0.004866428055604868
2020-03-27 16:00:00,0.006780959743445456
2020-03-27 17:00:00,0.02819210063471635
2020-03-27 18:00:00,0.003957381117376173
2020-03-27 19:00:00,0.005321973278816728
2020-03-27 20:00:00,0.004024397664783022
2020-03-27 21:00:00,0.008615966835154846
2020-03-27 22:00:00,0.004662591668309764
2020-03-27 23:00:00,0.0031044721372584312
2020-03-28 00:00:00,0.003289445057872644
2020-03-28 01:00:00,0.003915939423883548
2020-03-28 02:00:00,0.019879972216023833
2020-03-28 03:00:00,0.026518046383716097
2020-03-28 04:00:00,0.004483802969032311
2020-03-28 05:00:00,0.0075249125647544185
2020-03-28 06:00:00,0.030476208305390946
2020-03-28 07:00:00,0.012313291330734262
2020-03-28 08:00:00,0.006637282491885805
2020-03-28 09:00:00,0.021744752512075423
2020-03-28 10:00:00,0.011566751804248179
2020-03-28 11:00:00,0.003184106732547104
2020-03-28 12:00:00,0.003186391170113407
2020-03-28 13:00:00,0.0032111506279809544
2020-03-28 14:00:00,0.003267302813111037
2020-03-28 15:00:00,0.0033520262939165536
2020-03-28 16:00:00,0.02020550314699433
2020-03-28 17:00:00,0.01707768447420722
2020-03-28 18:00:00,0.006191659026140198
2020-03-28 19:00:00,0.00260243742745948
2020-03-28 20:00:00,0.011006704055655445
2020-03-28 21:00:00,0.03176997559876744
2020-03-28 22:00:00,0.004698430902268411
2020-03-28 23:00:00,0.0067183949677393036
2020-03-29 00:00:00,0.015726084832543105
2020-03-29 01:00:00,0.0031763780189851165
2020-03-29 02:00:00,0.003036475986713311
2020-03-29 03:00:00,0.00675948704513737
2020-03-29 04:00:00,0.005976855594258771
2020-03-29 05:00:00,0.004177812044640569
2020-03-29 06:00:00,0.005430811576409564
2020-03-29 07:00:00,0.007926446748993147
2020-03-29 08:00:00,0.008028600572977777
2020-03-29 09:00:00,0.0036032565445313558
2020-03-29 10:00:00,0.005361170842127248
2020-03-29 11:00:00,0.006685664009731389
2020-03-29 12:00:00,0.00416020697933428
2020-03-29 13:00:00,0.03759122826916463
2020-03-29 14:00:00,0.009748513939715604
2020-03-29 15:00:00,0.015375243147539136
2020-03-29 16:00:00,0.0025515659500481664
2020-03-29 17:00:00,0.026326016792753613
2020-03-29 18:00:00,0.007618828652970893
2020-03-29 19:00:00,0.0036274476040799026
2020-03-29 20:00:00,0.0068285790438529555
2020-03-29 21:00:00,0.006541226511573972
2020-03-29 22:00:00,0.014015495035801686
2020-03-29 23:00:00,0.004989980008867774
2020-03-30 00:00:00,0.02692634074473095
2020-03-30 01:00:00,0.016206753140150628
2020-03-30 02:00:00,0.004650143338167275
2020-03-30 03:00:00,0.011005644716985915
2020-03-30 04:00:00,0.006349284016379006
2020-03-30 05:00:00,0.004315876934668406
2020-03-30 06:00:00,0.00691252788280683
2020-03-30 07:00:00,0.004917467571419304
2020-03-30 08:00:00,0.017519528140608615
2020-03-30 09:00:00,0.0036810374111049147
2020-03-30 10:00:00,0.004203324316438188
2020-03-30 11:00:00,0.01006315084936679
2020-03-30 12:00:00,0.006224180884177221
2020-03-30 13:00:00,0.006034596827694795
2020-03-30 14:00:00,0.008214952269384058
2020-03-30 15:00:00,0.0034608680072935436
2020-03-30 16:00:00,0.006928655763110245
2020-03-30 17:00:00,0.008453012708689131
2020-03-30 18:00:00,0.020207806227078372
2020-03-30 19:00:00,0.0031437151158581716
2020-03-30 20:00:00,0.010715118307812202
2020-03-30 21:00:00,0.002369254614020908
2020-03-30 22:00:00,0.0021862877913229792
2020-03-30 23:00:00,0.0014751150625331383
2020-03-31 00:00:00,0.007052459390595717
2020-03-31 01:00:00,0.004477914555130563
2020-03-31 02:00:00,0.010406106780140728
2020-03-31 03:00:00,0.0023514336728106744
2020-03-31 04:00:00,0.005417791743412927
2020-03-31 05:00:00,0.010066819813945404
2020-03-31 06:00:00,0.0045997302673466125
2020-03-31 07:00:00,0.004070107700434423
2020-03-31 08:00:00,0.006548046643737721
2020-03-31 09:00:00,0.006984761830402685
2020-03-31 10:00:00,0.005521207384067025
2020-03-31 11:00:00,0.011292936942997902
2020-03-31 12:00:00,0.008732940025344159
2020-03-31 13:00:00,0.0027328564836711436
2020-03-31 14:00:00,0.008595762970530826
2020-03-31 15:00:00,0.01835841468856582
2020-03-31 16:00:00,0.01274864123190818
2020-03-31 17:00:00,0.00617561064868044
2020-03-31 18:00:00,0.009287135011472556
2020-03-31 19:00:00,0.002889890329453683
2020-03-31 20:00:00,0.005561780074998153
2020-03-31 21:00:00,0.007176334420114372
2020-03-31 22:00:00,0.0016258919514529552
2020-03-31 23:00:00,0.016042889066257764
2020-04-01 00:00:00,0.0036719986380916473
2020-04-01 01:00:00,0.00630190223734265
2020-04-01 02:00:00,0.01667417525318648
2020-04-01 03:00:00,0.005813378455936664
2020-04-01 04:00:00,0.023327738018572866
2020-04-01 05:00:00,0.009812361022396694
2020-04-01 06:00:00,0.008951685947732761
2020-04-01 07:00:00,0.007976822128018354
2020-04-01 08:00:00,0.02338802980739574
2020-04-01 09:00:00,0.007884337037680968
2020-04-01 10:00:00,0.006116483733869212
2020-04-01 11:00:00,0.009635694777450202
2020-04-01 12:00:00,0.001938569412478349
2020-04-01 13:00:00,0.009077595641923255
2020-04-01 14:00:00,0.011278445666148561
2020-04-01 15:00:00,0.007060713166951155
2020-04-01 16:00:00,0.016861998017536368
2020-04-01 17:00:00,0.003379903501401352
2020-04-01 18:00:00,0.003459780488555874
2020-04-01 19:00:00,0.007861287067488868
2020-04-01 20:00:00,0.011024568242949492
2020-04-01 21:00:00,0.03894180831675762
2020-04-01 22:00:00,0.011807855300597473
2020-04-01 23:00:00,0.011418032203932319
